S,B,layer,kernel,count,mean_us
32,1,conv1_7x7_s2,"void implicit_convolve_sgemm<float, float, 128, 5, 5, 3, 3, 3, 1, false, false, true>(int, int, int, float const*, int, float*, float const*, kernel_conv_params, unsigned long long, int, float, float, int, float const*, float const*, bool, bool, int, int)",1,19.3603515625
32,1,conv2_5x5,"std::enable_if<!(false), void>::type internal::gemvx::kernel<int, int, float2, float2, float2, float2, false, true, true, false, 5, false, cublasGemvParamsEx<int, cublasGemvTensorStridedBatched<float2 const>, cublasGemvTensorStridedBatched<float2 const>, cublasGemvTensorStridedBatched<float2>, float2> >(cublasGemvParamsEx<int, cublasGemvTensorStridedBatched<float2 const>, cublasGemvTensorStridedBatched<float2 const>, cublasGemvTensorStridedBatched<float2>, float2>)",1,11.072265625
32,1,conv2_5x5,"void fft2d_c2r_16x16<float, false>(float*, float2*, int, int, int, int, int, int, int, int, int, int, float, float, int, cudnnActivationStruct, float*, float*)",1,7.935546875
32,1,conv2_5x5,"void fft2d_r2c_16x16<float>(float2*, float const*, int, int, int, int, int, int, int, int)",3,15.136067708333334
32,1,conv2_5x5,"void flip_filter<float, float>(float*, float const*, int, int, int, int)",1,8.2880859375
32,1,conv3_3x3_s2,"void implicit_convolve_sgemm<float, float, 128, 5, 5, 3, 3, 3, 1, false, false, true>(int, int, int, float const*, int, float*, float const*, kernel_conv_params, unsigned long long, int, float, float, int, float const*, float const*, bool, bool, int, int)",1,57.34375
32,1,conv4_1x1,volta_sgemm_32x32_sliced1x4_nn,1,11.19921875
32,1,conv5_3x3_s2,"void implicit_convolve_sgemm<float, float, 128, 5, 5, 3, 3, 3, 1, false, false, true>(int, int, int, float const*, int, float*, float const*, kernel_conv_params, unsigned long long, int, float, float, int, float const*, float const*, bool, bool, int, int)",1,219.8056640625
32,1,conv6_1x1,volta_sgemm_32x32_sliced1x4_nn,1,17.15234375
32,1,fc1,"std::enable_if<!(false), void>::type internal::gemvx::kernel<int, int, float, float, float, float, false, true, true, false, 7, false, cublasGemvParamsEx<int, cublasGemvTensorStridedBatched<float const>, cublasGemvTensorStridedBatched<float const>, cublasGemvTensorStridedBatched<float>, float> >(cublasGemvParamsEx<int, cublasGemvTensorStridedBatched<float const>, cublasGemvTensorStridedBatched<float const>, cublasGemvTensorStridedBatched<float>, float>)",1,6.49609375
32,1,fc2,"std::enable_if<!(false), void>::type internal::gemvx::kernel<int, int, float, float, float, float, false, true, true, false, 7, false, cublasGemvParamsEx<int, cublasGemvTensorStridedBatched<float const>, cublasGemvTensorStridedBatched<float const>, cublasGemvTensorStridedBatched<float>, float> >(cublasGemvParamsEx<int, cublasGemvTensorStridedBatched<float const>, cublasGemvTensorStridedBatched<float const>, cublasGemvTensorStridedBatched<float>, float>)",1,5.568359375
32,1,gap,"void at::native::reduce_kernel<512, 1, at::native::ReduceOp<float, at::native::MeanOps<float, float, float, float>, unsigned int, float, 4, 4> >(at::native::ReduceOp<float, at::native::MeanOps<float, float, float, float>, unsigned int, float, 4, 4>)",1,7.5517578125
32,1,maxpool1,"void at::native::(anonymous namespace)::max_pool_forward_nchw<float, int>(int, float const*, long, long, long, int, int, int, int, int, int, int, int, int, int, float*, long*)",1,4.9599609375
32,1,relu1,"void at::native::vectorized_elementwise_kernel<4, at::native::(anonymous namespace)::launch_clamp_scalar(at::TensorIteratorBase&, c10::Scalar, c10::Scalar, at::native::detail::ClampLimits)::{lambda()#1}::operator()() const::{lambda()#7}::operator()() const::{lambda(float)#1}, std::array<char*, 2ul> >(int, at::native::(anonymous namespace)::launch_clamp_scalar(at::TensorIteratorBase&, c10::Scalar, c10::Scalar, at::native::detail::ClampLimits)::{lambda()#1}::operator()() const::{lambda()#7}::operator()() const::{lambda(float)#1}, std::array<char*, 2ul>)",1,2.81640625
32,1,relu2,"void at::native::vectorized_elementwise_kernel<4, at::native::(anonymous namespace)::launch_clamp_scalar(at::TensorIteratorBase&, c10::Scalar, c10::Scalar, at::native::detail::ClampLimits)::{lambda()#1}::operator()() const::{lambda()#7}::operator()() const::{lambda(float)#1}, std::array<char*, 2ul> >(int, at::native::(anonymous namespace)::launch_clamp_scalar(at::TensorIteratorBase&, c10::Scalar, c10::Scalar, at::native::detail::ClampLimits)::{lambda()#1}::operator()() const::{lambda()#7}::operator()() const::{lambda(float)#1}, std::array<char*, 2ul>)",1,2.431640625
32,1,relu3,"void at::native::vectorized_elementwise_kernel<4, at::native::(anonymous namespace)::launch_clamp_scalar(at::TensorIteratorBase&, c10::Scalar, c10::Scalar, at::native::detail::ClampLimits)::{lambda()#1}::operator()() const::{lambda()#7}::operator()() const::{lambda(float)#1}, std::array<char*, 2ul> >(int, at::native::(anonymous namespace)::launch_clamp_scalar(at::TensorIteratorBase&, c10::Scalar, c10::Scalar, at::native::detail::ClampLimits)::{lambda()#1}::operator()() const::{lambda()#7}::operator()() const::{lambda(float)#1}, std::array<char*, 2ul>)",1,2.3681640625
32,1,relu4,"void at::native::vectorized_elementwise_kernel<4, at::native::(anonymous namespace)::launch_clamp_scalar(at::TensorIteratorBase&, c10::Scalar, c10::Scalar, at::native::detail::ClampLimits)::{lambda()#1}::operator()() const::{lambda()#7}::operator()() const::{lambda(float)#1}, std::array<char*, 2ul> >(int, at::native::(anonymous namespace)::launch_clamp_scalar(at::TensorIteratorBase&, c10::Scalar, c10::Scalar, at::native::detail::ClampLimits)::{lambda()#1}::operator()() const::{lambda()#7}::operator()() const::{lambda(float)#1}, std::array<char*, 2ul>)",1,2.400390625
32,1,relu5,"void at::native::vectorized_elementwise_kernel<4, at::native::(anonymous namespace)::launch_clamp_scalar(at::TensorIteratorBase&, c10::Scalar, c10::Scalar, at::native::detail::ClampLimits)::{lambda()#1}::operator()() const::{lambda()#7}::operator()() const::{lambda(float)#1}, std::array<char*, 2ul> >(int, at::native::(anonymous namespace)::launch_clamp_scalar(at::TensorIteratorBase&, c10::Scalar, c10::Scalar, at::native::detail::ClampLimits)::{lambda()#1}::operator()() const::{lambda()#7}::operator()() const::{lambda(float)#1}, std::array<char*, 2ul>)",1,2.400390625
32,1,relu6,"void at::native::vectorized_elementwise_kernel<4, at::native::(anonymous namespace)::launch_clamp_scalar(at::TensorIteratorBase&, c10::Scalar, c10::Scalar, at::native::detail::ClampLimits)::{lambda()#1}::operator()() const::{lambda()#7}::operator()() const::{lambda(float)#1}, std::array<char*, 2ul> >(int, at::native::(anonymous namespace)::launch_clamp_scalar(at::TensorIteratorBase&, c10::Scalar, c10::Scalar, at::native::detail::ClampLimits)::{lambda()#1}::operator()() const::{lambda()#7}::operator()() const::{lambda(float)#1}, std::array<char*, 2ul>)",1,2.431640625
32,1,relu7,"void at::native::vectorized_elementwise_kernel<4, at::native::(anonymous namespace)::launch_clamp_scalar(at::TensorIteratorBase&, c10::Scalar, c10::Scalar, at::native::detail::ClampLimits)::{lambda()#1}::operator()() const::{lambda()#7}::operator()() const::{lambda(float)#1}, std::array<char*, 2ul> >(int, at::native::(anonymous namespace)::launch_clamp_scalar(at::TensorIteratorBase&, c10::Scalar, c10::Scalar, at::native::detail::ClampLimits)::{lambda()#1}::operator()() const::{lambda()#7}::operator()() const::{lambda(float)#1}, std::array<char*, 2ul>)",1,2.5595703125
32,2,conv1_7x7_s2,"void implicit_convolve_sgemm<float, float, 1024, 5, 5, 3, 3, 3, 1, false, false, true>(int, int, int, float const*, int, float*, float const*, kernel_conv_params, unsigned long long, int, float, float, int, float const*, float const*, bool, bool, int, int)",1,19.423828125
32,2,conv2_5x5,"void fft2d_c2r_16x16<float, false>(float*, float2*, int, int, int, int, int, int, int, int, int, int, float, float, int, cudnnActivationStruct, float*, float*)",1,7.904296875
32,2,conv2_5x5,"void fft2d_r2c_16x16<float>(float2*, float const*, int, int, int, int, int, int, int, int)",3,17.194661458333332
32,2,conv2_5x5,"void flip_filter<float, float>(float*, float const*, int, int, int, int)",1,8.2236328125
32,2,conv2_5x5,volta_gcgemm_64x32_tn,1,30.623046875
32,2,conv3_3x3_s2,"void implicit_convolve_sgemm<float, float, 128, 5, 5, 3, 3, 3, 1, false, false, true>(int, int, int, float const*, int, float*, float const*, kernel_conv_params, unsigned long long, int, float, float, int, float const*, float const*, bool, bool, int, int)",1,57.9521484375
32,2,conv4_1x1,"void cudnn::cnn::kern_precompute_indices<false>(int*, int, int, int, int, int)",1,2.1435546875
32,2,conv4_1x1,"void precomputed_convolve_sgemm<float, 1024, 5, 5, 4, 3, 3, 1, false>(int, int, int, float const*, int, float*, float const*, kernel_conv_params, unsigned long long, int, float, float, int, bool, bool, float const*, float const*, int*)",1,14.81640625
32,2,conv5_3x3_s2,"void implicit_convolve_sgemm<float, float, 128, 5, 5, 3, 3, 3, 1, false, false, true>(int, int, int, float const*, int, float*, float const*, kernel_conv_params, unsigned long long, int, float, float, int, float const*, float const*, bool, bool, int, int)",1,219.9677734375
32,2,conv6_1x1,"void cudnn::cnn::kern_precompute_indices<false>(int*, int, int, int, int, int)",1,2.3037109375
32,2,conv6_1x1,"void precomputed_convolve_sgemm<float, 1024, 5, 5, 4, 3, 3, 1, false>(int, int, int, float const*, int, float*, float const*, kernel_conv_params, unsigned long long, int, float, float, int, bool, bool, float const*, float const*, int*)",1,26.6884765625
32,2,fc1,"void gemmSN_TN_kernel<float, 128, 16, 2, 4, 2, 2, true, cublasGemvTensorStridedBatched<float const>, cublasGemvTensorStridedBatched<float const>, cublasGemvTensorStridedBatched<float> >(cublasGemmSmallNParams<cublasGemvTensorStridedBatched<float const>, cublasGemvTensorStridedBatched<float const>, cublasGemvTensorStridedBatched<float>, float>)",1,8.927734375
32,2,fc2,"void gemmSN_TN_kernel<float, 128, 16, 2, 4, 2, 2, true, cublasGemvTensorStridedBatched<float const>, cublasGemvTensorStridedBatched<float const>, cublasGemvTensorStridedBatched<float> >(cublasGemmSmallNParams<cublasGemvTensorStridedBatched<float const>, cublasGemvTensorStridedBatched<float const>, cublasGemvTensorStridedBatched<float>, float>)",1,4.9599609375
32,2,gap,"void at::native::reduce_kernel<512, 1, at::native::ReduceOp<float, at::native::MeanOps<float, float, float, float>, unsigned int, float, 4, 4> >(at::native::ReduceOp<float, at::native::MeanOps<float, float, float, float>, unsigned int, float, 4, 4>)",1,7.6796875
32,2,maxpool1,"void at::native::(anonymous namespace)::max_pool_forward_nchw<float, int>(int, float const*, long, long, long, int, int, int, int, int, int, int, int, int, int, float*, long*)",1,4.927734375
32,2,relu1,"void at::native::vectorized_elementwise_kernel<4, at::native::(anonymous namespace)::launch_clamp_scalar(at::TensorIteratorBase&, c10::Scalar, c10::Scalar, at::native::detail::ClampLimits)::{lambda()#1}::operator()() const::{lambda()#7}::operator()() const::{lambda(float)#1}, std::array<char*, 2ul> >(int, at::native::(anonymous namespace)::launch_clamp_scalar(at::TensorIteratorBase&, c10::Scalar, c10::Scalar, at::native::detail::ClampLimits)::{lambda()#1}::operator()() const::{lambda()#7}::operator()() const::{lambda(float)#1}, std::array<char*, 2ul>)",1,2.6884765625
32,2,relu2,"void at::native::vectorized_elementwise_kernel<4, at::native::(anonymous namespace)::launch_clamp_scalar(at::TensorIteratorBase&, c10::Scalar, c10::Scalar, at::native::detail::ClampLimits)::{lambda()#1}::operator()() const::{lambda()#7}::operator()() const::{lambda(float)#1}, std::array<char*, 2ul> >(int, at::native::(anonymous namespace)::launch_clamp_scalar(at::TensorIteratorBase&, c10::Scalar, c10::Scalar, at::native::detail::ClampLimits)::{lambda()#1}::operator()() const::{lambda()#7}::operator()() const::{lambda(float)#1}, std::array<char*, 2ul>)",1,2.4638671875
32,2,relu3,"void at::native::vectorized_elementwise_kernel<4, at::native::(anonymous namespace)::launch_clamp_scalar(at::TensorIteratorBase&, c10::Scalar, c10::Scalar, at::native::detail::ClampLimits)::{lambda()#1}::operator()() const::{lambda()#7}::operator()() const::{lambda(float)#1}, std::array<char*, 2ul> >(int, at::native::(anonymous namespace)::launch_clamp_scalar(at::TensorIteratorBase&, c10::Scalar, c10::Scalar, at::native::detail::ClampLimits)::{lambda()#1}::operator()() const::{lambda()#7}::operator()() const::{lambda(float)#1}, std::array<char*, 2ul>)",1,2.400390625
32,2,relu4,"void at::native::vectorized_elementwise_kernel<4, at::native::(anonymous namespace)::launch_clamp_scalar(at::TensorIteratorBase&, c10::Scalar, c10::Scalar, at::native::detail::ClampLimits)::{lambda()#1}::operator()() const::{lambda()#7}::operator()() const::{lambda(float)#1}, std::array<char*, 2ul> >(int, at::native::(anonymous namespace)::launch_clamp_scalar(at::TensorIteratorBase&, c10::Scalar, c10::Scalar, at::native::detail::ClampLimits)::{lambda()#1}::operator()() const::{lambda()#7}::operator()() const::{lambda(float)#1}, std::array<char*, 2ul>)",1,2.4638671875
32,2,relu5,"void at::native::vectorized_elementwise_kernel<4, at::native::(anonymous namespace)::launch_clamp_scalar(at::TensorIteratorBase&, c10::Scalar, c10::Scalar, at::native::detail::ClampLimits)::{lambda()#1}::operator()() const::{lambda()#7}::operator()() const::{lambda(float)#1}, std::array<char*, 2ul> >(int, at::native::(anonymous namespace)::launch_clamp_scalar(at::TensorIteratorBase&, c10::Scalar, c10::Scalar, at::native::detail::ClampLimits)::{lambda()#1}::operator()() const::{lambda()#7}::operator()() const::{lambda(float)#1}, std::array<char*, 2ul>)",1,2.400390625
32,2,relu6,"void at::native::vectorized_elementwise_kernel<4, at::native::(anonymous namespace)::launch_clamp_scalar(at::TensorIteratorBase&, c10::Scalar, c10::Scalar, at::native::detail::ClampLimits)::{lambda()#1}::operator()() const::{lambda()#7}::operator()() const::{lambda(float)#1}, std::array<char*, 2ul> >(int, at::native::(anonymous namespace)::launch_clamp_scalar(at::TensorIteratorBase&, c10::Scalar, c10::Scalar, at::native::detail::ClampLimits)::{lambda()#1}::operator()() const::{lambda()#7}::operator()() const::{lambda(float)#1}, std::array<char*, 2ul>)",1,2.462890625
32,2,relu7,"void at::native::vectorized_elementwise_kernel<4, at::native::(anonymous namespace)::launch_clamp_scalar(at::TensorIteratorBase&, c10::Scalar, c10::Scalar, at::native::detail::ClampLimits)::{lambda()#1}::operator()() const::{lambda()#7}::operator()() const::{lambda(float)#1}, std::array<char*, 2ul> >(int, at::native::(anonymous namespace)::launch_clamp_scalar(at::TensorIteratorBase&, c10::Scalar, c10::Scalar, at::native::detail::ClampLimits)::{lambda()#1}::operator()() const::{lambda()#7}::operator()() const::{lambda(float)#1}, std::array<char*, 2ul>)",1,2.7197265625
32,4,conv1_7x7_s2,"void implicit_convolve_sgemm<float, float, 1024, 5, 5, 3, 3, 3, 1, false, false, true>(int, int, int, float const*, int, float*, float const*, kernel_conv_params, unsigned long long, int, float, float, int, float const*, float const*, bool, bool, int, int)",1,19.48828125
32,4,conv2_5x5,"void fft2d_c2r_16x16<float, false>(float*, float2*, int, int, int, int, int, int, int, int, int, int, float, float, int, cudnnActivationStruct, float*, float*)",1,7.8720703125
32,4,conv2_5x5,"void fft2d_r2c_16x16<float>(float2*, float const*, int, int, int, int, int, int, int, int)",3,16.661458333333332
32,4,conv2_5x5,"void flip_filter<float, float>(float*, float const*, int, int, int, int)",1,8.1923828125
32,4,conv2_5x5,volta_gcgemm_64x32_tn,1,30.529296875
32,4,conv3_3x3_s2,"void implicit_convolve_sgemm<float, float, 128, 5, 5, 3, 3, 3, 1, false, false, true>(int, int, int, float const*, int, float*, float const*, kernel_conv_params, unsigned long long, int, float, float, int, float const*, float const*, bool, bool, int, int)",1,57.4404296875
32,4,conv4_1x1,"void cudnn::cnn::kern_precompute_indices<false>(int*, int, int, int, int, int)",1,2.1435546875
32,4,conv4_1x1,"void precomputed_convolve_sgemm<float, 1024, 5, 5, 4, 3, 3, 1, false>(int, int, int, float const*, int, float*, float const*, kernel_conv_params, unsigned long long, int, float, float, int, bool, bool, float const*, float const*, int*)",1,14.9443359375
32,4,conv5_3x3_s2,"void implicit_convolve_sgemm<float, float, 128, 5, 5, 3, 3, 3, 1, false, false, true>(int, int, int, float const*, int, float*, float const*, kernel_conv_params, unsigned long long, int, float, float, int, float const*, float const*, bool, bool, int, int)",1,221.599609375
32,4,conv6_1x1,"void cudnn::cnn::kern_precompute_indices<false>(int*, int, int, int, int, int)",1,2.3359375
32,4,conv6_1x1,"void precomputed_convolve_sgemm<float, 1024, 5, 5, 4, 3, 3, 1, false>(int, int, int, float const*, int, float*, float const*, kernel_conv_params, unsigned long long, int, float, float, int, bool, bool, float const*, float const*, int*)",1,26.8798828125
32,4,fc1,"void gemmSN_TN_kernel<float, 128, 16, 2, 4, 4, 4, true, cublasGemvTensorStridedBatched<float const>, cublasGemvTensorStridedBatched<float const>, cublasGemvTensorStridedBatched<float> >(cublasGemmSmallNParams<cublasGemvTensorStridedBatched<float const>, cublasGemvTensorStridedBatched<float const>, cublasGemvTensorStridedBatched<float>, float>)",1,9.3759765625
32,4,fc2,"void gemmSN_TN_kernel<float, 128, 16, 2, 4, 4, 4, true, cublasGemvTensorStridedBatched<float const>, cublasGemvTensorStridedBatched<float const>, cublasGemvTensorStridedBatched<float> >(cublasGemmSmallNParams<cublasGemvTensorStridedBatched<float const>, cublasGemvTensorStridedBatched<float const>, cublasGemvTensorStridedBatched<float>, float>)",1,5.18359375
32,4,gap,"void at::native::reduce_kernel<512, 1, at::native::ReduceOp<float, at::native::MeanOps<float, float, float, float>, unsigned int, float, 4, 4> >(at::native::ReduceOp<float, at::native::MeanOps<float, float, float, float>, unsigned int, float, 4, 4>)",1,7.6484375
32,4,maxpool1,"void at::native::(anonymous namespace)::max_pool_forward_nchw<float, int>(int, float const*, long, long, long, int, int, int, int, int, int, int, int, int, int, float*, long*)",1,5.087890625
32,4,relu1,"void at::native::vectorized_elementwise_kernel<4, at::native::(anonymous namespace)::launch_clamp_scalar(at::TensorIteratorBase&, c10::Scalar, c10::Scalar, at::native::detail::ClampLimits)::{lambda()#1}::operator()() const::{lambda()#7}::operator()() const::{lambda(float)#1}, std::array<char*, 2ul> >(int, at::native::(anonymous namespace)::launch_clamp_scalar(at::TensorIteratorBase&, c10::Scalar, c10::Scalar, at::native::detail::ClampLimits)::{lambda()#1}::operator()() const::{lambda()#7}::operator()() const::{lambda(float)#1}, std::array<char*, 2ul>)",1,2.751953125
32,4,relu2,"void at::native::vectorized_elementwise_kernel<4, at::native::(anonymous namespace)::launch_clamp_scalar(at::TensorIteratorBase&, c10::Scalar, c10::Scalar, at::native::detail::ClampLimits)::{lambda()#1}::operator()() const::{lambda()#7}::operator()() const::{lambda(float)#1}, std::array<char*, 2ul> >(int, at::native::(anonymous namespace)::launch_clamp_scalar(at::TensorIteratorBase&, c10::Scalar, c10::Scalar, at::native::detail::ClampLimits)::{lambda()#1}::operator()() const::{lambda()#7}::operator()() const::{lambda(float)#1}, std::array<char*, 2ul>)",1,2.5595703125
32,4,relu3,"void at::native::vectorized_elementwise_kernel<4, at::native::(anonymous namespace)::launch_clamp_scalar(at::TensorIteratorBase&, c10::Scalar, c10::Scalar, at::native::detail::ClampLimits)::{lambda()#1}::operator()() const::{lambda()#7}::operator()() const::{lambda(float)#1}, std::array<char*, 2ul> >(int, at::native::(anonymous namespace)::launch_clamp_scalar(at::TensorIteratorBase&, c10::Scalar, c10::Scalar, at::native::detail::ClampLimits)::{lambda()#1}::operator()() const::{lambda()#7}::operator()() const::{lambda(float)#1}, std::array<char*, 2ul>)",1,2.431640625
32,4,relu4,"void at::native::vectorized_elementwise_kernel<4, at::native::(anonymous namespace)::launch_clamp_scalar(at::TensorIteratorBase&, c10::Scalar, c10::Scalar, at::native::detail::ClampLimits)::{lambda()#1}::operator()() const::{lambda()#7}::operator()() const::{lambda(float)#1}, std::array<char*, 2ul> >(int, at::native::(anonymous namespace)::launch_clamp_scalar(at::TensorIteratorBase&, c10::Scalar, c10::Scalar, at::native::detail::ClampLimits)::{lambda()#1}::operator()() const::{lambda()#7}::operator()() const::{lambda(float)#1}, std::array<char*, 2ul>)",1,2.5595703125
32,4,relu5,"void at::native::vectorized_elementwise_kernel<4, at::native::(anonymous namespace)::launch_clamp_scalar(at::TensorIteratorBase&, c10::Scalar, c10::Scalar, at::native::detail::ClampLimits)::{lambda()#1}::operator()() const::{lambda()#7}::operator()() const::{lambda(float)#1}, std::array<char*, 2ul> >(int, at::native::(anonymous namespace)::launch_clamp_scalar(at::TensorIteratorBase&, c10::Scalar, c10::Scalar, at::native::detail::ClampLimits)::{lambda()#1}::operator()() const::{lambda()#7}::operator()() const::{lambda(float)#1}, std::array<char*, 2ul>)",1,2.431640625
32,4,relu6,"void at::native::vectorized_elementwise_kernel<4, at::native::(anonymous namespace)::launch_clamp_scalar(at::TensorIteratorBase&, c10::Scalar, c10::Scalar, at::native::detail::ClampLimits)::{lambda()#1}::operator()() const::{lambda()#7}::operator()() const::{lambda(float)#1}, std::array<char*, 2ul> >(int, at::native::(anonymous namespace)::launch_clamp_scalar(at::TensorIteratorBase&, c10::Scalar, c10::Scalar, at::native::detail::ClampLimits)::{lambda()#1}::operator()() const::{lambda()#7}::operator()() const::{lambda(float)#1}, std::array<char*, 2ul>)",1,2.431640625
32,4,relu7,"void at::native::vectorized_elementwise_kernel<4, at::native::(anonymous namespace)::launch_clamp_scalar(at::TensorIteratorBase&, c10::Scalar, c10::Scalar, at::native::detail::ClampLimits)::{lambda()#1}::operator()() const::{lambda()#7}::operator()() const::{lambda(float)#1}, std::array<char*, 2ul> >(int, at::native::(anonymous namespace)::launch_clamp_scalar(at::TensorIteratorBase&, c10::Scalar, c10::Scalar, at::native::detail::ClampLimits)::{lambda()#1}::operator()() const::{lambda()#7}::operator()() const::{lambda(float)#1}, std::array<char*, 2ul>)",1,2.400390625
32,8,conv1_7x7_s2,_5x_cudnn_volta_scudnn_128x32_relu_medium_nn_v1,1,39.359375
32,8,conv1_7x7_s2,"void cask__5x_cudnn::computeOffsetsKernel<false, false>(cask__5x_cudnn::ComputeOffsetsParams)",1,2.591796875
32,8,conv2_5x5,"void fft2d_c2r_16x16<float, false>(float*, float2*, int, int, int, int, int, int, int, int, int, int, float, float, int, cudnnActivationStruct, float*, float*)",1,10.2080078125
32,8,conv2_5x5,"void fft2d_r2c_16x16<float>(float2*, float const*, int, int, int, int, int, int, int, int)",3,15.637044270833334
32,8,conv2_5x5,"void flip_filter<float, float>(float*, float const*, int, int, int, int)",1,7.6162109375
32,8,conv2_5x5,volta_gcgemm_64x32_tn,1,27.744140625
32,8,conv3_3x3_s2,"void implicit_convolve_sgemm<float, float, 128, 5, 5, 3, 3, 3, 1, false, false, true>(int, int, int, float const*, int, float*, float const*, kernel_conv_params, unsigned long long, int, float, float, int, float const*, float const*, bool, bool, int, int)",1,52.1279296875
32,8,conv4_1x1,"void cudnn::cnn::kern_precompute_indices<false>(int*, int, int, int, int, int)",1,1.9521484375
32,8,conv4_1x1,"void precomputed_convolve_sgemm<float, 1024, 5, 5, 4, 3, 3, 1, false>(int, int, int, float const*, int, float*, float const*, kernel_conv_params, unsigned long long, int, float, float, int, bool, bool, float const*, float const*, int*)",1,14.3037109375
32,8,conv5_3x3_s2,"void implicit_convolve_sgemm<float, float, 128, 5, 5, 3, 3, 3, 1, false, false, true>(int, int, int, float const*, int, float*, float const*, kernel_conv_params, unsigned long long, int, float, float, int, float const*, float const*, bool, bool, int, int)",1,203.421875
32,8,conv6_1x1,"void cudnn::cnn::kern_precompute_indices<false>(int*, int, int, int, int, int)",1,2.080078125
32,8,conv6_1x1,"void precomputed_convolve_sgemm<float, 1024, 5, 5, 4, 3, 3, 1, false>(int, int, int, float const*, int, float*, float const*, kernel_conv_params, unsigned long long, int, float, float, int, bool, bool, float const*, float const*, int*)",1,24.8642578125
32,8,fc1,"void gemmSN_TN_kernel<float, 128, 16, 2, 4, 8, 9, false, cublasGemvTensorStridedBatched<float const>, cublasGemvTensorStridedBatched<float const>, cublasGemvTensorStridedBatched<float> >(cublasGemmSmallNParams<cublasGemvTensorStridedBatched<float const>, cublasGemvTensorStridedBatched<float const>, cublasGemvTensorStridedBatched<float>, float>)",1,11.7763671875
32,8,fc2,"void gemmSN_TN_kernel<float, 128, 16, 2, 4, 8, 9, false, cublasGemvTensorStridedBatched<float const>, cublasGemvTensorStridedBatched<float const>, cublasGemvTensorStridedBatched<float> >(cublasGemmSmallNParams<cublasGemvTensorStridedBatched<float const>, cublasGemvTensorStridedBatched<float const>, cublasGemvTensorStridedBatched<float>, float>)",1,6.431640625
32,8,gap,"void at::native::reduce_kernel<512, 1, at::native::ReduceOp<float, at::native::MeanOps<float, float, float, float>, unsigned int, float, 4, 4> >(at::native::ReduceOp<float, at::native::MeanOps<float, float, float, float>, unsigned int, float, 4, 4>)",1,7.0400390625
32,8,maxpool1,"void at::native::(anonymous namespace)::max_pool_forward_nchw<float, int>(int, float const*, long, long, long, int, int, int, int, int, int, int, int, int, int, float*, long*)",1,5.1826171875
32,8,relu1,"void at::native::vectorized_elementwise_kernel<4, at::native::(anonymous namespace)::launch_clamp_scalar(at::TensorIteratorBase&, c10::Scalar, c10::Scalar, at::native::detail::ClampLimits)::{lambda()#1}::operator()() const::{lambda()#7}::operator()() const::{lambda(float)#1}, std::array<char*, 2ul> >(int, at::native::(anonymous namespace)::launch_clamp_scalar(at::TensorIteratorBase&, c10::Scalar, c10::Scalar, at::native::detail::ClampLimits)::{lambda()#1}::operator()() const::{lambda()#7}::operator()() const::{lambda(float)#1}, std::array<char*, 2ul>)",1,2.6884765625
32,8,relu2,"void at::native::vectorized_elementwise_kernel<4, at::native::(anonymous namespace)::launch_clamp_scalar(at::TensorIteratorBase&, c10::Scalar, c10::Scalar, at::native::detail::ClampLimits)::{lambda()#1}::operator()() const::{lambda()#7}::operator()() const::{lambda(float)#1}, std::array<char*, 2ul> >(int, at::native::(anonymous namespace)::launch_clamp_scalar(at::TensorIteratorBase&, c10::Scalar, c10::Scalar, at::native::detail::ClampLimits)::{lambda()#1}::operator()() const::{lambda()#7}::operator()() const::{lambda(float)#1}, std::array<char*, 2ul>)",1,2.3681640625
32,8,relu3,"void at::native::vectorized_elementwise_kernel<4, at::native::(anonymous namespace)::launch_clamp_scalar(at::TensorIteratorBase&, c10::Scalar, c10::Scalar, at::native::detail::ClampLimits)::{lambda()#1}::operator()() const::{lambda()#7}::operator()() const::{lambda(float)#1}, std::array<char*, 2ul> >(int, at::native::(anonymous namespace)::launch_clamp_scalar(at::TensorIteratorBase&, c10::Scalar, c10::Scalar, at::native::detail::ClampLimits)::{lambda()#1}::operator()() const::{lambda()#7}::operator()() const::{lambda(float)#1}, std::array<char*, 2ul>)",1,2.240234375
32,8,relu4,"void at::native::vectorized_elementwise_kernel<4, at::native::(anonymous namespace)::launch_clamp_scalar(at::TensorIteratorBase&, c10::Scalar, c10::Scalar, at::native::detail::ClampLimits)::{lambda()#1}::operator()() const::{lambda()#7}::operator()() const::{lambda(float)#1}, std::array<char*, 2ul> >(int, at::native::(anonymous namespace)::launch_clamp_scalar(at::TensorIteratorBase&, c10::Scalar, c10::Scalar, at::native::detail::ClampLimits)::{lambda()#1}::operator()() const::{lambda()#7}::operator()() const::{lambda(float)#1}, std::array<char*, 2ul>)",1,2.400390625
32,8,relu5,"void at::native::vectorized_elementwise_kernel<4, at::native::(anonymous namespace)::launch_clamp_scalar(at::TensorIteratorBase&, c10::Scalar, c10::Scalar, at::native::detail::ClampLimits)::{lambda()#1}::operator()() const::{lambda()#7}::operator()() const::{lambda(float)#1}, std::array<char*, 2ul> >(int, at::native::(anonymous namespace)::launch_clamp_scalar(at::TensorIteratorBase&, c10::Scalar, c10::Scalar, at::native::detail::ClampLimits)::{lambda()#1}::operator()() const::{lambda()#7}::operator()() const::{lambda(float)#1}, std::array<char*, 2ul>)",1,2.17578125
32,8,relu6,"void at::native::vectorized_elementwise_kernel<4, at::native::(anonymous namespace)::launch_clamp_scalar(at::TensorIteratorBase&, c10::Scalar, c10::Scalar, at::native::detail::ClampLimits)::{lambda()#1}::operator()() const::{lambda()#7}::operator()() const::{lambda(float)#1}, std::array<char*, 2ul> >(int, at::native::(anonymous namespace)::launch_clamp_scalar(at::TensorIteratorBase&, c10::Scalar, c10::Scalar, at::native::detail::ClampLimits)::{lambda()#1}::operator()() const::{lambda()#7}::operator()() const::{lambda(float)#1}, std::array<char*, 2ul>)",1,2.2080078125
32,8,relu7,"void at::native::vectorized_elementwise_kernel<4, at::native::(anonymous namespace)::launch_clamp_scalar(at::TensorIteratorBase&, c10::Scalar, c10::Scalar, at::native::detail::ClampLimits)::{lambda()#1}::operator()() const::{lambda()#7}::operator()() const::{lambda(float)#1}, std::array<char*, 2ul> >(int, at::native::(anonymous namespace)::launch_clamp_scalar(at::TensorIteratorBase&, c10::Scalar, c10::Scalar, at::native::detail::ClampLimits)::{lambda()#1}::operator()() const::{lambda()#7}::operator()() const::{lambda(float)#1}, std::array<char*, 2ul>)",1,2.240234375
32,16,conv1_7x7_s2,_5x_cudnn_volta_scudnn_128x32_relu_medium_nn_v1,1,34.17578125
32,16,conv1_7x7_s2,"void cask__5x_cudnn::computeOffsetsKernel<false, false>(cask__5x_cudnn::ComputeOffsetsParams)",1,2.3359375
32,16,conv2_5x5,_5x_cudnn_volta_scudnn_128x64_relu_small_nn_v1,1,110.0146484375
32,16,conv2_5x5,"void cask__5x_cudnn::computeOffsetsKernel<false, false>(cask__5x_cudnn::ComputeOffsetsParams)",1,1.9521484375
32,16,conv3_3x3_s2,"void implicit_convolve_sgemm<float, float, 128, 5, 5, 3, 3, 3, 1, false, false, true>(int, int, int, float const*, int, float*, float const*, kernel_conv_params, unsigned long long, int, float, float, int, float const*, float const*, bool, bool, int, int)",1,44.3505859375
32,16,conv4_1x1,"void implicit_convolve_sgemm<float, float, 1024, 5, 5, 3, 3, 3, 1, false, false, true>(int, int, int, float const*, int, float*, float const*, kernel_conv_params, unsigned long long, int, float, float, int, float const*, float const*, bool, bool, int, int)",1,16.896484375
32,16,conv5_3x3_s2,"void implicit_convolve_sgemm<float, float, 128, 5, 5, 3, 3, 3, 1, false, false, true>(int, int, int, float const*, int, float*, float const*, kernel_conv_params, unsigned long long, int, float, float, int, float const*, float const*, bool, bool, int, int)",1,170.6865234375
32,16,conv6_1x1,"void cudnn::cnn::kern_precompute_indices<false>(int*, int, int, int, int, int)",1,1.759765625
32,16,conv6_1x1,"void precomputed_convolve_sgemm<float, 1024, 5, 5, 4, 3, 3, 1, false>(int, int, int, float const*, int, float*, float const*, kernel_conv_params, unsigned long long, int, float, float, int, bool, bool, float const*, float const*, int*)",1,24.0322265625
32,16,fc1,"void gemmSN_TN_kernel<float, 128, 16, 2, 4, 8, 9, false, cublasGemvTensorStridedBatched<float const>, cublasGemvTensorStridedBatched<float const>, cublasGemvTensorStridedBatched<float> >(cublasGemmSmallNParams<cublasGemvTensorStridedBatched<float const>, cublasGemvTensorStridedBatched<float const>, cublasGemvTensorStridedBatched<float>, float>)",1,12.576171875
32,16,fc2,"void gemmSN_TN_kernel<float, 128, 16, 2, 4, 8, 9, false, cublasGemvTensorStridedBatched<float const>, cublasGemvTensorStridedBatched<float const>, cublasGemvTensorStridedBatched<float> >(cublasGemmSmallNParams<cublasGemvTensorStridedBatched<float const>, cublasGemvTensorStridedBatched<float const>, cublasGemvTensorStridedBatched<float>, float>)",1,6.2080078125
32,16,gap,"void at::native::reduce_kernel<512, 1, at::native::ReduceOp<float, at::native::MeanOps<float, float, float, float>, unsigned int, float, 4, 4> >(at::native::ReduceOp<float, at::native::MeanOps<float, float, float, float>, unsigned int, float, 4, 4>)",1,6.2724609375
32,16,maxpool1,"void at::native::(anonymous namespace)::max_pool_forward_nchw<float, int>(int, float const*, long, long, long, int, int, int, int, int, int, int, int, int, int, float*, long*)",1,5.8564453125
32,16,relu1,"void at::native::vectorized_elementwise_kernel<4, at::native::(anonymous namespace)::launch_clamp_scalar(at::TensorIteratorBase&, c10::Scalar, c10::Scalar, at::native::detail::ClampLimits)::{lambda()#1}::operator()() const::{lambda()#7}::operator()() const::{lambda(float)#1}, std::array<char*, 2ul> >(int, at::native::(anonymous namespace)::launch_clamp_scalar(at::TensorIteratorBase&, c10::Scalar, c10::Scalar, at::native::detail::ClampLimits)::{lambda()#1}::operator()() const::{lambda()#7}::operator()() const::{lambda(float)#1}, std::array<char*, 2ul>)",1,2.65625
32,16,relu2,"void at::native::vectorized_elementwise_kernel<4, at::native::(anonymous namespace)::launch_clamp_scalar(at::TensorIteratorBase&, c10::Scalar, c10::Scalar, at::native::detail::ClampLimits)::{lambda()#1}::operator()() const::{lambda()#7}::operator()() const::{lambda(float)#1}, std::array<char*, 2ul> >(int, at::native::(anonymous namespace)::launch_clamp_scalar(at::TensorIteratorBase&, c10::Scalar, c10::Scalar, at::native::detail::ClampLimits)::{lambda()#1}::operator()() const::{lambda()#7}::operator()() const::{lambda(float)#1}, std::array<char*, 2ul>)",1,2.080078125
32,16,relu3,"void at::native::vectorized_elementwise_kernel<4, at::native::(anonymous namespace)::launch_clamp_scalar(at::TensorIteratorBase&, c10::Scalar, c10::Scalar, at::native::detail::ClampLimits)::{lambda()#1}::operator()() const::{lambda()#7}::operator()() const::{lambda(float)#1}, std::array<char*, 2ul> >(int, at::native::(anonymous namespace)::launch_clamp_scalar(at::TensorIteratorBase&, c10::Scalar, c10::Scalar, at::native::detail::ClampLimits)::{lambda()#1}::operator()() const::{lambda()#7}::operator()() const::{lambda(float)#1}, std::array<char*, 2ul>)",1,1.919921875
32,16,relu4,"void at::native::vectorized_elementwise_kernel<4, at::native::(anonymous namespace)::launch_clamp_scalar(at::TensorIteratorBase&, c10::Scalar, c10::Scalar, at::native::detail::ClampLimits)::{lambda()#1}::operator()() const::{lambda()#7}::operator()() const::{lambda(float)#1}, std::array<char*, 2ul> >(int, at::native::(anonymous namespace)::launch_clamp_scalar(at::TensorIteratorBase&, c10::Scalar, c10::Scalar, at::native::detail::ClampLimits)::{lambda()#1}::operator()() const::{lambda()#7}::operator()() const::{lambda(float)#1}, std::array<char*, 2ul>)",1,2.2080078125
32,16,relu5,"void at::native::vectorized_elementwise_kernel<4, at::native::(anonymous namespace)::launch_clamp_scalar(at::TensorIteratorBase&, c10::Scalar, c10::Scalar, at::native::detail::ClampLimits)::{lambda()#1}::operator()() const::{lambda()#7}::operator()() const::{lambda(float)#1}, std::array<char*, 2ul> >(int, at::native::(anonymous namespace)::launch_clamp_scalar(at::TensorIteratorBase&, c10::Scalar, c10::Scalar, at::native::detail::ClampLimits)::{lambda()#1}::operator()() const::{lambda()#7}::operator()() const::{lambda(float)#1}, std::array<char*, 2ul>)",1,1.7919921875
32,16,relu6,"void at::native::vectorized_elementwise_kernel<4, at::native::(anonymous namespace)::launch_clamp_scalar(at::TensorIteratorBase&, c10::Scalar, c10::Scalar, at::native::detail::ClampLimits)::{lambda()#1}::operator()() const::{lambda()#7}::operator()() const::{lambda(float)#1}, std::array<char*, 2ul> >(int, at::native::(anonymous namespace)::launch_clamp_scalar(at::TensorIteratorBase&, c10::Scalar, c10::Scalar, at::native::detail::ClampLimits)::{lambda()#1}::operator()() const::{lambda()#7}::operator()() const::{lambda(float)#1}, std::array<char*, 2ul>)",1,1.919921875
32,16,relu7,"void at::native::vectorized_elementwise_kernel<4, at::native::(anonymous namespace)::launch_clamp_scalar(at::TensorIteratorBase&, c10::Scalar, c10::Scalar, at::native::detail::ClampLimits)::{lambda()#1}::operator()() const::{lambda()#7}::operator()() const::{lambda(float)#1}, std::array<char*, 2ul> >(int, at::native::(anonymous namespace)::launch_clamp_scalar(at::TensorIteratorBase&, c10::Scalar, c10::Scalar, at::native::detail::ClampLimits)::{lambda()#1}::operator()() const::{lambda()#7}::operator()() const::{lambda(float)#1}, std::array<char*, 2ul>)",1,1.82421875
32,32,conv1_7x7_s2,_5x_cudnn_volta_scudnn_128x32_relu_medium_nn_v1,1,29.0234375
32,32,conv1_7x7_s2,"void cask__5x_cudnn::computeOffsetsKernel<false, false>(cask__5x_cudnn::ComputeOffsetsParams)",1,1.6962890625
32,32,conv2_5x5,_5x_cudnn_volta_scudnn_128x64_relu_small_nn_v1,1,85.7265625
32,32,conv2_5x5,"void cask__5x_cudnn::computeOffsetsKernel<false, false>(cask__5x_cudnn::ComputeOffsetsParams)",1,1.5361328125
32,32,conv3_3x3_s2,_5x_cudnn_volta_scudnn_128x64_relu_small_nn_v1,1,63.0068359375
32,32,conv3_3x3_s2,"void cask__5x_cudnn::computeOffsetsKernel<false, false>(cask__5x_cudnn::ComputeOffsetsParams)",1,1.50390625
32,32,conv4_1x1,_5x_cudnn_volta_scudnn_128x64_relu_small_nn_v1,1,19.263671875
32,32,conv4_1x1,"void cask__5x_cudnn::computeOffsetsKernel<false, false>(cask__5x_cudnn::ComputeOffsetsParams)",1,1.4716796875
32,32,conv5_3x3_s2,"void implicit_convolve_sgemm<float, float, 128, 5, 5, 3, 3, 3, 1, false, false, true>(int, int, int, float const*, int, float*, float const*, kernel_conv_params, unsigned long long, int, float, float, int, float const*, float const*, bool, bool, int, int)",1,147.072265625
32,32,conv6_1x1,volta_sgemm_64x64_nn,1,95.232421875
32,32,fc1,"void cublasLt::splitKreduce_kernel<32, 16, int, float, float, float, float, false, float, float, float, true, true, false>(cublasLt::cublasSplitKParams<float>, float const*, float const*, float*, float*, float const*, float const*, float const*, float const*, float*, void*, long, float*, int*, float*, float*, float const*, float const*, float const*, float const*, float const*)",1,2.4638671875
32,32,fc1,volta_sgemm_64x32_sliced1x4_tn,1,8.9921875
32,32,fc2,volta_sgemm_32x32_sliced1x4_tn,1,10.431640625
32,32,gap,"void at::native::reduce_kernel<512, 1, at::native::ReduceOp<float, at::native::MeanOps<float, float, float, float>, unsigned int, float, 4, 4> >(at::native::ReduceOp<float, at::native::MeanOps<float, float, float, float>, unsigned int, float, 4, 4>)",1,6.49609375
32,32,maxpool1,"void at::native::(anonymous namespace)::max_pool_forward_nchw<float, int>(int, float const*, long, long, long, int, int, int, int, int, int, int, int, int, int, float*, long*)",1,6.81640625
32,32,relu1,"void at::native::vectorized_elementwise_kernel<4, at::native::(anonymous namespace)::launch_clamp_scalar(at::TensorIteratorBase&, c10::Scalar, c10::Scalar, at::native::detail::ClampLimits)::{lambda()#1}::operator()() const::{lambda()#7}::operator()() const::{lambda(float)#1}, std::array<char*, 2ul> >(int, at::native::(anonymous namespace)::launch_clamp_scalar(at::TensorIteratorBase&, c10::Scalar, c10::Scalar, at::native::detail::ClampLimits)::{lambda()#1}::operator()() const::{lambda()#7}::operator()() const::{lambda(float)#1}, std::array<char*, 2ul>)",1,2.6884765625
32,32,relu2,"void at::native::vectorized_elementwise_kernel<4, at::native::(anonymous namespace)::launch_clamp_scalar(at::TensorIteratorBase&, c10::Scalar, c10::Scalar, at::native::detail::ClampLimits)::{lambda()#1}::operator()() const::{lambda()#7}::operator()() const::{lambda(float)#1}, std::array<char*, 2ul> >(int, at::native::(anonymous namespace)::launch_clamp_scalar(at::TensorIteratorBase&, c10::Scalar, c10::Scalar, at::native::detail::ClampLimits)::{lambda()#1}::operator()() const::{lambda()#7}::operator()() const::{lambda(float)#1}, std::array<char*, 2ul>)",1,2.080078125
32,32,relu3,"void at::native::vectorized_elementwise_kernel<4, at::native::(anonymous namespace)::launch_clamp_scalar(at::TensorIteratorBase&, c10::Scalar, c10::Scalar, at::native::detail::ClampLimits)::{lambda()#1}::operator()() const::{lambda()#7}::operator()() const::{lambda(float)#1}, std::array<char*, 2ul> >(int, at::native::(anonymous namespace)::launch_clamp_scalar(at::TensorIteratorBase&, c10::Scalar, c10::Scalar, at::native::detail::ClampLimits)::{lambda()#1}::operator()() const::{lambda()#7}::operator()() const::{lambda(float)#1}, std::array<char*, 2ul>)",1,1.6318359375
32,32,relu4,"void at::native::vectorized_elementwise_kernel<4, at::native::(anonymous namespace)::launch_clamp_scalar(at::TensorIteratorBase&, c10::Scalar, c10::Scalar, at::native::detail::ClampLimits)::{lambda()#1}::operator()() const::{lambda()#7}::operator()() const::{lambda(float)#1}, std::array<char*, 2ul> >(int, at::native::(anonymous namespace)::launch_clamp_scalar(at::TensorIteratorBase&, c10::Scalar, c10::Scalar, at::native::detail::ClampLimits)::{lambda()#1}::operator()() const::{lambda()#7}::operator()() const::{lambda(float)#1}, std::array<char*, 2ul>)",1,2.080078125
32,32,relu5,"void at::native::vectorized_elementwise_kernel<4, at::native::(anonymous namespace)::launch_clamp_scalar(at::TensorIteratorBase&, c10::Scalar, c10::Scalar, at::native::detail::ClampLimits)::{lambda()#1}::operator()() const::{lambda()#7}::operator()() const::{lambda(float)#1}, std::array<char*, 2ul> >(int, at::native::(anonymous namespace)::launch_clamp_scalar(at::TensorIteratorBase&, c10::Scalar, c10::Scalar, at::native::detail::ClampLimits)::{lambda()#1}::operator()() const::{lambda()#7}::operator()() const::{lambda(float)#1}, std::array<char*, 2ul>)",1,1.18359375
32,32,relu6,"void at::native::vectorized_elementwise_kernel<4, at::native::(anonymous namespace)::launch_clamp_scalar(at::TensorIteratorBase&, c10::Scalar, c10::Scalar, at::native::detail::ClampLimits)::{lambda()#1}::operator()() const::{lambda()#7}::operator()() const::{lambda(float)#1}, std::array<char*, 2ul> >(int, at::native::(anonymous namespace)::launch_clamp_scalar(at::TensorIteratorBase&, c10::Scalar, c10::Scalar, at::native::detail::ClampLimits)::{lambda()#1}::operator()() const::{lambda()#7}::operator()() const::{lambda(float)#1}, std::array<char*, 2ul>)",1,1.6962890625
32,32,relu7,"void at::native::vectorized_elementwise_kernel<4, at::native::(anonymous namespace)::launch_clamp_scalar(at::TensorIteratorBase&, c10::Scalar, c10::Scalar, at::native::detail::ClampLimits)::{lambda()#1}::operator()() const::{lambda()#7}::operator()() const::{lambda(float)#1}, std::array<char*, 2ul> >(int, at::native::(anonymous namespace)::launch_clamp_scalar(at::TensorIteratorBase&, c10::Scalar, c10::Scalar, at::native::detail::ClampLimits)::{lambda()#1}::operator()() const::{lambda()#7}::operator()() const::{lambda(float)#1}, std::array<char*, 2ul>)",1,1.408203125
32,64,conv1_7x7_s2,_5x_cudnn_volta_scudnn_128x32_relu_medium_nn_v1,1,46.751953125
32,64,conv1_7x7_s2,"void cask__5x_cudnn::computeOffsetsKernel<false, false>(cask__5x_cudnn::ComputeOffsetsParams)",1,2.080078125
32,64,conv2_5x5,_5x_cudnn_volta_scudnn_128x64_relu_small_nn_v1,1,99.294921875
32,64,conv2_5x5,"void cask__5x_cudnn::computeOffsetsKernel<false, false>(cask__5x_cudnn::ComputeOffsetsParams)",1,1.919921875
32,64,conv3_3x3_s2,_5x_cudnn_volta_scudnn_128x64_relu_small_nn_v1,1,72.0
32,64,conv3_3x3_s2,"void cask__5x_cudnn::computeOffsetsKernel<false, false>(cask__5x_cudnn::ComputeOffsetsParams)",1,1.759765625
32,64,conv4_1x1,_5x_cudnn_volta_scudnn_128x64_relu_small_nn_v1,1,22.6884765625
32,64,conv4_1x1,"void cask__5x_cudnn::computeOffsetsKernel<false, false>(cask__5x_cudnn::ComputeOffsetsParams)",1,1.759765625
32,64,conv5_3x3_s2,"void implicit_convolve_sgemm<float, float, 128, 5, 5, 3, 3, 3, 1, false, false, true>(int, int, int, float const*, int, float*, float const*, kernel_conv_params, unsigned long long, int, float, float, int, float const*, float const*, bool, bool, int, int)",1,221.9521484375
32,64,conv6_1x1,volta_sgemm_64x64_nn,1,193.310546875
32,64,fc1,"void cublasLt::splitKreduce_kernel<32, 16, int, float, float, float, float, false, float, float, float, true, true, false>(cublasLt::cublasSplitKParams<float>, float const*, float const*, float*, float*, float const*, float const*, float const*, float const*, float*, void*, long, float*, int*, float*, float*, float const*, float const*, float const*, float const*, float const*)",1,2.6884765625
32,64,fc1,volta_sgemm_64x32_sliced1x4_tn,1,11.7119140625
32,64,fc2,volta_sgemm_32x32_sliced1x4_tn,1,11.7763671875
32,64,gap,"void at::native::reduce_kernel<512, 1, at::native::ReduceOp<float, at::native::MeanOps<float, float, float, float>, unsigned int, float, 4, 4> >(at::native::ReduceOp<float, at::native::MeanOps<float, float, float, float>, unsigned int, float, 4, 4>)",1,9.408203125
32,64,maxpool1,"void at::native::(anonymous namespace)::max_pool_forward_nchw<float, int>(int, float const*, long, long, long, int, int, int, int, int, int, int, int, int, int, float*, long*)",1,12.9599609375
32,64,relu1,"void at::native::vectorized_elementwise_kernel<4, at::native::(anonymous namespace)::launch_clamp_scalar(at::TensorIteratorBase&, c10::Scalar, c10::Scalar, at::native::detail::ClampLimits)::{lambda()#1}::operator()() const::{lambda()#7}::operator()() const::{lambda(float)#1}, std::array<char*, 2ul> >(int, at::native::(anonymous namespace)::launch_clamp_scalar(at::TensorIteratorBase&, c10::Scalar, c10::Scalar, at::native::detail::ClampLimits)::{lambda()#1}::operator()() const::{lambda()#7}::operator()() const::{lambda(float)#1}, std::array<char*, 2ul>)",1,4.576171875
32,64,relu2,"void at::native::vectorized_elementwise_kernel<4, at::native::(anonymous namespace)::launch_clamp_scalar(at::TensorIteratorBase&, c10::Scalar, c10::Scalar, at::native::detail::ClampLimits)::{lambda()#1}::operator()() const::{lambda()#7}::operator()() const::{lambda(float)#1}, std::array<char*, 2ul> >(int, at::native::(anonymous namespace)::launch_clamp_scalar(at::TensorIteratorBase&, c10::Scalar, c10::Scalar, at::native::detail::ClampLimits)::{lambda()#1}::operator()() const::{lambda()#7}::operator()() const::{lambda(float)#1}, std::array<char*, 2ul>)",1,3.0400390625
32,64,relu3,"void at::native::vectorized_elementwise_kernel<4, at::native::(anonymous namespace)::launch_clamp_scalar(at::TensorIteratorBase&, c10::Scalar, c10::Scalar, at::native::detail::ClampLimits)::{lambda()#1}::operator()() const::{lambda()#7}::operator()() const::{lambda(float)#1}, std::array<char*, 2ul> >(int, at::native::(anonymous namespace)::launch_clamp_scalar(at::TensorIteratorBase&, c10::Scalar, c10::Scalar, at::native::detail::ClampLimits)::{lambda()#1}::operator()() const::{lambda()#7}::operator()() const::{lambda(float)#1}, std::array<char*, 2ul>)",1,2.3359375
32,64,relu4,"void at::native::vectorized_elementwise_kernel<4, at::native::(anonymous namespace)::launch_clamp_scalar(at::TensorIteratorBase&, c10::Scalar, c10::Scalar, at::native::detail::ClampLimits)::{lambda()#1}::operator()() const::{lambda()#7}::operator()() const::{lambda(float)#1}, std::array<char*, 2ul> >(int, at::native::(anonymous namespace)::launch_clamp_scalar(at::TensorIteratorBase&, c10::Scalar, c10::Scalar, at::native::detail::ClampLimits)::{lambda()#1}::operator()() const::{lambda()#7}::operator()() const::{lambda(float)#1}, std::array<char*, 2ul>)",1,3.072265625
32,64,relu5,"void at::native::vectorized_elementwise_kernel<4, at::native::(anonymous namespace)::launch_clamp_scalar(at::TensorIteratorBase&, c10::Scalar, c10::Scalar, at::native::detail::ClampLimits)::{lambda()#1}::operator()() const::{lambda()#7}::operator()() const::{lambda(float)#1}, std::array<char*, 2ul> >(int, at::native::(anonymous namespace)::launch_clamp_scalar(at::TensorIteratorBase&, c10::Scalar, c10::Scalar, at::native::detail::ClampLimits)::{lambda()#1}::operator()() const::{lambda()#7}::operator()() const::{lambda(float)#1}, std::array<char*, 2ul>)",1,1.9521484375
32,64,relu6,"void at::native::vectorized_elementwise_kernel<4, at::native::(anonymous namespace)::launch_clamp_scalar(at::TensorIteratorBase&, c10::Scalar, c10::Scalar, at::native::detail::ClampLimits)::{lambda()#1}::operator()() const::{lambda()#7}::operator()() const::{lambda(float)#1}, std::array<char*, 2ul> >(int, at::native::(anonymous namespace)::launch_clamp_scalar(at::TensorIteratorBase&, c10::Scalar, c10::Scalar, at::native::detail::ClampLimits)::{lambda()#1}::operator()() const::{lambda()#7}::operator()() const::{lambda(float)#1}, std::array<char*, 2ul>)",1,2.2724609375
32,64,relu7,"void at::native::vectorized_elementwise_kernel<4, at::native::(anonymous namespace)::launch_clamp_scalar(at::TensorIteratorBase&, c10::Scalar, c10::Scalar, at::native::detail::ClampLimits)::{lambda()#1}::operator()() const::{lambda()#7}::operator()() const::{lambda(float)#1}, std::array<char*, 2ul> >(int, at::native::(anonymous namespace)::launch_clamp_scalar(at::TensorIteratorBase&, c10::Scalar, c10::Scalar, at::native::detail::ClampLimits)::{lambda()#1}::operator()() const::{lambda()#7}::operator()() const::{lambda(float)#1}, std::array<char*, 2ul>)",1,1.6962890625
32,111,conv1_7x7_s2,"void fft2d_c2r_32x32<float, true, false, 0u, false, false>(float*, float2 const*, int, int, int, int, int, int, int, int, int, float, float, cudnn::reduced_divisor, bool, float*, float*, int2, cudnnActivationStruct, int, int)",7,117.68568638392857
32,111,conv1_7x7_s2,"void fft2d_r2c_32x32<float, false, 0u, false>(float2*, float const*, int, int, int, int, int, int, int, int, int, cudnn::reduced_divisor, bool, int2, int, int)",7,30.939034598214285
32,111,conv1_7x7_s2,"void fft2d_r2c_32x32<float, false, 1u, true>(float2*, float const*, int, int, int, int, int, int, int, int, int, cudnn::reduced_divisor, bool, int2, int, int)",1,11.0078125
32,111,conv1_7x7_s2,volta_gcgemm_32x32_nt,6,92.62337239583333
32,111,conv2_5x5,_5x_cudnn_volta_scudnn_128x64_relu_small_nn_v1,1,183.7431640625
32,111,conv2_5x5,"void cask__5x_cudnn::computeOffsetsKernel<false, false>(cask__5x_cudnn::ComputeOffsetsParams)",1,2.49609375
32,111,conv3_3x3_s2,_5x_cudnn_volta_scudnn_128x64_relu_small_nn_v1,1,79.2314453125
32,111,conv3_3x3_s2,"void cask__5x_cudnn::computeOffsetsKernel<false, false>(cask__5x_cudnn::ComputeOffsetsParams)",1,1.7919921875
32,111,conv4_1x1,_5x_cudnn_volta_scudnn_128x64_relu_small_nn_v1,1,37.8876953125
32,111,conv4_1x1,"void cask__5x_cudnn::computeOffsetsKernel<false, false>(cask__5x_cudnn::ComputeOffsetsParams)",1,1.7275390625
32,111,conv5_3x3_s2,_5x_cudnn_volta_scudnn_128x64_relu_small_nn_v1,1,286.75
32,111,conv5_3x3_s2,"void cask__5x_cudnn::computeOffsetsKernel<false, false>(cask__5x_cudnn::ComputeOffsetsParams)",1,1.759765625
32,111,conv6_1x1,volta_sgemm_64x64_nn,1,340.541015625
32,111,fc1,"void cublasLt::splitKreduce_kernel<32, 16, int, float, float, float, float, false, float, float, float, true, true, false>(cublasLt::cublasSplitKParams<float>, float const*, float const*, float*, float*, float const*, float const*, float const*, float const*, float*, void*, long, float*, int*, float*, float*, float const*, float const*, float const*, float const*, float const*)",1,3.1357421875
32,111,fc1,volta_sgemm_128x32_tn,1,16.671875
32,111,fc2,"void cublasLt::splitKreduce_kernel<32, 16, int, float, float, float, float, false, float, float, float, true, true, false>(cublasLt::cublasSplitKParams<float>, float const*, float const*, float*, float*, float const*, float const*, float const*, float const*, float*, void*, long, float*, int*, float*, float*, float const*, float const*, float const*, float const*, float const*)",1,2.4638671875
32,111,fc2,volta_sgemm_128x32_tn,1,8.4482421875
32,111,gap,"void at::native::reduce_kernel<512, 1, at::native::ReduceOp<float, at::native::MeanOps<float, float, float, float>, unsigned int, float, 4, 4> >(at::native::ReduceOp<float, at::native::MeanOps<float, float, float, float>, unsigned int, float, 4, 4>)",1,13.34375
32,111,maxpool1,"void at::native::(anonymous namespace)::max_pool_forward_nchw<float, int>(int, float const*, long, long, long, int, int, int, int, int, int, int, int, int, int, float*, long*)",1,29.470703125
32,111,relu1,"void at::native::vectorized_elementwise_kernel<4, at::native::(anonymous namespace)::launch_clamp_scalar(at::TensorIteratorBase&, c10::Scalar, c10::Scalar, at::native::detail::ClampLimits)::{lambda()#1}::operator()() const::{lambda()#7}::operator()() const::{lambda(float)#1}, std::array<char*, 2ul> >(int, at::native::(anonymous namespace)::launch_clamp_scalar(at::TensorIteratorBase&, c10::Scalar, c10::Scalar, at::native::detail::ClampLimits)::{lambda()#1}::operator()() const::{lambda()#7}::operator()() const::{lambda(float)#1}, std::array<char*, 2ul>)",1,20.736328125
32,111,relu2,"void at::native::vectorized_elementwise_kernel<4, at::native::(anonymous namespace)::launch_clamp_scalar(at::TensorIteratorBase&, c10::Scalar, c10::Scalar, at::native::detail::ClampLimits)::{lambda()#1}::operator()() const::{lambda()#7}::operator()() const::{lambda(float)#1}, std::array<char*, 2ul> >(int, at::native::(anonymous namespace)::launch_clamp_scalar(at::TensorIteratorBase&, c10::Scalar, c10::Scalar, at::native::detail::ClampLimits)::{lambda()#1}::operator()() const::{lambda()#7}::operator()() const::{lambda(float)#1}, std::array<char*, 2ul>)",1,4.3203125
32,111,relu3,"void at::native::vectorized_elementwise_kernel<4, at::native::(anonymous namespace)::launch_clamp_scalar(at::TensorIteratorBase&, c10::Scalar, c10::Scalar, at::native::detail::ClampLimits)::{lambda()#1}::operator()() const::{lambda()#7}::operator()() const::{lambda(float)#1}, std::array<char*, 2ul> >(int, at::native::(anonymous namespace)::launch_clamp_scalar(at::TensorIteratorBase&, c10::Scalar, c10::Scalar, at::native::detail::ClampLimits)::{lambda()#1}::operator()() const::{lambda()#7}::operator()() const::{lambda(float)#1}, std::array<char*, 2ul>)",1,2.9755859375
32,111,relu4,"void at::native::vectorized_elementwise_kernel<4, at::native::(anonymous namespace)::launch_clamp_scalar(at::TensorIteratorBase&, c10::Scalar, c10::Scalar, at::native::detail::ClampLimits)::{lambda()#1}::operator()() const::{lambda()#7}::operator()() const::{lambda(float)#1}, std::array<char*, 2ul> >(int, at::native::(anonymous namespace)::launch_clamp_scalar(at::TensorIteratorBase&, c10::Scalar, c10::Scalar, at::native::detail::ClampLimits)::{lambda()#1}::operator()() const::{lambda()#7}::operator()() const::{lambda(float)#1}, std::array<char*, 2ul>)",1,4.2236328125
32,111,relu5,"void at::native::vectorized_elementwise_kernel<4, at::native::(anonymous namespace)::launch_clamp_scalar(at::TensorIteratorBase&, c10::Scalar, c10::Scalar, at::native::detail::ClampLimits)::{lambda()#1}::operator()() const::{lambda()#7}::operator()() const::{lambda(float)#1}, std::array<char*, 2ul> >(int, at::native::(anonymous namespace)::launch_clamp_scalar(at::TensorIteratorBase&, c10::Scalar, c10::Scalar, at::native::detail::ClampLimits)::{lambda()#1}::operator()() const::{lambda()#7}::operator()() const::{lambda(float)#1}, std::array<char*, 2ul>)",1,2.751953125
32,111,relu6,"void at::native::vectorized_elementwise_kernel<4, at::native::(anonymous namespace)::launch_clamp_scalar(at::TensorIteratorBase&, c10::Scalar, c10::Scalar, at::native::detail::ClampLimits)::{lambda()#1}::operator()() const::{lambda()#7}::operator()() const::{lambda(float)#1}, std::array<char*, 2ul> >(int, at::native::(anonymous namespace)::launch_clamp_scalar(at::TensorIteratorBase&, c10::Scalar, c10::Scalar, at::native::detail::ClampLimits)::{lambda()#1}::operator()() const::{lambda()#7}::operator()() const::{lambda(float)#1}, std::array<char*, 2ul>)",1,3.7119140625
32,111,relu7,"void at::native::vectorized_elementwise_kernel<4, at::native::(anonymous namespace)::launch_clamp_scalar(at::TensorIteratorBase&, c10::Scalar, c10::Scalar, at::native::detail::ClampLimits)::{lambda()#1}::operator()() const::{lambda()#7}::operator()() const::{lambda(float)#1}, std::array<char*, 2ul> >(int, at::native::(anonymous namespace)::launch_clamp_scalar(at::TensorIteratorBase&, c10::Scalar, c10::Scalar, at::native::detail::ClampLimits)::{lambda()#1}::operator()() const::{lambda()#7}::operator()() const::{lambda(float)#1}, std::array<char*, 2ul>)",1,1.8876953125
32,128,conv1_7x7_s2,"void fft2d_c2r_32x32<float, true, false, 0u, false, false>(float*, float2 const*, int, int, int, int, int, int, int, int, int, float, float, cudnn::reduced_divisor, bool, float*, float*, int2, cudnnActivationStruct, int, int)",7,128.74428013392858
32,128,conv1_7x7_s2,"void fft2d_r2c_32x32<float, false, 0u, false>(float2*, float const*, int, int, int, int, int, int, int, int, int, cudnn::reduced_divisor, bool, int2, int, int)",7,33.252511160714285
32,128,conv1_7x7_s2,"void fft2d_r2c_32x32<float, false, 1u, true>(float2*, float const*, int, int, int, int, int, int, int, int, int, cudnn::reduced_divisor, bool, int2, int, int)",1,11.2001953125
32,128,conv1_7x7_s2,volta_gcgemm_32x32_nt,6,108.84163411458333
32,128,conv2_5x5,_5x_cudnn_volta_scudnn_128x64_relu_small_nn_v1,1,188.3828125
32,128,conv2_5x5,"void cask__5x_cudnn::computeOffsetsKernel<false, false>(cask__5x_cudnn::ComputeOffsetsParams)",1,2.5595703125
32,128,conv3_3x3_s2,_5x_cudnn_volta_scudnn_128x64_relu_xregs_large_nn_v1,1,89.7587890625
32,128,conv3_3x3_s2,"void cask__5x_cudnn::computeOffsetsKernel<false, false>(cask__5x_cudnn::ComputeOffsetsParams)",1,1.82421875
32,128,conv4_1x1,_5x_cudnn_volta_scudnn_128x64_relu_small_nn_v1,1,38.9111328125
32,128,conv4_1x1,"void cask__5x_cudnn::computeOffsetsKernel<false, false>(cask__5x_cudnn::ComputeOffsetsParams)",1,1.7919921875
32,128,conv5_3x3_s2,_5x_cudnn_volta_scudnn_128x64_relu_small_nn_v1,1,285.9501953125
32,128,conv5_3x3_s2,"void cask__5x_cudnn::computeOffsetsKernel<false, false>(cask__5x_cudnn::ComputeOffsetsParams)",1,1.82421875
32,128,conv6_1x1,volta_sgemm_64x64_nn,1,395.99609375
32,128,fc1,"void cublasLt::splitKreduce_kernel<32, 16, int, float, float, float, float, false, float, float, float, true, true, false>(cublasLt::cublasSplitKParams<float>, float const*, float const*, float*, float*, float const*, float const*, float const*, float const*, float*, void*, long, float*, int*, float*, float*, float const*, float const*, float const*, float const*, float const*)",1,3.6796875
32,128,fc1,volta_sgemm_128x32_tn,1,17.0556640625
32,128,fc2,"void cublasLt::splitKreduce_kernel<32, 16, int, float, float, float, float, false, float, float, float, true, true, false>(cublasLt::cublasSplitKParams<float>, float const*, float const*, float*, float*, float const*, float const*, float const*, float const*, float*, void*, long, float*, int*, float*, float*, float const*, float const*, float const*, float const*, float const*)",1,2.6884765625
32,128,fc2,volta_sgemm_32x128_tn,1,8.7041015625
32,128,gap,"void at::native::reduce_kernel<512, 1, at::native::ReduceOp<float, at::native::MeanOps<float, float, float, float>, unsigned int, float, 4, 4> >(at::native::ReduceOp<float, at::native::MeanOps<float, float, float, float>, unsigned int, float, 4, 4>)",1,14.591796875
32,128,maxpool1,"void at::native::(anonymous namespace)::max_pool_forward_nchw<float, int>(int, float const*, long, long, long, int, int, int, int, int, int, int, int, int, int, float*, long*)",1,36.9912109375
32,128,relu1,"void at::native::vectorized_elementwise_kernel<4, at::native::(anonymous namespace)::launch_clamp_scalar(at::TensorIteratorBase&, c10::Scalar, c10::Scalar, at::native::detail::ClampLimits)::{lambda()#1}::operator()() const::{lambda()#7}::operator()() const::{lambda(float)#1}, std::array<char*, 2ul> >(int, at::native::(anonymous namespace)::launch_clamp_scalar(at::TensorIteratorBase&, c10::Scalar, c10::Scalar, at::native::detail::ClampLimits)::{lambda()#1}::operator()() const::{lambda()#7}::operator()() const::{lambda(float)#1}, std::array<char*, 2ul>)",1,25.7919921875
32,128,relu2,"void at::native::vectorized_elementwise_kernel<4, at::native::(anonymous namespace)::launch_clamp_scalar(at::TensorIteratorBase&, c10::Scalar, c10::Scalar, at::native::detail::ClampLimits)::{lambda()#1}::operator()() const::{lambda()#7}::operator()() const::{lambda(float)#1}, std::array<char*, 2ul> >(int, at::native::(anonymous namespace)::launch_clamp_scalar(at::TensorIteratorBase&, c10::Scalar, c10::Scalar, at::native::detail::ClampLimits)::{lambda()#1}::operator()() const::{lambda()#7}::operator()() const::{lambda(float)#1}, std::array<char*, 2ul>)",1,4.83203125
32,128,relu3,"void at::native::vectorized_elementwise_kernel<4, at::native::(anonymous namespace)::launch_clamp_scalar(at::TensorIteratorBase&, c10::Scalar, c10::Scalar, at::native::detail::ClampLimits)::{lambda()#1}::operator()() const::{lambda()#7}::operator()() const::{lambda(float)#1}, std::array<char*, 2ul> >(int, at::native::(anonymous namespace)::launch_clamp_scalar(at::TensorIteratorBase&, c10::Scalar, c10::Scalar, at::native::detail::ClampLimits)::{lambda()#1}::operator()() const::{lambda()#7}::operator()() const::{lambda(float)#1}, std::array<char*, 2ul>)",1,3.232421875
32,128,relu4,"void at::native::vectorized_elementwise_kernel<4, at::native::(anonymous namespace)::launch_clamp_scalar(at::TensorIteratorBase&, c10::Scalar, c10::Scalar, at::native::detail::ClampLimits)::{lambda()#1}::operator()() const::{lambda()#7}::operator()() const::{lambda(float)#1}, std::array<char*, 2ul> >(int, at::native::(anonymous namespace)::launch_clamp_scalar(at::TensorIteratorBase&, c10::Scalar, c10::Scalar, at::native::detail::ClampLimits)::{lambda()#1}::operator()() const::{lambda()#7}::operator()() const::{lambda(float)#1}, std::array<char*, 2ul>)",1,4.671875
32,128,relu5,"void at::native::vectorized_elementwise_kernel<4, at::native::(anonymous namespace)::launch_clamp_scalar(at::TensorIteratorBase&, c10::Scalar, c10::Scalar, at::native::detail::ClampLimits)::{lambda()#1}::operator()() const::{lambda()#7}::operator()() const::{lambda(float)#1}, std::array<char*, 2ul> >(int, at::native::(anonymous namespace)::launch_clamp_scalar(at::TensorIteratorBase&, c10::Scalar, c10::Scalar, at::native::detail::ClampLimits)::{lambda()#1}::operator()() const::{lambda()#7}::operator()() const::{lambda(float)#1}, std::array<char*, 2ul>)",1,3.0078125
32,128,relu6,"void at::native::vectorized_elementwise_kernel<4, at::native::(anonymous namespace)::launch_clamp_scalar(at::TensorIteratorBase&, c10::Scalar, c10::Scalar, at::native::detail::ClampLimits)::{lambda()#1}::operator()() const::{lambda()#7}::operator()() const::{lambda(float)#1}, std::array<char*, 2ul> >(int, at::native::(anonymous namespace)::launch_clamp_scalar(at::TensorIteratorBase&, c10::Scalar, c10::Scalar, at::native::detail::ClampLimits)::{lambda()#1}::operator()() const::{lambda()#7}::operator()() const::{lambda(float)#1}, std::array<char*, 2ul>)",1,3.5517578125
32,128,relu7,"void at::native::vectorized_elementwise_kernel<4, at::native::(anonymous namespace)::launch_clamp_scalar(at::TensorIteratorBase&, c10::Scalar, c10::Scalar, at::native::detail::ClampLimits)::{lambda()#1}::operator()() const::{lambda()#7}::operator()() const::{lambda(float)#1}, std::array<char*, 2ul> >(int, at::native::(anonymous namespace)::launch_clamp_scalar(at::TensorIteratorBase&, c10::Scalar, c10::Scalar, at::native::detail::ClampLimits)::{lambda()#1}::operator()() const::{lambda()#7}::operator()() const::{lambda(float)#1}, std::array<char*, 2ul>)",1,1.759765625
32,133,conv1_7x7_s2,"void fft2d_c2r_32x32<float, true, false, 0u, false, false>(float*, float2 const*, int, int, int, int, int, int, int, int, int, float, float, cudnn::reduced_divisor, bool, float*, float*, int2, cudnnActivationStruct, int, int)",7,138.06905691964286
32,133,conv1_7x7_s2,"void fft2d_r2c_32x32<float, false, 0u, false>(float2*, float const*, int, int, int, int, int, int, int, int, int, cudnn::reduced_divisor, bool, int2, int, int)",7,30.893275669642858
32,133,conv1_7x7_s2,"void fft2d_r2c_32x32<float, false, 1u, true>(float2*, float const*, int, int, int, int, int, int, int, int, int, cudnn::reduced_divisor, bool, int2, int, int)",1,11.3916015625
32,133,conv1_7x7_s2,volta_gcgemm_32x32_nt,6,112.27018229166667
32,133,conv2_5x5,_5x_cudnn_volta_scudnn_128x64_relu_small_nn_v1,1,186.1416015625
32,133,conv2_5x5,"void cask__5x_cudnn::computeOffsetsKernel<false, false>(cask__5x_cudnn::ComputeOffsetsParams)",1,2.5283203125
32,133,conv3_3x3_s2,_5x_cudnn_volta_scudnn_128x64_relu_xregs_large_nn_v1,1,88.22265625
32,133,conv3_3x3_s2,"void cask__5x_cudnn::computeOffsetsKernel<false, false>(cask__5x_cudnn::ComputeOffsetsParams)",1,1.7919921875
32,133,conv4_1x1,_5x_cudnn_volta_scudnn_128x64_relu_small_nn_v1,1,38.751953125
32,133,conv4_1x1,"void cask__5x_cudnn::computeOffsetsKernel<false, false>(cask__5x_cudnn::ComputeOffsetsParams)",1,1.7275390625
32,133,conv5_3x3_s2,_5x_cudnn_volta_scudnn_128x64_relu_small_nn_v1,1,290.4287109375
32,133,conv5_3x3_s2,"void cask__5x_cudnn::computeOffsetsKernel<false, false>(cask__5x_cudnn::ComputeOffsetsParams)",1,1.759765625
32,133,conv6_1x1,volta_sgemm_64x64_nn,1,398.9404296875
32,133,fc1,Memset (Device),1,0.48046875
32,133,fc1,volta_sgemm_64x32_sliced1x4_tn,1,20.2548828125
32,133,fc2,volta_sgemm_32x32_sliced1x4_tn,1,11.3603515625
32,133,gap,"void at::native::reduce_kernel<512, 1, at::native::ReduceOp<float, at::native::MeanOps<float, float, float, float>, unsigned int, float, 4, 4> >(at::native::ReduceOp<float, at::native::MeanOps<float, float, float, float>, unsigned int, float, 4, 4>)",1,14.84765625
32,133,maxpool1,"void at::native::(anonymous namespace)::max_pool_forward_nchw<float, int>(int, float const*, long, long, long, int, int, int, int, int, int, int, int, int, int, float*, long*)",1,38.2392578125
32,133,relu1,"void at::native::vectorized_elementwise_kernel<4, at::native::(anonymous namespace)::launch_clamp_scalar(at::TensorIteratorBase&, c10::Scalar, c10::Scalar, at::native::detail::ClampLimits)::{lambda()#1}::operator()() const::{lambda()#7}::operator()() const::{lambda(float)#1}, std::array<char*, 2ul> >(int, at::native::(anonymous namespace)::launch_clamp_scalar(at::TensorIteratorBase&, c10::Scalar, c10::Scalar, at::native::detail::ClampLimits)::{lambda()#1}::operator()() const::{lambda()#7}::operator()() const::{lambda(float)#1}, std::array<char*, 2ul>)",1,27.9677734375
32,133,relu2,"void at::native::vectorized_elementwise_kernel<4, at::native::(anonymous namespace)::launch_clamp_scalar(at::TensorIteratorBase&, c10::Scalar, c10::Scalar, at::native::detail::ClampLimits)::{lambda()#1}::operator()() const::{lambda()#7}::operator()() const::{lambda(float)#1}, std::array<char*, 2ul> >(int, at::native::(anonymous namespace)::launch_clamp_scalar(at::TensorIteratorBase&, c10::Scalar, c10::Scalar, at::native::detail::ClampLimits)::{lambda()#1}::operator()() const::{lambda()#7}::operator()() const::{lambda(float)#1}, std::array<char*, 2ul>)",1,4.9921875
32,133,relu3,"void at::native::vectorized_elementwise_kernel<4, at::native::(anonymous namespace)::launch_clamp_scalar(at::TensorIteratorBase&, c10::Scalar, c10::Scalar, at::native::detail::ClampLimits)::{lambda()#1}::operator()() const::{lambda()#7}::operator()() const::{lambda(float)#1}, std::array<char*, 2ul> >(int, at::native::(anonymous namespace)::launch_clamp_scalar(at::TensorIteratorBase&, c10::Scalar, c10::Scalar, at::native::detail::ClampLimits)::{lambda()#1}::operator()() const::{lambda()#7}::operator()() const::{lambda(float)#1}, std::array<char*, 2ul>)",1,3.935546875
32,133,relu4,"void at::native::vectorized_elementwise_kernel<4, at::native::(anonymous namespace)::launch_clamp_scalar(at::TensorIteratorBase&, c10::Scalar, c10::Scalar, at::native::detail::ClampLimits)::{lambda()#1}::operator()() const::{lambda()#7}::operator()() const::{lambda(float)#1}, std::array<char*, 2ul> >(int, at::native::(anonymous namespace)::launch_clamp_scalar(at::TensorIteratorBase&, c10::Scalar, c10::Scalar, at::native::detail::ClampLimits)::{lambda()#1}::operator()() const::{lambda()#7}::operator()() const::{lambda(float)#1}, std::array<char*, 2ul>)",1,4.7998046875
32,133,relu5,"void at::native::vectorized_elementwise_kernel<4, at::native::(anonymous namespace)::launch_clamp_scalar(at::TensorIteratorBase&, c10::Scalar, c10::Scalar, at::native::detail::ClampLimits)::{lambda()#1}::operator()() const::{lambda()#7}::operator()() const::{lambda(float)#1}, std::array<char*, 2ul> >(int, at::native::(anonymous namespace)::launch_clamp_scalar(at::TensorIteratorBase&, c10::Scalar, c10::Scalar, at::native::detail::ClampLimits)::{lambda()#1}::operator()() const::{lambda()#7}::operator()() const::{lambda(float)#1}, std::array<char*, 2ul>)",1,3.0078125
32,133,relu6,"void at::native::vectorized_elementwise_kernel<4, at::native::(anonymous namespace)::launch_clamp_scalar(at::TensorIteratorBase&, c10::Scalar, c10::Scalar, at::native::detail::ClampLimits)::{lambda()#1}::operator()() const::{lambda()#7}::operator()() const::{lambda(float)#1}, std::array<char*, 2ul> >(int, at::native::(anonymous namespace)::launch_clamp_scalar(at::TensorIteratorBase&, c10::Scalar, c10::Scalar, at::native::detail::ClampLimits)::{lambda()#1}::operator()() const::{lambda()#7}::operator()() const::{lambda(float)#1}, std::array<char*, 2ul>)",1,3.8720703125
32,133,relu7,"void at::native::vectorized_elementwise_kernel<4, at::native::(anonymous namespace)::launch_clamp_scalar(at::TensorIteratorBase&, c10::Scalar, c10::Scalar, at::native::detail::ClampLimits)::{lambda()#1}::operator()() const::{lambda()#7}::operator()() const::{lambda(float)#1}, std::array<char*, 2ul> >(int, at::native::(anonymous namespace)::launch_clamp_scalar(at::TensorIteratorBase&, c10::Scalar, c10::Scalar, at::native::detail::ClampLimits)::{lambda()#1}::operator()() const::{lambda()#7}::operator()() const::{lambda(float)#1}, std::array<char*, 2ul>)",1,1.82421875
32,139,conv1_7x7_s2,"void fft2d_c2r_32x32<float, true, false, 0u, false, false>(float*, float2 const*, int, int, int, int, int, int, int, int, int, float, float, cudnn::reduced_divisor, bool, float*, float*, int2, cudnnActivationStruct, int, int)",7,139.50516183035714
32,139,conv1_7x7_s2,"void fft2d_r2c_32x32<float, false, 0u, false>(float2*, float const*, int, int, int, int, int, int, int, int, int, cudnn::reduced_divisor, bool, int2, int, int)",7,32.95033482142857
32,139,conv1_7x7_s2,"void fft2d_r2c_32x32<float, false, 1u, true>(float2*, float const*, int, int, int, int, int, int, int, int, int, cudnn::reduced_divisor, bool, int2, int, int)",1,11.5517578125
32,139,conv1_7x7_s2,volta_gcgemm_32x32_nt,6,114.42529296875
32,139,conv2_5x5,_5x_cudnn_volta_scudnn_128x64_relu_small_nn_v1,1,193.40625
32,139,conv2_5x5,"void cask__5x_cudnn::computeOffsetsKernel<false, false>(cask__5x_cudnn::ComputeOffsetsParams)",1,2.5595703125
32,139,conv3_3x3_s2,_5x_cudnn_volta_scudnn_128x64_relu_xregs_large_nn_v1,1,91.9677734375
32,139,conv3_3x3_s2,"void cask__5x_cudnn::computeOffsetsKernel<false, false>(cask__5x_cudnn::ComputeOffsetsParams)",1,1.8876953125
32,139,conv4_1x1,_5x_cudnn_volta_scudnn_128x64_relu_small_nn_v1,1,40.4150390625
32,139,conv4_1x1,"void cask__5x_cudnn::computeOffsetsKernel<false, false>(cask__5x_cudnn::ComputeOffsetsParams)",1,1.7919921875
32,139,conv5_3x3_s2,_5x_cudnn_volta_scudnn_128x64_relu_small_nn_v1,1,299.677734375
32,139,conv5_3x3_s2,"void cask__5x_cudnn::computeOffsetsKernel<false, false>(cask__5x_cudnn::ComputeOffsetsParams)",1,1.8564453125
32,139,conv6_1x1,volta_sgemm_64x64_nn,1,438.3974609375
32,139,fc1,Memset (Device),1,0.4482421875
32,139,fc1,volta_sgemm_64x32_sliced1x4_tn,1,21.0546875
32,139,fc2,volta_sgemm_32x32_sliced1x4_tn,1,11.7763671875
32,139,gap,"void at::native::reduce_kernel<512, 1, at::native::ReduceOp<float, at::native::MeanOps<float, float, float, float>, unsigned int, float, 4, 4> >(at::native::ReduceOp<float, at::native::MeanOps<float, float, float, float>, unsigned int, float, 4, 4>)",1,15.744140625
32,139,maxpool1,"void at::native::(anonymous namespace)::max_pool_forward_nchw<float, int>(int, float const*, long, long, long, int, int, int, int, int, int, int, int, int, int, float*, long*)",1,41.791015625
32,139,relu1,"void at::native::vectorized_elementwise_kernel<4, at::native::(anonymous namespace)::launch_clamp_scalar(at::TensorIteratorBase&, c10::Scalar, c10::Scalar, at::native::detail::ClampLimits)::{lambda()#1}::operator()() const::{lambda()#7}::operator()() const::{lambda(float)#1}, std::array<char*, 2ul> >(int, at::native::(anonymous namespace)::launch_clamp_scalar(at::TensorIteratorBase&, c10::Scalar, c10::Scalar, at::native::detail::ClampLimits)::{lambda()#1}::operator()() const::{lambda()#7}::operator()() const::{lambda(float)#1}, std::array<char*, 2ul>)",1,29.408203125
32,139,relu2,"void at::native::vectorized_elementwise_kernel<4, at::native::(anonymous namespace)::launch_clamp_scalar(at::TensorIteratorBase&, c10::Scalar, c10::Scalar, at::native::detail::ClampLimits)::{lambda()#1}::operator()() const::{lambda()#7}::operator()() const::{lambda(float)#1}, std::array<char*, 2ul> >(int, at::native::(anonymous namespace)::launch_clamp_scalar(at::TensorIteratorBase&, c10::Scalar, c10::Scalar, at::native::detail::ClampLimits)::{lambda()#1}::operator()() const::{lambda()#7}::operator()() const::{lambda(float)#1}, std::array<char*, 2ul>)",1,5.7275390625
32,139,relu3,"void at::native::vectorized_elementwise_kernel<4, at::native::(anonymous namespace)::launch_clamp_scalar(at::TensorIteratorBase&, c10::Scalar, c10::Scalar, at::native::detail::ClampLimits)::{lambda()#1}::operator()() const::{lambda()#7}::operator()() const::{lambda(float)#1}, std::array<char*, 2ul> >(int, at::native::(anonymous namespace)::launch_clamp_scalar(at::TensorIteratorBase&, c10::Scalar, c10::Scalar, at::native::detail::ClampLimits)::{lambda()#1}::operator()() const::{lambda()#7}::operator()() const::{lambda(float)#1}, std::array<char*, 2ul>)",1,4.16015625
32,139,relu4,"void at::native::vectorized_elementwise_kernel<4, at::native::(anonymous namespace)::launch_clamp_scalar(at::TensorIteratorBase&, c10::Scalar, c10::Scalar, at::native::detail::ClampLimits)::{lambda()#1}::operator()() const::{lambda()#7}::operator()() const::{lambda(float)#1}, std::array<char*, 2ul> >(int, at::native::(anonymous namespace)::launch_clamp_scalar(at::TensorIteratorBase&, c10::Scalar, c10::Scalar, at::native::detail::ClampLimits)::{lambda()#1}::operator()() const::{lambda()#7}::operator()() const::{lambda(float)#1}, std::array<char*, 2ul>)",1,5.15234375
32,139,relu5,"void at::native::vectorized_elementwise_kernel<4, at::native::(anonymous namespace)::launch_clamp_scalar(at::TensorIteratorBase&, c10::Scalar, c10::Scalar, at::native::detail::ClampLimits)::{lambda()#1}::operator()() const::{lambda()#7}::operator()() const::{lambda(float)#1}, std::array<char*, 2ul> >(int, at::native::(anonymous namespace)::launch_clamp_scalar(at::TensorIteratorBase&, c10::Scalar, c10::Scalar, at::native::detail::ClampLimits)::{lambda()#1}::operator()() const::{lambda()#7}::operator()() const::{lambda(float)#1}, std::array<char*, 2ul>)",1,3.0390625
32,139,relu6,"void at::native::vectorized_elementwise_kernel<4, at::native::(anonymous namespace)::launch_clamp_scalar(at::TensorIteratorBase&, c10::Scalar, c10::Scalar, at::native::detail::ClampLimits)::{lambda()#1}::operator()() const::{lambda()#7}::operator()() const::{lambda(float)#1}, std::array<char*, 2ul> >(int, at::native::(anonymous namespace)::launch_clamp_scalar(at::TensorIteratorBase&, c10::Scalar, c10::Scalar, at::native::detail::ClampLimits)::{lambda()#1}::operator()() const::{lambda()#7}::operator()() const::{lambda(float)#1}, std::array<char*, 2ul>)",1,3.83984375
32,139,relu7,"void at::native::vectorized_elementwise_kernel<4, at::native::(anonymous namespace)::launch_clamp_scalar(at::TensorIteratorBase&, c10::Scalar, c10::Scalar, at::native::detail::ClampLimits)::{lambda()#1}::operator()() const::{lambda()#7}::operator()() const::{lambda(float)#1}, std::array<char*, 2ul> >(int, at::native::(anonymous namespace)::launch_clamp_scalar(at::TensorIteratorBase&, c10::Scalar, c10::Scalar, at::native::detail::ClampLimits)::{lambda()#1}::operator()() const::{lambda()#7}::operator()() const::{lambda(float)#1}, std::array<char*, 2ul>)",1,2.015625
32,256,conv1_7x7_s2,"void fft2d_c2r_32x32<float, true, false, 0u, false, false>(float*, float2 const*, int, int, int, int, int, int, int, int, int, float, float, cudnn::reduced_divisor, bool, float*, float*, int2, cudnnActivationStruct, int, int)",7,258.66322544642856
32,256,conv1_7x7_s2,"void fft2d_r2c_32x32<float, false, 0u, false>(float2*, float const*, int, int, int, int, int, int, int, int, int, cudnn::reduced_divisor, bool, int2, int, int)",7,48.565848214285715
32,256,conv1_7x7_s2,"void fft2d_r2c_32x32<float, false, 1u, true>(float2*, float const*, int, int, int, int, int, int, int, int, int, cudnn::reduced_divisor, bool, int2, int, int)",1,12.0
32,256,conv1_7x7_s2,volta_gcgemm_32x32_nt,6,202.53173828125
32,256,conv2_5x5,_5x_cudnn_volta_scudnn_128x64_relu_small_nn_v1,1,382.876953125
32,256,conv2_5x5,"void cask__5x_cudnn::computeOffsetsKernel<false, false>(cask__5x_cudnn::ComputeOffsetsParams)",1,2.65625
32,256,conv3_3x3_s2,_5x_cudnn_volta_scudnn_128x64_relu_xregs_large_nn_v1,1,153.6630859375
32,256,conv3_3x3_s2,"void cask__5x_cudnn::computeOffsetsKernel<false, false>(cask__5x_cudnn::ComputeOffsetsParams)",1,2.7197265625
32,256,conv4_1x1,_5x_cudnn_volta_scudnn_128x64_relu_small_nn_v1,1,74.8154296875
32,256,conv4_1x1,"void cask__5x_cudnn::computeOffsetsKernel<false, false>(cask__5x_cudnn::ComputeOffsetsParams)",1,2.240234375
32,256,conv5_3x3_s2,_5x_cudnn_volta_scudnn_128x64_relu_small_nn_v1,1,377.021484375
32,256,conv5_3x3_s2,"void cask__5x_cudnn::computeOffsetsKernel<false, false>(cask__5x_cudnn::ComputeOffsetsParams)",1,2.65625
32,256,conv6_1x1,volta_sgemm_64x64_nn,1,805.9462890625
32,256,fc1,"void cublasLt::splitKreduce_kernel<32, 16, int, float, float, float, float, false, float, float, float, true, true, false>(cublasLt::cublasSplitKParams<float>, float const*, float const*, float*, float*, float const*, float const*, float const*, float const*, float*, void*, long, float*, int*, float*, float*, float const*, float const*, float const*, float const*, float const*)",1,7.9677734375
32,256,fc1,volta_sgemm_128x64_tn,1,24.255859375
32,256,fc2,"void cublasLt::splitKreduce_kernel<32, 16, int, float, float, float, float, false, float, float, float, true, true, false>(cublasLt::cublasSplitKParams<float>, float const*, float const*, float*, float*, float const*, float const*, float const*, float const*, float*, void*, long, float*, int*, float*, float*, float const*, float const*, float const*, float const*, float const*)",1,3.263671875
32,256,fc2,volta_sgemm_32x128_tn,1,11.2001953125
32,256,gap,"void at::native::reduce_kernel<512, 1, at::native::ReduceOp<float, at::native::MeanOps<float, float, float, float>, unsigned int, float, 4, 4> >(at::native::ReduceOp<float, at::native::MeanOps<float, float, float, float>, unsigned int, float, 4, 4>)",1,26.7197265625
32,256,maxpool1,"void at::native::(anonymous namespace)::max_pool_forward_nchw<float, int>(int, float const*, long, long, long, int, int, int, int, int, int, int, int, int, int, float*, long*)",1,72.703125
32,256,relu1,"void at::native::vectorized_elementwise_kernel<4, at::native::(anonymous namespace)::launch_clamp_scalar(at::TensorIteratorBase&, c10::Scalar, c10::Scalar, at::native::detail::ClampLimits)::{lambda()#1}::operator()() const::{lambda()#7}::operator()() const::{lambda(float)#1}, std::array<char*, 2ul> >(int, at::native::(anonymous namespace)::launch_clamp_scalar(at::TensorIteratorBase&, c10::Scalar, c10::Scalar, at::native::detail::ClampLimits)::{lambda()#1}::operator()() const::{lambda()#7}::operator()() const::{lambda(float)#1}, std::array<char*, 2ul>)",1,62.3037109375
32,256,relu2,"void at::native::vectorized_elementwise_kernel<4, at::native::(anonymous namespace)::launch_clamp_scalar(at::TensorIteratorBase&, c10::Scalar, c10::Scalar, at::native::detail::ClampLimits)::{lambda()#1}::operator()() const::{lambda()#7}::operator()() const::{lambda(float)#1}, std::array<char*, 2ul> >(int, at::native::(anonymous namespace)::launch_clamp_scalar(at::TensorIteratorBase&, c10::Scalar, c10::Scalar, at::native::detail::ClampLimits)::{lambda()#1}::operator()() const::{lambda()#7}::operator()() const::{lambda(float)#1}, std::array<char*, 2ul>)",1,28.2236328125
32,256,relu3,"void at::native::vectorized_elementwise_kernel<4, at::native::(anonymous namespace)::launch_clamp_scalar(at::TensorIteratorBase&, c10::Scalar, c10::Scalar, at::native::detail::ClampLimits)::{lambda()#1}::operator()() const::{lambda()#7}::operator()() const::{lambda(float)#1}, std::array<char*, 2ul> >(int, at::native::(anonymous namespace)::launch_clamp_scalar(at::TensorIteratorBase&, c10::Scalar, c10::Scalar, at::native::detail::ClampLimits)::{lambda()#1}::operator()() const::{lambda()#7}::operator()() const::{lambda(float)#1}, std::array<char*, 2ul>)",1,5.6318359375
32,256,relu4,"void at::native::vectorized_elementwise_kernel<4, at::native::(anonymous namespace)::launch_clamp_scalar(at::TensorIteratorBase&, c10::Scalar, c10::Scalar, at::native::detail::ClampLimits)::{lambda()#1}::operator()() const::{lambda()#7}::operator()() const::{lambda(float)#1}, std::array<char*, 2ul> >(int, at::native::(anonymous namespace)::launch_clamp_scalar(at::TensorIteratorBase&, c10::Scalar, c10::Scalar, at::native::detail::ClampLimits)::{lambda()#1}::operator()() const::{lambda()#7}::operator()() const::{lambda(float)#1}, std::array<char*, 2ul>)",1,22.65625
32,256,relu5,"void at::native::vectorized_elementwise_kernel<4, at::native::(anonymous namespace)::launch_clamp_scalar(at::TensorIteratorBase&, c10::Scalar, c10::Scalar, at::native::detail::ClampLimits)::{lambda()#1}::operator()() const::{lambda()#7}::operator()() const::{lambda(float)#1}, std::array<char*, 2ul> >(int, at::native::(anonymous namespace)::launch_clamp_scalar(at::TensorIteratorBase&, c10::Scalar, c10::Scalar, at::native::detail::ClampLimits)::{lambda()#1}::operator()() const::{lambda()#7}::operator()() const::{lambda(float)#1}, std::array<char*, 2ul>)",1,3.83984375
32,256,relu6,"void at::native::vectorized_elementwise_kernel<4, at::native::(anonymous namespace)::launch_clamp_scalar(at::TensorIteratorBase&, c10::Scalar, c10::Scalar, at::native::detail::ClampLimits)::{lambda()#1}::operator()() const::{lambda()#7}::operator()() const::{lambda(float)#1}, std::array<char*, 2ul> >(int, at::native::(anonymous namespace)::launch_clamp_scalar(at::TensorIteratorBase&, c10::Scalar, c10::Scalar, at::native::detail::ClampLimits)::{lambda()#1}::operator()() const::{lambda()#7}::operator()() const::{lambda(float)#1}, std::array<char*, 2ul>)",1,10.3681640625
32,256,relu7,"void at::native::vectorized_elementwise_kernel<4, at::native::(anonymous namespace)::launch_clamp_scalar(at::TensorIteratorBase&, c10::Scalar, c10::Scalar, at::native::detail::ClampLimits)::{lambda()#1}::operator()() const::{lambda()#7}::operator()() const::{lambda(float)#1}, std::array<char*, 2ul> >(int, at::native::(anonymous namespace)::launch_clamp_scalar(at::TensorIteratorBase&, c10::Scalar, c10::Scalar, at::native::detail::ClampLimits)::{lambda()#1}::operator()() const::{lambda()#7}::operator()() const::{lambda(float)#1}, std::array<char*, 2ul>)",1,2.17578125
64,1,conv1_7x7_s2,"void implicit_convolve_sgemm<float, float, 128, 5, 5, 3, 3, 3, 1, false, false, true>(int, int, int, float const*, int, float*, float const*, kernel_conv_params, unsigned long long, int, float, float, int, float const*, float const*, bool, bool, int, int)",1,12.7041015625
64,1,conv2_5x5,"void fft2d_c2r_32x32<float, false, false, 1u, false, false>(float*, float2 const*, int, int, int, int, int, int, int, int, int, float, float, cudnn::reduced_divisor, bool, float*, float*, int2, cudnnActivationStruct, int, int)",1,9.408203125
64,1,conv2_5x5,"void fft2d_r2c_32x32<float, false, 1u, false>(float2*, float const*, int, int, int, int, int, int, int, int, int, cudnn::reduced_divisor, bool, int2, int, int)",1,17.919921875
64,1,conv2_5x5,"void fft2d_r2c_32x32<float, false, 5u, true>(float2*, float const*, int, int, int, int, int, int, int, int, int, cudnn::reduced_divisor, bool, int2, int, int)",1,46.8798828125
64,1,conv2_5x5,"void gemv2N_kernel<int, int, float2, float2, float2, float2, 128, 2, 4, 4, 1, false, cublasGemvParamsEx<int, cublasGemvTensorStridedBatched<float2 const>, cublasGemvTensorStridedBatched<float2 const>, cublasGemvTensorStridedBatched<float2>, float2> >(cublasGemvParamsEx<int, cublasGemvTensorStridedBatched<float2 const>, cublasGemvTensorStridedBatched<float2 const>, cublasGemvTensorStridedBatched<float2>, float2>)",1,44.927734375
64,1,conv3_3x3_s2,"void implicit_convolve_sgemm<float, float, 128, 5, 5, 3, 3, 3, 1, false, false, true>(int, int, int, float const*, int, float*, float const*, kernel_conv_params, unsigned long long, int, float, float, int, float const*, float const*, bool, bool, int, int)",1,35.4560546875
64,1,conv4_1x1,volta_sgemm_32x32_sliced1x4_nn,1,6.6240234375
64,1,conv5_3x3_s2,"void implicit_convolve_sgemm<float, float, 128, 5, 5, 3, 3, 3, 1, false, false, true>(int, int, int, float const*, int, float*, float const*, kernel_conv_params, unsigned long long, int, float, float, int, float const*, float const*, bool, bool, int, int)",1,137.408203125
64,1,conv6_1x1,"void cublasLt::splitKreduce_kernel<32, 16, int, float, float, float, float, false, float, float, float, true, false, false>(cublasLt::cublasSplitKParams<float>, float const*, float const*, float*, float*, float const*, float const*, float const*, float const*, float*, void*, long, float*, int*, float*, float*, float const*, float const*, float const*, float const*, float const*)",1,1.7919921875
64,1,conv6_1x1,volta_sgemm_32x128_nn,1,8.6396484375
64,1,fc1,"std::enable_if<!(false), void>::type internal::gemvx::kernel<int, int, float, float, float, float, false, true, true, false, 7, false, cublasGemvParamsEx<int, cublasGemvTensorStridedBatched<float const>, cublasGemvTensorStridedBatched<float const>, cublasGemvTensorStridedBatched<float>, float> >(cublasGemvParamsEx<int, cublasGemvTensorStridedBatched<float const>, cublasGemvTensorStridedBatched<float const>, cublasGemvTensorStridedBatched<float>, float>)",1,4.7998046875
64,1,fc2,"std::enable_if<!(false), void>::type internal::gemvx::kernel<int, int, float, float, float, float, false, true, true, false, 7, false, cublasGemvParamsEx<int, cublasGemvTensorStridedBatched<float const>, cublasGemvTensorStridedBatched<float const>, cublasGemvTensorStridedBatched<float>, float> >(cublasGemvParamsEx<int, cublasGemvTensorStridedBatched<float const>, cublasGemvTensorStridedBatched<float const>, cublasGemvTensorStridedBatched<float>, float>)",1,3.2958984375
64,1,gap,"void at::native::reduce_kernel<512, 1, at::native::ReduceOp<float, at::native::MeanOps<float, float, float, float>, unsigned int, float, 4, 4> >(at::native::ReduceOp<float, at::native::MeanOps<float, float, float, float>, unsigned int, float, 4, 4>)",1,4.7998046875
64,1,maxpool1,"void at::native::(anonymous namespace)::max_pool_forward_nchw<float, int>(int, float const*, long, long, long, int, int, int, int, int, int, int, int, int, int, float*, long*)",1,2.912109375
64,1,relu1,"void at::native::vectorized_elementwise_kernel<4, at::native::(anonymous namespace)::launch_clamp_scalar(at::TensorIteratorBase&, c10::Scalar, c10::Scalar, at::native::detail::ClampLimits)::{lambda()#1}::operator()() const::{lambda()#7}::operator()() const::{lambda(float)#1}, std::array<char*, 2ul> >(int, at::native::(anonymous namespace)::launch_clamp_scalar(at::TensorIteratorBase&, c10::Scalar, c10::Scalar, at::native::detail::ClampLimits)::{lambda()#1}::operator()() const::{lambda()#7}::operator()() const::{lambda(float)#1}, std::array<char*, 2ul>)",1,1.6962890625
64,1,relu2,"void at::native::vectorized_elementwise_kernel<4, at::native::(anonymous namespace)::launch_clamp_scalar(at::TensorIteratorBase&, c10::Scalar, c10::Scalar, at::native::detail::ClampLimits)::{lambda()#1}::operator()() const::{lambda()#7}::operator()() const::{lambda(float)#1}, std::array<char*, 2ul> >(int, at::native::(anonymous namespace)::launch_clamp_scalar(at::TensorIteratorBase&, c10::Scalar, c10::Scalar, at::native::detail::ClampLimits)::{lambda()#1}::operator()() const::{lambda()#7}::operator()() const::{lambda(float)#1}, std::array<char*, 2ul>)",1,1.50390625
64,1,relu3,"void at::native::vectorized_elementwise_kernel<4, at::native::(anonymous namespace)::launch_clamp_scalar(at::TensorIteratorBase&, c10::Scalar, c10::Scalar, at::native::detail::ClampLimits)::{lambda()#1}::operator()() const::{lambda()#7}::operator()() const::{lambda(float)#1}, std::array<char*, 2ul> >(int, at::native::(anonymous namespace)::launch_clamp_scalar(at::TensorIteratorBase&, c10::Scalar, c10::Scalar, at::native::detail::ClampLimits)::{lambda()#1}::operator()() const::{lambda()#7}::operator()() const::{lambda(float)#1}, std::array<char*, 2ul>)",1,1.4404296875
64,1,relu4,"void at::native::vectorized_elementwise_kernel<4, at::native::(anonymous namespace)::launch_clamp_scalar(at::TensorIteratorBase&, c10::Scalar, c10::Scalar, at::native::detail::ClampLimits)::{lambda()#1}::operator()() const::{lambda()#7}::operator()() const::{lambda(float)#1}, std::array<char*, 2ul> >(int, at::native::(anonymous namespace)::launch_clamp_scalar(at::TensorIteratorBase&, c10::Scalar, c10::Scalar, at::native::detail::ClampLimits)::{lambda()#1}::operator()() const::{lambda()#7}::operator()() const::{lambda(float)#1}, std::array<char*, 2ul>)",1,1.408203125
64,1,relu5,"void at::native::vectorized_elementwise_kernel<4, at::native::(anonymous namespace)::launch_clamp_scalar(at::TensorIteratorBase&, c10::Scalar, c10::Scalar, at::native::detail::ClampLimits)::{lambda()#1}::operator()() const::{lambda()#7}::operator()() const::{lambda(float)#1}, std::array<char*, 2ul> >(int, at::native::(anonymous namespace)::launch_clamp_scalar(at::TensorIteratorBase&, c10::Scalar, c10::Scalar, at::native::detail::ClampLimits)::{lambda()#1}::operator()() const::{lambda()#7}::operator()() const::{lambda(float)#1}, std::array<char*, 2ul>)",1,1.34375
64,1,relu6,"void at::native::vectorized_elementwise_kernel<4, at::native::(anonymous namespace)::launch_clamp_scalar(at::TensorIteratorBase&, c10::Scalar, c10::Scalar, at::native::detail::ClampLimits)::{lambda()#1}::operator()() const::{lambda()#7}::operator()() const::{lambda(float)#1}, std::array<char*, 2ul> >(int, at::native::(anonymous namespace)::launch_clamp_scalar(at::TensorIteratorBase&, c10::Scalar, c10::Scalar, at::native::detail::ClampLimits)::{lambda()#1}::operator()() const::{lambda()#7}::operator()() const::{lambda(float)#1}, std::array<char*, 2ul>)",1,1.4404296875
64,1,relu7,"void at::native::vectorized_elementwise_kernel<4, at::native::(anonymous namespace)::launch_clamp_scalar(at::TensorIteratorBase&, c10::Scalar, c10::Scalar, at::native::detail::ClampLimits)::{lambda()#1}::operator()() const::{lambda()#7}::operator()() const::{lambda(float)#1}, std::array<char*, 2ul> >(int, at::native::(anonymous namespace)::launch_clamp_scalar(at::TensorIteratorBase&, c10::Scalar, c10::Scalar, at::native::detail::ClampLimits)::{lambda()#1}::operator()() const::{lambda()#7}::operator()() const::{lambda(float)#1}, std::array<char*, 2ul>)",1,1.50390625
64,2,conv1_7x7_s2,_5x_cudnn_volta_scudnn_128x32_relu_medium_nn_v1,1,25.6328125
64,2,conv1_7x7_s2,"void cask__5x_cudnn::computeOffsetsKernel<false, false>(cask__5x_cudnn::ComputeOffsetsParams)",1,1.6962890625
64,2,conv2_5x5,"void fft2d_c2r_32x32<float, false, false, 1u, false, false>(float*, float2 const*, int, int, int, int, int, int, int, int, int, float, float, cudnn::reduced_divisor, bool, float*, float*, int2, cudnnActivationStruct, int, int)",1,9.3115234375
64,2,conv2_5x5,"void fft2d_r2c_32x32<float, false, 1u, false>(float2*, float const*, int, int, int, int, int, int, int, int, int, cudnn::reduced_divisor, bool, int2, int, int)",1,20.0009765625
64,2,conv2_5x5,"void fft2d_r2c_32x32<float, false, 5u, true>(float2*, float const*, int, int, int, int, int, int, int, int, int, cudnn::reduced_divisor, bool, int2, int, int)",1,48.8330078125
64,2,conv2_5x5,volta_gcgemm_64x32_nt,1,58.9755859375
64,2,conv3_3x3_s2,"void implicit_convolve_sgemm<float, float, 128, 5, 5, 3, 3, 3, 1, false, false, true>(int, int, int, float const*, int, float*, float const*, kernel_conv_params, unsigned long long, int, float, float, int, float const*, float const*, bool, bool, int, int)",1,35.552734375
64,2,conv4_1x1,"void cudnn::cnn::kern_precompute_indices<false>(int*, int, int, int, int, int)",1,1.2158203125
64,2,conv4_1x1,"void precomputed_convolve_sgemm<float, 1024, 5, 5, 4, 3, 3, 1, false>(int, int, int, float const*, int, float*, float const*, kernel_conv_params, unsigned long long, int, float, float, int, bool, bool, float const*, float const*, int*)",1,9.34375
64,2,conv5_3x3_s2,"void implicit_convolve_sgemm<float, float, 128, 5, 5, 3, 3, 3, 1, false, false, true>(int, int, int, float const*, int, float*, float const*, kernel_conv_params, unsigned long long, int, float, float, int, float const*, float const*, bool, bool, int, int)",1,137.4736328125
64,2,conv6_1x1,"void cudnn::cnn::kern_precompute_indices<false>(int*, int, int, int, int, int)",1,1.3759765625
64,2,conv6_1x1,"void precomputed_convolve_sgemm<float, 1024, 5, 5, 4, 3, 3, 1, false>(int, int, int, float const*, int, float*, float const*, kernel_conv_params, unsigned long long, int, float, float, int, bool, bool, float const*, float const*, int*)",1,16.12890625
64,2,fc1,"void gemmSN_TN_kernel<float, 128, 16, 2, 4, 2, 2, true, cublasGemvTensorStridedBatched<float const>, cublasGemvTensorStridedBatched<float const>, cublasGemvTensorStridedBatched<float> >(cublasGemmSmallNParams<cublasGemvTensorStridedBatched<float const>, cublasGemvTensorStridedBatched<float const>, cublasGemvTensorStridedBatched<float>, float>)",1,6.015625
64,2,fc2,"void gemmSN_TN_kernel<float, 128, 16, 2, 4, 2, 2, true, cublasGemvTensorStridedBatched<float const>, cublasGemvTensorStridedBatched<float const>, cublasGemvTensorStridedBatched<float> >(cublasGemmSmallNParams<cublasGemvTensorStridedBatched<float const>, cublasGemvTensorStridedBatched<float const>, cublasGemvTensorStridedBatched<float>, float>)",1,3.103515625
64,2,gap,"void at::native::reduce_kernel<512, 1, at::native::ReduceOp<float, at::native::MeanOps<float, float, float, float>, unsigned int, float, 4, 4> >(at::native::ReduceOp<float, at::native::MeanOps<float, float, float, float>, unsigned int, float, 4, 4>)",1,4.9921875
64,2,maxpool1,"void at::native::(anonymous namespace)::max_pool_forward_nchw<float, int>(int, float const*, long, long, long, int, int, int, int, int, int, int, int, int, int, float*, long*)",1,3.16796875
64,2,relu1,"void at::native::vectorized_elementwise_kernel<4, at::native::(anonymous namespace)::launch_clamp_scalar(at::TensorIteratorBase&, c10::Scalar, c10::Scalar, at::native::detail::ClampLimits)::{lambda()#1}::operator()() const::{lambda()#7}::operator()() const::{lambda(float)#1}, std::array<char*, 2ul> >(int, at::native::(anonymous namespace)::launch_clamp_scalar(at::TensorIteratorBase&, c10::Scalar, c10::Scalar, at::native::detail::ClampLimits)::{lambda()#1}::operator()() const::{lambda()#7}::operator()() const::{lambda(float)#1}, std::array<char*, 2ul>)",1,1.6318359375
64,2,relu2,"void at::native::vectorized_elementwise_kernel<4, at::native::(anonymous namespace)::launch_clamp_scalar(at::TensorIteratorBase&, c10::Scalar, c10::Scalar, at::native::detail::ClampLimits)::{lambda()#1}::operator()() const::{lambda()#7}::operator()() const::{lambda(float)#1}, std::array<char*, 2ul> >(int, at::native::(anonymous namespace)::launch_clamp_scalar(at::TensorIteratorBase&, c10::Scalar, c10::Scalar, at::native::detail::ClampLimits)::{lambda()#1}::operator()() const::{lambda()#7}::operator()() const::{lambda(float)#1}, std::array<char*, 2ul>)",1,1.82421875
64,2,relu3,"void at::native::vectorized_elementwise_kernel<4, at::native::(anonymous namespace)::launch_clamp_scalar(at::TensorIteratorBase&, c10::Scalar, c10::Scalar, at::native::detail::ClampLimits)::{lambda()#1}::operator()() const::{lambda()#7}::operator()() const::{lambda(float)#1}, std::array<char*, 2ul> >(int, at::native::(anonymous namespace)::launch_clamp_scalar(at::TensorIteratorBase&, c10::Scalar, c10::Scalar, at::native::detail::ClampLimits)::{lambda()#1}::operator()() const::{lambda()#7}::operator()() const::{lambda(float)#1}, std::array<char*, 2ul>)",1,1.408203125
64,2,relu4,"void at::native::vectorized_elementwise_kernel<4, at::native::(anonymous namespace)::launch_clamp_scalar(at::TensorIteratorBase&, c10::Scalar, c10::Scalar, at::native::detail::ClampLimits)::{lambda()#1}::operator()() const::{lambda()#7}::operator()() const::{lambda(float)#1}, std::array<char*, 2ul> >(int, at::native::(anonymous namespace)::launch_clamp_scalar(at::TensorIteratorBase&, c10::Scalar, c10::Scalar, at::native::detail::ClampLimits)::{lambda()#1}::operator()() const::{lambda()#7}::operator()() const::{lambda(float)#1}, std::array<char*, 2ul>)",1,1.4716796875
64,2,relu5,"void at::native::vectorized_elementwise_kernel<4, at::native::(anonymous namespace)::launch_clamp_scalar(at::TensorIteratorBase&, c10::Scalar, c10::Scalar, at::native::detail::ClampLimits)::{lambda()#1}::operator()() const::{lambda()#7}::operator()() const::{lambda(float)#1}, std::array<char*, 2ul> >(int, at::native::(anonymous namespace)::launch_clamp_scalar(at::TensorIteratorBase&, c10::Scalar, c10::Scalar, at::native::detail::ClampLimits)::{lambda()#1}::operator()() const::{lambda()#7}::operator()() const::{lambda(float)#1}, std::array<char*, 2ul>)",1,1.34375
64,2,relu6,"void at::native::vectorized_elementwise_kernel<4, at::native::(anonymous namespace)::launch_clamp_scalar(at::TensorIteratorBase&, c10::Scalar, c10::Scalar, at::native::detail::ClampLimits)::{lambda()#1}::operator()() const::{lambda()#7}::operator()() const::{lambda(float)#1}, std::array<char*, 2ul> >(int, at::native::(anonymous namespace)::launch_clamp_scalar(at::TensorIteratorBase&, c10::Scalar, c10::Scalar, at::native::detail::ClampLimits)::{lambda()#1}::operator()() const::{lambda()#7}::operator()() const::{lambda(float)#1}, std::array<char*, 2ul>)",1,1.408203125
64,2,relu7,"void at::native::vectorized_elementwise_kernel<4, at::native::(anonymous namespace)::launch_clamp_scalar(at::TensorIteratorBase&, c10::Scalar, c10::Scalar, at::native::detail::ClampLimits)::{lambda()#1}::operator()() const::{lambda()#7}::operator()() const::{lambda(float)#1}, std::array<char*, 2ul> >(int, at::native::(anonymous namespace)::launch_clamp_scalar(at::TensorIteratorBase&, c10::Scalar, c10::Scalar, at::native::detail::ClampLimits)::{lambda()#1}::operator()() const::{lambda()#7}::operator()() const::{lambda(float)#1}, std::array<char*, 2ul>)",1,1.5361328125
64,4,conv1_7x7_s2,_5x_cudnn_volta_scudnn_128x32_relu_medium_nn_v1,1,28.19140625
64,4,conv1_7x7_s2,"void cask__5x_cudnn::computeOffsetsKernel<false, false>(cask__5x_cudnn::ComputeOffsetsParams)",1,1.8564453125
64,4,conv2_5x5,"void fft2d_c2r_32x32<float, false, false, 1u, false, false>(float*, float2 const*, int, int, int, int, int, int, int, int, int, float, float, cudnn::reduced_divisor, bool, float*, float*, int2, cudnnActivationStruct, int, int)",1,11.2958984375
64,4,conv2_5x5,"void fft2d_r2c_32x32<float, false, 1u, false>(float2*, float const*, int, int, int, int, int, int, int, int, int, cudnn::reduced_divisor, bool, int2, int, int)",1,22.240234375
64,4,conv2_5x5,"void fft2d_r2c_32x32<float, false, 5u, true>(float2*, float const*, int, int, int, int, int, int, int, int, int, cudnn::reduced_divisor, bool, int2, int, int)",1,51.232421875
64,4,conv2_5x5,volta_gcgemm_64x32_nt,1,61.9189453125
64,4,conv3_3x3_s2,"void implicit_convolve_sgemm<float, float, 128, 5, 5, 3, 3, 3, 1, false, false, true>(int, int, int, float const*, int, float*, float const*, kernel_conv_params, unsigned long long, int, float, float, int, float const*, float const*, bool, bool, int, int)",1,38.6240234375
64,4,conv4_1x1,"void implicit_convolve_sgemm<float, float, 1024, 5, 5, 3, 3, 3, 1, false, false, true>(int, int, int, float const*, int, float*, float const*, kernel_conv_params, unsigned long long, int, float, float, int, float const*, float const*, bool, bool, int, int)",1,14.015625
64,4,conv5_3x3_s2,"void implicit_convolve_sgemm<float, float, 128, 5, 5, 3, 3, 3, 1, false, false, true>(int, int, int, float const*, int, float*, float const*, kernel_conv_params, unsigned long long, int, float, float, int, float const*, float const*, bool, bool, int, int)",1,147.8388671875
64,4,conv6_1x1,"void cudnn::cnn::kern_precompute_indices<false>(int*, int, int, int, int, int)",1,1.50390625
64,4,conv6_1x1,"void precomputed_convolve_sgemm<float, 1024, 5, 5, 4, 3, 3, 1, false>(int, int, int, float const*, int, float*, float const*, kernel_conv_params, unsigned long long, int, float, float, int, bool, bool, float const*, float const*, int*)",1,18.8798828125
64,4,fc1,"void gemmSN_TN_kernel<float, 128, 16, 2, 4, 4, 4, true, cublasGemvTensorStridedBatched<float const>, cublasGemvTensorStridedBatched<float const>, cublasGemvTensorStridedBatched<float> >(cublasGemmSmallNParams<cublasGemvTensorStridedBatched<float const>, cublasGemvTensorStridedBatched<float const>, cublasGemvTensorStridedBatched<float>, float>)",1,6.65625
64,4,fc2,"void gemmSN_TN_kernel<float, 128, 16, 2, 4, 4, 4, true, cublasGemvTensorStridedBatched<float const>, cublasGemvTensorStridedBatched<float const>, cublasGemvTensorStridedBatched<float> >(cublasGemmSmallNParams<cublasGemvTensorStridedBatched<float const>, cublasGemvTensorStridedBatched<float const>, cublasGemvTensorStridedBatched<float>, float>)",1,3.4560546875
64,4,gap,"void at::native::reduce_kernel<512, 1, at::native::ReduceOp<float, at::native::MeanOps<float, float, float, float>, unsigned int, float, 4, 4> >(at::native::ReduceOp<float, at::native::MeanOps<float, float, float, float>, unsigned int, float, 4, 4>)",1,5.5361328125
64,4,maxpool1,"void at::native::(anonymous namespace)::max_pool_forward_nchw<float, int>(int, float const*, long, long, long, int, int, int, int, int, int, int, int, int, int, float*, long*)",1,4.6396484375
64,4,relu1,"void at::native::vectorized_elementwise_kernel<4, at::native::(anonymous namespace)::launch_clamp_scalar(at::TensorIteratorBase&, c10::Scalar, c10::Scalar, at::native::detail::ClampLimits)::{lambda()#1}::operator()() const::{lambda()#7}::operator()() const::{lambda(float)#1}, std::array<char*, 2ul> >(int, at::native::(anonymous namespace)::launch_clamp_scalar(at::TensorIteratorBase&, c10::Scalar, c10::Scalar, at::native::detail::ClampLimits)::{lambda()#1}::operator()() const::{lambda()#7}::operator()() const::{lambda(float)#1}, std::array<char*, 2ul>)",1,2.240234375
64,4,relu2,"void at::native::vectorized_elementwise_kernel<4, at::native::(anonymous namespace)::launch_clamp_scalar(at::TensorIteratorBase&, c10::Scalar, c10::Scalar, at::native::detail::ClampLimits)::{lambda()#1}::operator()() const::{lambda()#7}::operator()() const::{lambda(float)#1}, std::array<char*, 2ul> >(int, at::native::(anonymous namespace)::launch_clamp_scalar(at::TensorIteratorBase&, c10::Scalar, c10::Scalar, at::native::detail::ClampLimits)::{lambda()#1}::operator()() const::{lambda()#7}::operator()() const::{lambda(float)#1}, std::array<char*, 2ul>)",1,2.1123046875
64,4,relu3,"void at::native::vectorized_elementwise_kernel<4, at::native::(anonymous namespace)::launch_clamp_scalar(at::TensorIteratorBase&, c10::Scalar, c10::Scalar, at::native::detail::ClampLimits)::{lambda()#1}::operator()() const::{lambda()#7}::operator()() const::{lambda(float)#1}, std::array<char*, 2ul> >(int, at::native::(anonymous namespace)::launch_clamp_scalar(at::TensorIteratorBase&, c10::Scalar, c10::Scalar, at::native::detail::ClampLimits)::{lambda()#1}::operator()() const::{lambda()#7}::operator()() const::{lambda(float)#1}, std::array<char*, 2ul>)",1,1.6318359375
64,4,relu4,"void at::native::vectorized_elementwise_kernel<4, at::native::(anonymous namespace)::launch_clamp_scalar(at::TensorIteratorBase&, c10::Scalar, c10::Scalar, at::native::detail::ClampLimits)::{lambda()#1}::operator()() const::{lambda()#7}::operator()() const::{lambda(float)#1}, std::array<char*, 2ul> >(int, at::native::(anonymous namespace)::launch_clamp_scalar(at::TensorIteratorBase&, c10::Scalar, c10::Scalar, at::native::detail::ClampLimits)::{lambda()#1}::operator()() const::{lambda()#7}::operator()() const::{lambda(float)#1}, std::array<char*, 2ul>)",1,1.82421875
64,4,relu5,"void at::native::vectorized_elementwise_kernel<4, at::native::(anonymous namespace)::launch_clamp_scalar(at::TensorIteratorBase&, c10::Scalar, c10::Scalar, at::native::detail::ClampLimits)::{lambda()#1}::operator()() const::{lambda()#7}::operator()() const::{lambda(float)#1}, std::array<char*, 2ul> >(int, at::native::(anonymous namespace)::launch_clamp_scalar(at::TensorIteratorBase&, c10::Scalar, c10::Scalar, at::native::detail::ClampLimits)::{lambda()#1}::operator()() const::{lambda()#7}::operator()() const::{lambda(float)#1}, std::array<char*, 2ul>)",1,1.50390625
64,4,relu6,"void at::native::vectorized_elementwise_kernel<4, at::native::(anonymous namespace)::launch_clamp_scalar(at::TensorIteratorBase&, c10::Scalar, c10::Scalar, at::native::detail::ClampLimits)::{lambda()#1}::operator()() const::{lambda()#7}::operator()() const::{lambda(float)#1}, std::array<char*, 2ul> >(int, at::native::(anonymous namespace)::launch_clamp_scalar(at::TensorIteratorBase&, c10::Scalar, c10::Scalar, at::native::detail::ClampLimits)::{lambda()#1}::operator()() const::{lambda()#7}::operator()() const::{lambda(float)#1}, std::array<char*, 2ul>)",1,1.6318359375
64,4,relu7,"void at::native::vectorized_elementwise_kernel<4, at::native::(anonymous namespace)::launch_clamp_scalar(at::TensorIteratorBase&, c10::Scalar, c10::Scalar, at::native::detail::ClampLimits)::{lambda()#1}::operator()() const::{lambda()#7}::operator()() const::{lambda(float)#1}, std::array<char*, 2ul> >(int, at::native::(anonymous namespace)::launch_clamp_scalar(at::TensorIteratorBase&, c10::Scalar, c10::Scalar, at::native::detail::ClampLimits)::{lambda()#1}::operator()() const::{lambda()#7}::operator()() const::{lambda(float)#1}, std::array<char*, 2ul>)",1,1.4716796875
64,8,conv1_7x7_s2,_5x_cudnn_volta_scudnn_128x32_relu_medium_nn_v1,1,33.9833984375
64,8,conv1_7x7_s2,"void cask__5x_cudnn::computeOffsetsKernel<false, false>(cask__5x_cudnn::ComputeOffsetsParams)",1,2.080078125
64,8,conv2_5x5,_5x_cudnn_volta_scudnn_128x32_sliced1x4_ldg4_relu_exp_medium_nhwc_tn_v1,1,56.0302734375
64,8,conv2_5x5,"void cask__5x_cudnn::computeOffsetsKernel<false, false>(cask__5x_cudnn::ComputeOffsetsParams)",1,1.919921875
64,8,conv2_5x5,"void cudnn::engines_precompiled::nchwToNhwcKernel<float, float, float, false, true, (cudnnKernelDataType_t)0>(cudnn::engines_precompiled::nchw2nhwc_params_t<float>, float const*, float*)",2,3.2158203125
64,8,conv2_5x5,"void cudnn::engines_precompiled::nhwcToNchwKernel<float, float, float, true, false, (cudnnKernelDataType_t)0>(cudnn::engines_precompiled::nhwc2nchw_params_t<float>, float const*, float*)",1,3.232421875
64,8,conv3_3x3_s2,_5x_cudnn_volta_scudnn_128x64_relu_small_nn_v1,1,78.0126953125
64,8,conv3_3x3_s2,"void cask__5x_cudnn::computeOffsetsKernel<false, false>(cask__5x_cudnn::ComputeOffsetsParams)",1,1.8876953125
64,8,conv4_1x1,_5x_cudnn_volta_scudnn_128x64_relu_small_nn_v1,1,23.998046875
64,8,conv4_1x1,"void cask__5x_cudnn::computeOffsetsKernel<false, false>(cask__5x_cudnn::ComputeOffsetsParams)",1,1.8564453125
64,8,conv5_3x3_s2,_5x_cudnn_volta_scudnn_128x32_sliced1x4_ldg4_relu_exp_medium_nhwc_tn_v1,1,139.1962890625
64,8,conv5_3x3_s2,"void cask__5x_cudnn::computeOffsetsKernel<false, false>(cask__5x_cudnn::ComputeOffsetsParams)",1,2.240234375
64,8,conv5_3x3_s2,"void cudnn::engines_precompiled::nchwToNhwcKernel<float, float, float, false, true, (cudnnKernelDataType_t)0>(cudnn::engines_precompiled::nchw2nhwc_params_t<float>, float const*, float*)",2,14.4638671875
64,8,conv5_3x3_s2,"void cudnn::engines_precompiled::nhwcToNchwKernel<float, float, float, true, false, (cudnnKernelDataType_t)0>(cudnn::engines_precompiled::nhwc2nchw_params_t<float>, float const*, float*)",1,2.591796875
64,8,conv6_1x1,"void cudnn::cnn::kern_precompute_indices<false>(int*, int, int, int, int, int)",1,1.7275390625
64,8,conv6_1x1,"void precomputed_convolve_sgemm<float, 1024, 5, 5, 4, 3, 3, 1, false>(int, int, int, float const*, int, float*, float const*, kernel_conv_params, unsigned long long, int, float, float, int, bool, bool, float const*, float const*, int*)",1,24.5107421875
64,8,fc1,"void gemmSN_TN_kernel<float, 128, 16, 2, 4, 8, 9, false, cublasGemvTensorStridedBatched<float const>, cublasGemvTensorStridedBatched<float const>, cublasGemvTensorStridedBatched<float> >(cublasGemmSmallNParams<cublasGemvTensorStridedBatched<float const>, cublasGemvTensorStridedBatched<float const>, cublasGemvTensorStridedBatched<float>, float>)",1,10.6865234375
64,8,fc2,"void gemmSN_TN_kernel<float, 128, 16, 2, 4, 8, 9, false, cublasGemvTensorStridedBatched<float const>, cublasGemvTensorStridedBatched<float const>, cublasGemvTensorStridedBatched<float> >(cublasGemmSmallNParams<cublasGemvTensorStridedBatched<float const>, cublasGemvTensorStridedBatched<float const>, cublasGemvTensorStridedBatched<float>, float>)",1,5.4716796875
64,8,gap,"void at::native::reduce_kernel<512, 1, at::native::ReduceOp<float, at::native::MeanOps<float, float, float, float>, unsigned int, float, 4, 4> >(at::native::ReduceOp<float, at::native::MeanOps<float, float, float, float>, unsigned int, float, 4, 4>)",1,8.19140625
64,8,maxpool1,"void at::native::(anonymous namespace)::max_pool_forward_nchw<float, int>(int, float const*, long, long, long, int, int, int, int, int, int, int, int, int, int, float*, long*)",1,8.2236328125
64,8,relu1,"void at::native::vectorized_elementwise_kernel<4, at::native::(anonymous namespace)::launch_clamp_scalar(at::TensorIteratorBase&, c10::Scalar, c10::Scalar, at::native::detail::ClampLimits)::{lambda()#1}::operator()() const::{lambda()#7}::operator()() const::{lambda(float)#1}, std::array<char*, 2ul> >(int, at::native::(anonymous namespace)::launch_clamp_scalar(at::TensorIteratorBase&, c10::Scalar, c10::Scalar, at::native::detail::ClampLimits)::{lambda()#1}::operator()() const::{lambda()#7}::operator()() const::{lambda(float)#1}, std::array<char*, 2ul>)",1,3.423828125
64,8,relu2,"void at::native::vectorized_elementwise_kernel<4, at::native::(anonymous namespace)::launch_clamp_scalar(at::TensorIteratorBase&, c10::Scalar, c10::Scalar, at::native::detail::ClampLimits)::{lambda()#1}::operator()() const::{lambda()#7}::operator()() const::{lambda(float)#1}, std::array<char*, 2ul> >(int, at::native::(anonymous namespace)::launch_clamp_scalar(at::TensorIteratorBase&, c10::Scalar, c10::Scalar, at::native::detail::ClampLimits)::{lambda()#1}::operator()() const::{lambda()#7}::operator()() const::{lambda(float)#1}, std::array<char*, 2ul>)",1,2.5283203125
64,8,relu3,"void at::native::vectorized_elementwise_kernel<4, at::native::(anonymous namespace)::launch_clamp_scalar(at::TensorIteratorBase&, c10::Scalar, c10::Scalar, at::native::detail::ClampLimits)::{lambda()#1}::operator()() const::{lambda()#7}::operator()() const::{lambda(float)#1}, std::array<char*, 2ul> >(int, at::native::(anonymous namespace)::launch_clamp_scalar(at::TensorIteratorBase&, c10::Scalar, c10::Scalar, at::native::detail::ClampLimits)::{lambda()#1}::operator()() const::{lambda()#7}::operator()() const::{lambda(float)#1}, std::array<char*, 2ul>)",1,2.0478515625
64,8,relu4,"void at::native::vectorized_elementwise_kernel<4, at::native::(anonymous namespace)::launch_clamp_scalar(at::TensorIteratorBase&, c10::Scalar, c10::Scalar, at::native::detail::ClampLimits)::{lambda()#1}::operator()() const::{lambda()#7}::operator()() const::{lambda(float)#1}, std::array<char*, 2ul> >(int, at::native::(anonymous namespace)::launch_clamp_scalar(at::TensorIteratorBase&, c10::Scalar, c10::Scalar, at::native::detail::ClampLimits)::{lambda()#1}::operator()() const::{lambda()#7}::operator()() const::{lambda(float)#1}, std::array<char*, 2ul>)",1,2.6240234375
64,8,relu5,"void at::native::vectorized_elementwise_kernel<4, at::native::(anonymous namespace)::launch_clamp_scalar(at::TensorIteratorBase&, c10::Scalar, c10::Scalar, at::native::detail::ClampLimits)::{lambda()#1}::operator()() const::{lambda()#7}::operator()() const::{lambda(float)#1}, std::array<char*, 2ul> >(int, at::native::(anonymous namespace)::launch_clamp_scalar(at::TensorIteratorBase&, c10::Scalar, c10::Scalar, at::native::detail::ClampLimits)::{lambda()#1}::operator()() const::{lambda()#7}::operator()() const::{lambda(float)#1}, std::array<char*, 2ul>)",1,1.82421875
64,8,relu6,"void at::native::vectorized_elementwise_kernel<4, at::native::(anonymous namespace)::launch_clamp_scalar(at::TensorIteratorBase&, c10::Scalar, c10::Scalar, at::native::detail::ClampLimits)::{lambda()#1}::operator()() const::{lambda()#7}::operator()() const::{lambda(float)#1}, std::array<char*, 2ul> >(int, at::native::(anonymous namespace)::launch_clamp_scalar(at::TensorIteratorBase&, c10::Scalar, c10::Scalar, at::native::detail::ClampLimits)::{lambda()#1}::operator()() const::{lambda()#7}::operator()() const::{lambda(float)#1}, std::array<char*, 2ul>)",1,2.1123046875
64,8,relu7,"void at::native::vectorized_elementwise_kernel<4, at::native::(anonymous namespace)::launch_clamp_scalar(at::TensorIteratorBase&, c10::Scalar, c10::Scalar, at::native::detail::ClampLimits)::{lambda()#1}::operator()() const::{lambda()#7}::operator()() const::{lambda(float)#1}, std::array<char*, 2ul> >(int, at::native::(anonymous namespace)::launch_clamp_scalar(at::TensorIteratorBase&, c10::Scalar, c10::Scalar, at::native::detail::ClampLimits)::{lambda()#1}::operator()() const::{lambda()#7}::operator()() const::{lambda(float)#1}, std::array<char*, 2ul>)",1,1.759765625
64,16,conv1_7x7_s2,_5x_cudnn_volta_scudnn_128x32_relu_medium_nn_v1,1,40.9921875
64,16,conv1_7x7_s2,"void cask__5x_cudnn::computeOffsetsKernel<false, false>(cask__5x_cudnn::ComputeOffsetsParams)",1,1.6962890625
64,16,conv2_5x5,_5x_cudnn_volta_scudnn_128x64_relu_small_nn_v1,1,87.2001953125
64,16,conv2_5x5,"void cask__5x_cudnn::computeOffsetsKernel<false, false>(cask__5x_cudnn::ComputeOffsetsParams)",1,1.759765625
64,16,conv3_3x3_s2,_5x_cudnn_volta_scudnn_128x64_relu_small_nn_v1,1,63.390625
64,16,conv3_3x3_s2,"void cask__5x_cudnn::computeOffsetsKernel<false, false>(cask__5x_cudnn::ComputeOffsetsParams)",1,1.5361328125
64,16,conv4_1x1,_5x_cudnn_volta_scudnn_128x64_relu_small_nn_v1,1,20.0
64,16,conv4_1x1,"void cask__5x_cudnn::computeOffsetsKernel<false, false>(cask__5x_cudnn::ComputeOffsetsParams)",1,1.5361328125
64,16,conv5_3x3_s2,_5x_cudnn_volta_scudnn_128x32_sliced1x4_ldg4_relu_exp_medium_nhwc_tn_v1,1,113.119140625
64,16,conv5_3x3_s2,"void cask__5x_cudnn::computeOffsetsKernel<false, false>(cask__5x_cudnn::ComputeOffsetsParams)",1,1.6962890625
64,16,conv5_3x3_s2,"void cudnn::engines_precompiled::nchwToNhwcKernel<float, float, float, false, true, (cudnnKernelDataType_t)0>(cudnn::engines_precompiled::nchw2nhwc_params_t<float>, float const*, float*)",2,13.087890625
64,16,conv5_3x3_s2,"void cudnn::engines_precompiled::nhwcToNchwKernel<float, float, float, true, false, (cudnnKernelDataType_t)0>(cudnn::engines_precompiled::nhwc2nchw_params_t<float>, float const*, float*)",1,2.4638671875
64,16,conv6_1x1,_5x_cudnn_volta_scudnn_128x64_relu_small_nn_v1,1,33.6640625
64,16,conv6_1x1,"void cask__5x_cudnn::computeOffsetsKernel<false, false>(cask__5x_cudnn::ComputeOffsetsParams)",1,1.6962890625
64,16,fc1,"void gemmSN_TN_kernel<float, 128, 16, 2, 4, 8, 9, false, cublasGemvTensorStridedBatched<float const>, cublasGemvTensorStridedBatched<float const>, cublasGemvTensorStridedBatched<float> >(cublasGemmSmallNParams<cublasGemvTensorStridedBatched<float const>, cublasGemvTensorStridedBatched<float const>, cublasGemvTensorStridedBatched<float>, float>)",1,10.1435546875
64,16,fc2,"void gemmSN_TN_kernel<float, 128, 16, 2, 4, 8, 9, false, cublasGemvTensorStridedBatched<float const>, cublasGemvTensorStridedBatched<float const>, cublasGemvTensorStridedBatched<float> >(cublasGemmSmallNParams<cublasGemvTensorStridedBatched<float const>, cublasGemvTensorStridedBatched<float const>, cublasGemvTensorStridedBatched<float>, float>)",1,4.9921875
64,16,gap,"void at::native::reduce_kernel<512, 1, at::native::ReduceOp<float, at::native::MeanOps<float, float, float, float>, unsigned int, float, 4, 4> >(at::native::ReduceOp<float, at::native::MeanOps<float, float, float, float>, unsigned int, float, 4, 4>)",1,8.767578125
64,16,maxpool1,"void at::native::(anonymous namespace)::max_pool_forward_nchw<float, int>(int, float const*, long, long, long, int, int, int, int, int, int, int, int, int, int, float*, long*)",1,11.072265625
64,16,relu1,"void at::native::vectorized_elementwise_kernel<4, at::native::(anonymous namespace)::launch_clamp_scalar(at::TensorIteratorBase&, c10::Scalar, c10::Scalar, at::native::detail::ClampLimits)::{lambda()#1}::operator()() const::{lambda()#7}::operator()() const::{lambda(float)#1}, std::array<char*, 2ul> >(int, at::native::(anonymous namespace)::launch_clamp_scalar(at::TensorIteratorBase&, c10::Scalar, c10::Scalar, at::native::detail::ClampLimits)::{lambda()#1}::operator()() const::{lambda()#7}::operator()() const::{lambda(float)#1}, std::array<char*, 2ul>)",1,3.9677734375
64,16,relu2,"void at::native::vectorized_elementwise_kernel<4, at::native::(anonymous namespace)::launch_clamp_scalar(at::TensorIteratorBase&, c10::Scalar, c10::Scalar, at::native::detail::ClampLimits)::{lambda()#1}::operator()() const::{lambda()#7}::operator()() const::{lambda(float)#1}, std::array<char*, 2ul> >(int, at::native::(anonymous namespace)::launch_clamp_scalar(at::TensorIteratorBase&, c10::Scalar, c10::Scalar, at::native::detail::ClampLimits)::{lambda()#1}::operator()() const::{lambda()#7}::operator()() const::{lambda(float)#1}, std::array<char*, 2ul>)",1,2.65625
64,16,relu3,"void at::native::vectorized_elementwise_kernel<4, at::native::(anonymous namespace)::launch_clamp_scalar(at::TensorIteratorBase&, c10::Scalar, c10::Scalar, at::native::detail::ClampLimits)::{lambda()#1}::operator()() const::{lambda()#7}::operator()() const::{lambda(float)#1}, std::array<char*, 2ul> >(int, at::native::(anonymous namespace)::launch_clamp_scalar(at::TensorIteratorBase&, c10::Scalar, c10::Scalar, at::native::detail::ClampLimits)::{lambda()#1}::operator()() const::{lambda()#7}::operator()() const::{lambda(float)#1}, std::array<char*, 2ul>)",1,2.080078125
64,16,relu4,"void at::native::vectorized_elementwise_kernel<4, at::native::(anonymous namespace)::launch_clamp_scalar(at::TensorIteratorBase&, c10::Scalar, c10::Scalar, at::native::detail::ClampLimits)::{lambda()#1}::operator()() const::{lambda()#7}::operator()() const::{lambda(float)#1}, std::array<char*, 2ul> >(int, at::native::(anonymous namespace)::launch_clamp_scalar(at::TensorIteratorBase&, c10::Scalar, c10::Scalar, at::native::detail::ClampLimits)::{lambda()#1}::operator()() const::{lambda()#7}::operator()() const::{lambda(float)#1}, std::array<char*, 2ul>)",1,2.751953125
64,16,relu5,"void at::native::vectorized_elementwise_kernel<4, at::native::(anonymous namespace)::launch_clamp_scalar(at::TensorIteratorBase&, c10::Scalar, c10::Scalar, at::native::detail::ClampLimits)::{lambda()#1}::operator()() const::{lambda()#7}::operator()() const::{lambda(float)#1}, std::array<char*, 2ul> >(int, at::native::(anonymous namespace)::launch_clamp_scalar(at::TensorIteratorBase&, c10::Scalar, c10::Scalar, at::native::detail::ClampLimits)::{lambda()#1}::operator()() const::{lambda()#7}::operator()() const::{lambda(float)#1}, std::array<char*, 2ul>)",1,1.6640625
64,16,relu6,"void at::native::vectorized_elementwise_kernel<4, at::native::(anonymous namespace)::launch_clamp_scalar(at::TensorIteratorBase&, c10::Scalar, c10::Scalar, at::native::detail::ClampLimits)::{lambda()#1}::operator()() const::{lambda()#7}::operator()() const::{lambda(float)#1}, std::array<char*, 2ul> >(int, at::native::(anonymous namespace)::launch_clamp_scalar(at::TensorIteratorBase&, c10::Scalar, c10::Scalar, at::native::detail::ClampLimits)::{lambda()#1}::operator()() const::{lambda()#7}::operator()() const::{lambda(float)#1}, std::array<char*, 2ul>)",1,2.1435546875
64,16,relu7,"void at::native::vectorized_elementwise_kernel<4, at::native::(anonymous namespace)::launch_clamp_scalar(at::TensorIteratorBase&, c10::Scalar, c10::Scalar, at::native::detail::ClampLimits)::{lambda()#1}::operator()() const::{lambda()#7}::operator()() const::{lambda(float)#1}, std::array<char*, 2ul> >(int, at::native::(anonymous namespace)::launch_clamp_scalar(at::TensorIteratorBase&, c10::Scalar, c10::Scalar, at::native::detail::ClampLimits)::{lambda()#1}::operator()() const::{lambda()#7}::operator()() const::{lambda(float)#1}, std::array<char*, 2ul>)",1,1.4716796875
64,32,conv1_7x7_s2,_5x_cudnn_volta_scudnn_128x32_relu_medium_nn_v1,1,79.775390625
64,32,conv1_7x7_s2,"void cask__5x_cudnn::computeOffsetsKernel<false, false>(cask__5x_cudnn::ComputeOffsetsParams)",1,2.080078125
64,32,conv2_5x5,_5x_cudnn_volta_scudnn_128x64_relu_small_nn_v1,1,172.4150390625
64,32,conv2_5x5,"void cask__5x_cudnn::computeOffsetsKernel<false, false>(cask__5x_cudnn::ComputeOffsetsParams)",1,2.0478515625
64,32,conv3_3x3_s2,_5x_cudnn_volta_scudnn_128x64_relu_xregs_large_nn_v1,1,79.8388671875
64,32,conv3_3x3_s2,"void cask__5x_cudnn::computeOffsetsKernel<false, false>(cask__5x_cudnn::ComputeOffsetsParams)",1,1.599609375
64,32,conv4_1x1,_5x_cudnn_volta_scudnn_128x64_relu_small_nn_v1,1,35.6484375
64,32,conv4_1x1,"void cask__5x_cudnn::computeOffsetsKernel<false, false>(cask__5x_cudnn::ComputeOffsetsParams)",1,1.6318359375
64,32,conv5_3x3_s2,_5x_cudnn_volta_scudnn_128x64_relu_small_nn_v1,1,260.2216796875
64,32,conv5_3x3_s2,"void cask__5x_cudnn::computeOffsetsKernel<false, false>(cask__5x_cudnn::ComputeOffsetsParams)",1,1.6962890625
64,32,conv6_1x1,_5x_cudnn_volta_scudnn_128x128_relu_medium_nn_v1,1,55.8076171875
64,32,conv6_1x1,"void cask__5x_cudnn::computeOffsetsKernel<false, false>(cask__5x_cudnn::ComputeOffsetsParams)",1,1.9521484375
64,32,fc1,"void cublasLt::splitKreduce_kernel<32, 16, int, float, float, float, float, false, float, float, float, true, true, false>(cublasLt::cublasSplitKParams<float>, float const*, float const*, float*, float*, float const*, float const*, float const*, float const*, float*, void*, long, float*, int*, float*, float*, float const*, float const*, float const*, float const*, float const*)",1,2.65625
64,32,fc1,volta_sgemm_64x32_sliced1x4_tn,1,9.8876953125
64,32,fc2,volta_sgemm_32x32_sliced1x4_tn,1,11.48828125
64,32,gap,"void at::native::reduce_kernel<512, 1, at::native::ReduceOp<float, at::native::MeanOps<float, float, float, float>, unsigned int, float, 4, 4> >(at::native::ReduceOp<float, at::native::MeanOps<float, float, float, float>, unsigned int, float, 4, 4>)",1,13.8564453125
64,32,maxpool1,"void at::native::(anonymous namespace)::max_pool_forward_nchw<float, int>(int, float const*, long, long, long, int, int, int, int, int, int, int, int, int, int, float*, long*)",1,33.8564453125
64,32,relu1,"void at::native::vectorized_elementwise_kernel<4, at::native::(anonymous namespace)::launch_clamp_scalar(at::TensorIteratorBase&, c10::Scalar, c10::Scalar, at::native::detail::ClampLimits)::{lambda()#1}::operator()() const::{lambda()#7}::operator()() const::{lambda(float)#1}, std::array<char*, 2ul> >(int, at::native::(anonymous namespace)::launch_clamp_scalar(at::TensorIteratorBase&, c10::Scalar, c10::Scalar, at::native::detail::ClampLimits)::{lambda()#1}::operator()() const::{lambda()#7}::operator()() const::{lambda(float)#1}, std::array<char*, 2ul>)",1,28.703125
64,32,relu2,"void at::native::vectorized_elementwise_kernel<4, at::native::(anonymous namespace)::launch_clamp_scalar(at::TensorIteratorBase&, c10::Scalar, c10::Scalar, at::native::detail::ClampLimits)::{lambda()#1}::operator()() const::{lambda()#7}::operator()() const::{lambda(float)#1}, std::array<char*, 2ul> >(int, at::native::(anonymous namespace)::launch_clamp_scalar(at::TensorIteratorBase&, c10::Scalar, c10::Scalar, at::native::detail::ClampLimits)::{lambda()#1}::operator()() const::{lambda()#7}::operator()() const::{lambda(float)#1}, std::array<char*, 2ul>)",1,4.2880859375
64,32,relu3,"void at::native::vectorized_elementwise_kernel<4, at::native::(anonymous namespace)::launch_clamp_scalar(at::TensorIteratorBase&, c10::Scalar, c10::Scalar, at::native::detail::ClampLimits)::{lambda()#1}::operator()() const::{lambda()#7}::operator()() const::{lambda(float)#1}, std::array<char*, 2ul> >(int, at::native::(anonymous namespace)::launch_clamp_scalar(at::TensorIteratorBase&, c10::Scalar, c10::Scalar, at::native::detail::ClampLimits)::{lambda()#1}::operator()() const::{lambda()#7}::operator()() const::{lambda(float)#1}, std::array<char*, 2ul>)",1,2.84765625
64,32,relu4,"void at::native::vectorized_elementwise_kernel<4, at::native::(anonymous namespace)::launch_clamp_scalar(at::TensorIteratorBase&, c10::Scalar, c10::Scalar, at::native::detail::ClampLimits)::{lambda()#1}::operator()() const::{lambda()#7}::operator()() const::{lambda(float)#1}, std::array<char*, 2ul> >(int, at::native::(anonymous namespace)::launch_clamp_scalar(at::TensorIteratorBase&, c10::Scalar, c10::Scalar, at::native::detail::ClampLimits)::{lambda()#1}::operator()() const::{lambda()#7}::operator()() const::{lambda(float)#1}, std::array<char*, 2ul>)",1,4.3203125
64,32,relu5,"void at::native::vectorized_elementwise_kernel<4, at::native::(anonymous namespace)::launch_clamp_scalar(at::TensorIteratorBase&, c10::Scalar, c10::Scalar, at::native::detail::ClampLimits)::{lambda()#1}::operator()() const::{lambda()#7}::operator()() const::{lambda(float)#1}, std::array<char*, 2ul> >(int, at::native::(anonymous namespace)::launch_clamp_scalar(at::TensorIteratorBase&, c10::Scalar, c10::Scalar, at::native::detail::ClampLimits)::{lambda()#1}::operator()() const::{lambda()#7}::operator()() const::{lambda(float)#1}, std::array<char*, 2ul>)",1,2.17578125
64,32,relu6,"void at::native::vectorized_elementwise_kernel<4, at::native::(anonymous namespace)::launch_clamp_scalar(at::TensorIteratorBase&, c10::Scalar, c10::Scalar, at::native::detail::ClampLimits)::{lambda()#1}::operator()() const::{lambda()#7}::operator()() const::{lambda(float)#1}, std::array<char*, 2ul> >(int, at::native::(anonymous namespace)::launch_clamp_scalar(at::TensorIteratorBase&, c10::Scalar, c10::Scalar, at::native::detail::ClampLimits)::{lambda()#1}::operator()() const::{lambda()#7}::operator()() const::{lambda(float)#1}, std::array<char*, 2ul>)",1,2.974609375
64,32,relu7,"void at::native::vectorized_elementwise_kernel<4, at::native::(anonymous namespace)::launch_clamp_scalar(at::TensorIteratorBase&, c10::Scalar, c10::Scalar, at::native::detail::ClampLimits)::{lambda()#1}::operator()() const::{lambda()#7}::operator()() const::{lambda(float)#1}, std::array<char*, 2ul> >(int, at::native::(anonymous namespace)::launch_clamp_scalar(at::TensorIteratorBase&, c10::Scalar, c10::Scalar, at::native::detail::ClampLimits)::{lambda()#1}::operator()() const::{lambda()#7}::operator()() const::{lambda(float)#1}, std::array<char*, 2ul>)",1,1.599609375
64,64,conv1_7x7_s2,_5x_cudnn_volta_scudnn_128x32_relu_medium_nn_v1,1,171.9306640625
64,64,conv1_7x7_s2,"void cask__5x_cudnn::computeOffsetsKernel<false, false>(cask__5x_cudnn::ComputeOffsetsParams)",1,2.3037109375
64,64,conv2_5x5,_5x_cudnn_volta_scudnn_128x64_relu_small_nn_v1,1,383.8603515625
64,64,conv2_5x5,"void cask__5x_cudnn::computeOffsetsKernel<false, false>(cask__5x_cudnn::ComputeOffsetsParams)",1,2.3681640625
64,64,conv3_3x3_s2,_5x_cudnn_volta_scudnn_128x64_relu_xregs_large_nn_v1,1,151.451171875
64,64,conv3_3x3_s2,"void cask__5x_cudnn::computeOffsetsKernel<false, false>(cask__5x_cudnn::ComputeOffsetsParams)",1,2.6240234375
64,64,conv4_1x1,_5x_cudnn_volta_scudnn_128x64_relu_small_nn_v1,1,73.6943359375
64,64,conv4_1x1,"void cask__5x_cudnn::computeOffsetsKernel<false, false>(cask__5x_cudnn::ComputeOffsetsParams)",1,2.240234375
64,64,conv5_3x3_s2,_5x_cudnn_volta_scudnn_128x64_relu_small_nn_v1,1,319.2216796875
64,64,conv5_3x3_s2,"void cask__5x_cudnn::computeOffsetsKernel<false, false>(cask__5x_cudnn::ComputeOffsetsParams)",1,2.3359375
64,64,conv6_1x1,_5x_cudnn_volta_scudnn_128x128_relu_medium_nn_v1,1,67.486328125
64,64,conv6_1x1,"void cask__5x_cudnn::computeOffsetsKernel<false, false>(cask__5x_cudnn::ComputeOffsetsParams)",1,2.240234375
64,64,fc1,"void cublasLt::splitKreduce_kernel<32, 16, int, float, float, float, float, false, float, float, float, true, true, false>(cublasLt::cublasSplitKParams<float>, float const*, float const*, float*, float*, float const*, float const*, float const*, float const*, float*, void*, long, float*, int*, float*, float*, float const*, float const*, float const*, float const*, float const*)",1,3.2958984375
64,64,fc1,volta_sgemm_64x32_sliced1x4_tn,1,12.86328125
64,64,fc2,volta_sgemm_32x32_sliced1x4_tn,1,13.1201171875
64,64,gap,"void at::native::reduce_kernel<512, 1, at::native::ReduceOp<float, at::native::MeanOps<float, float, float, float>, unsigned int, float, 4, 4> >(at::native::ReduceOp<float, at::native::MeanOps<float, float, float, float>, unsigned int, float, 4, 4>)",1,27.9990234375
64,64,maxpool1,"void at::native::(anonymous namespace)::max_pool_forward_nchw<float, int>(int, float const*, long, long, long, int, int, int, int, int, int, int, int, int, int, float*, long*)",1,67.9658203125
64,64,relu1,"void at::native::vectorized_elementwise_kernel<4, at::native::(anonymous namespace)::launch_clamp_scalar(at::TensorIteratorBase&, c10::Scalar, c10::Scalar, at::native::detail::ClampLimits)::{lambda()#1}::operator()() const::{lambda()#7}::operator()() const::{lambda(float)#1}, std::array<char*, 2ul> >(int, at::native::(anonymous namespace)::launch_clamp_scalar(at::TensorIteratorBase&, c10::Scalar, c10::Scalar, at::native::detail::ClampLimits)::{lambda()#1}::operator()() const::{lambda()#7}::operator()() const::{lambda(float)#1}, std::array<char*, 2ul>)",1,71.3583984375
64,64,relu2,"void at::native::vectorized_elementwise_kernel<4, at::native::(anonymous namespace)::launch_clamp_scalar(at::TensorIteratorBase&, c10::Scalar, c10::Scalar, at::native::detail::ClampLimits)::{lambda()#1}::operator()() const::{lambda()#7}::operator()() const::{lambda(float)#1}, std::array<char*, 2ul> >(int, at::native::(anonymous namespace)::launch_clamp_scalar(at::TensorIteratorBase&, c10::Scalar, c10::Scalar, at::native::detail::ClampLimits)::{lambda()#1}::operator()() const::{lambda()#7}::operator()() const::{lambda(float)#1}, std::array<char*, 2ul>)",1,27.19921875
64,64,relu3,"void at::native::vectorized_elementwise_kernel<4, at::native::(anonymous namespace)::launch_clamp_scalar(at::TensorIteratorBase&, c10::Scalar, c10::Scalar, at::native::detail::ClampLimits)::{lambda()#1}::operator()() const::{lambda()#7}::operator()() const::{lambda(float)#1}, std::array<char*, 2ul> >(int, at::native::(anonymous namespace)::launch_clamp_scalar(at::TensorIteratorBase&, c10::Scalar, c10::Scalar, at::native::detail::ClampLimits)::{lambda()#1}::operator()() const::{lambda()#7}::operator()() const::{lambda(float)#1}, std::array<char*, 2ul>)",1,5.7919921875
64,64,relu4,"void at::native::vectorized_elementwise_kernel<4, at::native::(anonymous namespace)::launch_clamp_scalar(at::TensorIteratorBase&, c10::Scalar, c10::Scalar, at::native::detail::ClampLimits)::{lambda()#1}::operator()() const::{lambda()#7}::operator()() const::{lambda(float)#1}, std::array<char*, 2ul> >(int, at::native::(anonymous namespace)::launch_clamp_scalar(at::TensorIteratorBase&, c10::Scalar, c10::Scalar, at::native::detail::ClampLimits)::{lambda()#1}::operator()() const::{lambda()#7}::operator()() const::{lambda(float)#1}, std::array<char*, 2ul>)",1,23.1669921875
64,64,relu5,"void at::native::vectorized_elementwise_kernel<4, at::native::(anonymous namespace)::launch_clamp_scalar(at::TensorIteratorBase&, c10::Scalar, c10::Scalar, at::native::detail::ClampLimits)::{lambda()#1}::operator()() const::{lambda()#7}::operator()() const::{lambda(float)#1}, std::array<char*, 2ul> >(int, at::native::(anonymous namespace)::launch_clamp_scalar(at::TensorIteratorBase&, c10::Scalar, c10::Scalar, at::native::detail::ClampLimits)::{lambda()#1}::operator()() const::{lambda()#7}::operator()() const::{lambda(float)#1}, std::array<char*, 2ul>)",1,3.935546875
64,64,relu6,"void at::native::vectorized_elementwise_kernel<4, at::native::(anonymous namespace)::launch_clamp_scalar(at::TensorIteratorBase&, c10::Scalar, c10::Scalar, at::native::detail::ClampLimits)::{lambda()#1}::operator()() const::{lambda()#7}::operator()() const::{lambda(float)#1}, std::array<char*, 2ul> >(int, at::native::(anonymous namespace)::launch_clamp_scalar(at::TensorIteratorBase&, c10::Scalar, c10::Scalar, at::native::detail::ClampLimits)::{lambda()#1}::operator()() const::{lambda()#7}::operator()() const::{lambda(float)#1}, std::array<char*, 2ul>)",1,5.21484375
64,64,relu7,"void at::native::vectorized_elementwise_kernel<4, at::native::(anonymous namespace)::launch_clamp_scalar(at::TensorIteratorBase&, c10::Scalar, c10::Scalar, at::native::detail::ClampLimits)::{lambda()#1}::operator()() const::{lambda()#7}::operator()() const::{lambda(float)#1}, std::array<char*, 2ul> >(int, at::native::(anonymous namespace)::launch_clamp_scalar(at::TensorIteratorBase&, c10::Scalar, c10::Scalar, at::native::detail::ClampLimits)::{lambda()#1}::operator()() const::{lambda()#7}::operator()() const::{lambda(float)#1}, std::array<char*, 2ul>)",1,1.8876953125
64,111,conv1_7x7_s2,"void fft2d_c2r_32x32<float, true, false, 0u, false, false>(float*, float2 const*, int, int, int, int, int, int, int, int, int, float, float, cudnn::reduced_divisor, bool, float*, float*, int2, cudnnActivationStruct, int, int)",17,132.46036305147058
64,111,conv1_7x7_s2,"void fft2d_r2c_32x32<float, false, 0u, false>(float2*, float const*, int, int, int, int, int, int, int, int, int, cudnn::reduced_divisor, bool, int2, int, int)",17,33.83880974264706
64,111,conv1_7x7_s2,"void fft2d_r2c_32x32<float, false, 1u, true>(float2*, float const*, int, int, int, int, int, int, int, int, int, cudnn::reduced_divisor, bool, int2, int, int)",1,12.5439453125
64,111,conv1_7x7_s2,volta_gcgemm_32x32_nt,16,99.2772216796875
64,111,conv2_5x5,_5x_cudnn_volta_scudnn_128x64_relu_small_nn_v1,1,598.619140625
64,111,conv2_5x5,"void cask__5x_cudnn::computeOffsetsKernel<false, false>(cask__5x_cudnn::ComputeOffsetsParams)",1,2.84765625
64,111,conv3_3x3_s2,_5x_cudnn_volta_scudnn_128x64_relu_xregs_large_nn_v1,1,233.6953125
64,111,conv3_3x3_s2,"void cask__5x_cudnn::computeOffsetsKernel<false, false>(cask__5x_cudnn::ComputeOffsetsParams)",1,2.7197265625
64,111,conv4_1x1,_5x_cudnn_volta_scudnn_128x64_relu_small_nn_v1,1,114.17578125
64,111,conv4_1x1,"void cask__5x_cudnn::computeOffsetsKernel<false, false>(cask__5x_cudnn::ComputeOffsetsParams)",1,3.0078125
64,111,conv5_3x3_s2,_5x_cudnn_volta_scudnn_128x64_relu_small_nn_v1,1,594.4609375
64,111,conv5_3x3_s2,"void cask__5x_cudnn::computeOffsetsKernel<false, false>(cask__5x_cudnn::ComputeOffsetsParams)",1,2.7841796875
64,111,conv6_1x1,_5x_cudnn_volta_scudnn_128x128_relu_medium_nn_v1,1,131.3271484375
64,111,conv6_1x1,"void cask__5x_cudnn::computeOffsetsKernel<false, false>(cask__5x_cudnn::ComputeOffsetsParams)",1,2.3359375
64,111,fc1,"void cublasLt::splitKreduce_kernel<32, 16, int, float, float, float, float, false, float, float, float, true, true, false>(cublasLt::cublasSplitKParams<float>, float const*, float const*, float*, float*, float const*, float const*, float const*, float const*, float*, void*, long, float*, int*, float*, float*, float const*, float const*, float const*, float const*, float const*)",1,3.6484375
64,111,fc1,volta_sgemm_128x32_tn,1,18.7509765625
64,111,fc2,"void cublasLt::splitKreduce_kernel<32, 16, int, float, float, float, float, false, float, float, float, true, true, false>(cublasLt::cublasSplitKParams<float>, float const*, float const*, float*, float*, float const*, float const*, float const*, float const*, float*, void*, long, float*, int*, float*, float*, float const*, float const*, float const*, float const*, float const*)",1,2.7841796875
64,111,fc2,volta_sgemm_128x32_tn,1,9.5361328125
64,111,gap,"void at::native::reduce_kernel<512, 1, at::native::ReduceOp<float, at::native::MeanOps<float, float, float, float>, unsigned int, float, 4, 4> >(at::native::ReduceOp<float, at::native::MeanOps<float, float, float, float>, unsigned int, float, 4, 4>)",1,47.3603515625
64,111,maxpool1,"void at::native::(anonymous namespace)::max_pool_forward_nchw<float, int>(int, float const*, long, long, long, int, int, int, int, int, int, int, int, int, int, float*, long*)",1,115.48828125
64,111,relu1,"void at::native::vectorized_elementwise_kernel<4, at::native::(anonymous namespace)::launch_clamp_scalar(at::TensorIteratorBase&, c10::Scalar, c10::Scalar, at::native::detail::ClampLimits)::{lambda()#1}::operator()() const::{lambda()#7}::operator()() const::{lambda(float)#1}, std::array<char*, 2ul> >(int, at::native::(anonymous namespace)::launch_clamp_scalar(at::TensorIteratorBase&, c10::Scalar, c10::Scalar, at::native::detail::ClampLimits)::{lambda()#1}::operator()() const::{lambda()#7}::operator()() const::{lambda(float)#1}, std::array<char*, 2ul>)",1,116.3193359375
64,111,relu2,"void at::native::vectorized_elementwise_kernel<4, at::native::(anonymous namespace)::launch_clamp_scalar(at::TensorIteratorBase&, c10::Scalar, c10::Scalar, at::native::detail::ClampLimits)::{lambda()#1}::operator()() const::{lambda()#7}::operator()() const::{lambda(float)#1}, std::array<char*, 2ul> >(int, at::native::(anonymous namespace)::launch_clamp_scalar(at::TensorIteratorBase&, c10::Scalar, c10::Scalar, at::native::detail::ClampLimits)::{lambda()#1}::operator()() const::{lambda()#7}::operator()() const::{lambda(float)#1}, std::array<char*, 2ul>)",1,62.1435546875
64,111,relu3,"void at::native::vectorized_elementwise_kernel<4, at::native::(anonymous namespace)::launch_clamp_scalar(at::TensorIteratorBase&, c10::Scalar, c10::Scalar, at::native::detail::ClampLimits)::{lambda()#1}::operator()() const::{lambda()#7}::operator()() const::{lambda(float)#1}, std::array<char*, 2ul> >(int, at::native::(anonymous namespace)::launch_clamp_scalar(at::TensorIteratorBase&, c10::Scalar, c10::Scalar, at::native::detail::ClampLimits)::{lambda()#1}::operator()() const::{lambda()#7}::operator()() const::{lambda(float)#1}, std::array<char*, 2ul>)",1,15.328125
64,111,relu4,"void at::native::vectorized_elementwise_kernel<4, at::native::(anonymous namespace)::launch_clamp_scalar(at::TensorIteratorBase&, c10::Scalar, c10::Scalar, at::native::detail::ClampLimits)::{lambda()#1}::operator()() const::{lambda()#7}::operator()() const::{lambda(float)#1}, std::array<char*, 2ul> >(int, at::native::(anonymous namespace)::launch_clamp_scalar(at::TensorIteratorBase&, c10::Scalar, c10::Scalar, at::native::detail::ClampLimits)::{lambda()#1}::operator()() const::{lambda()#7}::operator()() const::{lambda(float)#1}, std::array<char*, 2ul>)",1,57.6953125
64,111,relu5,"void at::native::vectorized_elementwise_kernel<4, at::native::(anonymous namespace)::launch_clamp_scalar(at::TensorIteratorBase&, c10::Scalar, c10::Scalar, at::native::detail::ClampLimits)::{lambda()#1}::operator()() const::{lambda()#7}::operator()() const::{lambda(float)#1}, std::array<char*, 2ul> >(int, at::native::(anonymous namespace)::launch_clamp_scalar(at::TensorIteratorBase&, c10::Scalar, c10::Scalar, at::native::detail::ClampLimits)::{lambda()#1}::operator()() const::{lambda()#7}::operator()() const::{lambda(float)#1}, std::array<char*, 2ul>)",1,7.2958984375
64,111,relu6,"void at::native::vectorized_elementwise_kernel<4, at::native::(anonymous namespace)::launch_clamp_scalar(at::TensorIteratorBase&, c10::Scalar, c10::Scalar, at::native::detail::ClampLimits)::{lambda()#1}::operator()() const::{lambda()#7}::operator()() const::{lambda(float)#1}, std::array<char*, 2ul> >(int, at::native::(anonymous namespace)::launch_clamp_scalar(at::TensorIteratorBase&, c10::Scalar, c10::Scalar, at::native::detail::ClampLimits)::{lambda()#1}::operator()() const::{lambda()#7}::operator()() const::{lambda(float)#1}, std::array<char*, 2ul>)",1,16.1279296875
64,111,relu7,"void at::native::vectorized_elementwise_kernel<4, at::native::(anonymous namespace)::launch_clamp_scalar(at::TensorIteratorBase&, c10::Scalar, c10::Scalar, at::native::detail::ClampLimits)::{lambda()#1}::operator()() const::{lambda()#7}::operator()() const::{lambda(float)#1}, std::array<char*, 2ul> >(int, at::native::(anonymous namespace)::launch_clamp_scalar(at::TensorIteratorBase&, c10::Scalar, c10::Scalar, at::native::detail::ClampLimits)::{lambda()#1}::operator()() const::{lambda()#7}::operator()() const::{lambda(float)#1}, std::array<char*, 2ul>)",1,2.17578125
64,128,conv1_7x7_s2,"void fft2d_c2r_32x32<float, true, false, 0u, false, false>(float*, float2 const*, int, int, int, int, int, int, int, int, int, float, float, cudnn::reduced_divisor, bool, float*, float*, int2, cudnnActivationStruct, int, int)",17,149.28308823529412
64,128,conv1_7x7_s2,"void fft2d_r2c_32x32<float, false, 0u, false>(float2*, float const*, int, int, int, int, int, int, int, int, int, cudnn::reduced_divisor, bool, int2, int, int)",17,35.9736328125
64,128,conv1_7x7_s2,"void fft2d_r2c_32x32<float, false, 1u, true>(float2*, float const*, int, int, int, int, int, int, int, int, int, cudnn::reduced_divisor, bool, int2, int, int)",1,12.416015625
64,128,conv1_7x7_s2,volta_gcgemm_32x32_nt,16,118.3692626953125
64,128,conv2_5x5,_5x_cudnn_volta_scudnn_128x64_relu_small_nn_v1,1,677.693359375
64,128,conv2_5x5,"void cask__5x_cudnn::computeOffsetsKernel<false, false>(cask__5x_cudnn::ComputeOffsetsParams)",1,2.7197265625
64,128,conv3_3x3_s2,_5x_cudnn_volta_scudnn_128x64_relu_xregs_large_nn_v1,1,305.7587890625
64,128,conv3_3x3_s2,"void cask__5x_cudnn::computeOffsetsKernel<false, false>(cask__5x_cudnn::ComputeOffsetsParams)",1,2.7197265625
64,128,conv4_1x1,_5x_cudnn_volta_scudnn_128x64_relu_small_nn_v1,1,128.22265625
64,128,conv4_1x1,"void cask__5x_cudnn::computeOffsetsKernel<false, false>(cask__5x_cudnn::ComputeOffsetsParams)",1,2.65625
64,128,conv5_3x3_s2,_5x_cudnn_volta_scudnn_128x64_relu_xregs_large_nn_v1,1,590.525390625
64,128,conv5_3x3_s2,"void cask__5x_cudnn::computeOffsetsKernel<false, false>(cask__5x_cudnn::ComputeOffsetsParams)",1,2.81640625
64,128,conv6_1x1,_5x_cudnn_volta_scudnn_128x128_relu_medium_nn_v1,1,131.2626953125
64,128,conv6_1x1,"void cask__5x_cudnn::computeOffsetsKernel<false, false>(cask__5x_cudnn::ComputeOffsetsParams)",1,2.2724609375
64,128,fc1,"void cublasLt::splitKreduce_kernel<32, 16, int, float, float, float, float, false, float, float, float, true, true, false>(cublasLt::cublasSplitKParams<float>, float const*, float const*, float*, float*, float const*, float const*, float const*, float const*, float*, void*, long, float*, int*, float*, float*, float const*, float const*, float const*, float const*, float const*)",1,3.48828125
64,128,fc1,volta_sgemm_128x32_tn,1,18.65625
64,128,fc2,"void cublasLt::splitKreduce_kernel<32, 16, int, float, float, float, float, false, float, float, float, true, true, false>(cublasLt::cublasSplitKParams<float>, float const*, float const*, float*, float*, float const*, float const*, float const*, float const*, float*, void*, long, float*, int*, float*, float*, float const*, float const*, float const*, float const*, float const*)",1,2.81640625
64,128,fc2,volta_sgemm_32x128_tn,1,9.7919921875
64,128,gap,"void at::native::reduce_kernel<512, 1, at::native::ReduceOp<float, at::native::MeanOps<float, float, float, float>, unsigned int, float, 4, 4> >(at::native::ReduceOp<float, at::native::MeanOps<float, float, float, float>, unsigned int, float, 4, 4>)",1,54.015625
64,128,maxpool1,"void at::native::(anonymous namespace)::max_pool_forward_nchw<float, int>(int, float const*, long, long, long, int, int, int, int, int, int, int, int, int, int, float*, long*)",1,131.6474609375
64,128,relu1,"void at::native::vectorized_elementwise_kernel<4, at::native::(anonymous namespace)::launch_clamp_scalar(at::TensorIteratorBase&, c10::Scalar, c10::Scalar, at::native::detail::ClampLimits)::{lambda()#1}::operator()() const::{lambda()#7}::operator()() const::{lambda(float)#1}, std::array<char*, 2ul> >(int, at::native::(anonymous namespace)::launch_clamp_scalar(at::TensorIteratorBase&, c10::Scalar, c10::Scalar, at::native::detail::ClampLimits)::{lambda()#1}::operator()() const::{lambda()#7}::operator()() const::{lambda(float)#1}, std::array<char*, 2ul>)",1,133.599609375
64,128,relu2,"void at::native::vectorized_elementwise_kernel<4, at::native::(anonymous namespace)::launch_clamp_scalar(at::TensorIteratorBase&, c10::Scalar, c10::Scalar, at::native::detail::ClampLimits)::{lambda()#1}::operator()() const::{lambda()#7}::operator()() const::{lambda(float)#1}, std::array<char*, 2ul> >(int, at::native::(anonymous namespace)::launch_clamp_scalar(at::TensorIteratorBase&, c10::Scalar, c10::Scalar, at::native::detail::ClampLimits)::{lambda()#1}::operator()() const::{lambda()#7}::operator()() const::{lambda(float)#1}, std::array<char*, 2ul>)",1,70.4951171875
64,128,relu3,"void at::native::vectorized_elementwise_kernel<4, at::native::(anonymous namespace)::launch_clamp_scalar(at::TensorIteratorBase&, c10::Scalar, c10::Scalar, at::native::detail::ClampLimits)::{lambda()#1}::operator()() const::{lambda()#7}::operator()() const::{lambda(float)#1}, std::array<char*, 2ul> >(int, at::native::(anonymous namespace)::launch_clamp_scalar(at::TensorIteratorBase&, c10::Scalar, c10::Scalar, at::native::detail::ClampLimits)::{lambda()#1}::operator()() const::{lambda()#7}::operator()() const::{lambda(float)#1}, std::array<char*, 2ul>)",1,24.9599609375
64,128,relu4,"void at::native::vectorized_elementwise_kernel<4, at::native::(anonymous namespace)::launch_clamp_scalar(at::TensorIteratorBase&, c10::Scalar, c10::Scalar, at::native::detail::ClampLimits)::{lambda()#1}::operator()() const::{lambda()#7}::operator()() const::{lambda(float)#1}, std::array<char*, 2ul> >(int, at::native::(anonymous namespace)::launch_clamp_scalar(at::TensorIteratorBase&, c10::Scalar, c10::Scalar, at::native::detail::ClampLimits)::{lambda()#1}::operator()() const::{lambda()#7}::operator()() const::{lambda(float)#1}, std::array<char*, 2ul>)",1,67.8076171875
64,128,relu5,"void at::native::vectorized_elementwise_kernel<4, at::native::(anonymous namespace)::launch_clamp_scalar(at::TensorIteratorBase&, c10::Scalar, c10::Scalar, at::native::detail::ClampLimits)::{lambda()#1}::operator()() const::{lambda()#7}::operator()() const::{lambda(float)#1}, std::array<char*, 2ul> >(int, at::native::(anonymous namespace)::launch_clamp_scalar(at::TensorIteratorBase&, c10::Scalar, c10::Scalar, at::native::detail::ClampLimits)::{lambda()#1}::operator()() const::{lambda()#7}::operator()() const::{lambda(float)#1}, std::array<char*, 2ul>)",1,6.3037109375
64,128,relu6,"void at::native::vectorized_elementwise_kernel<4, at::native::(anonymous namespace)::launch_clamp_scalar(at::TensorIteratorBase&, c10::Scalar, c10::Scalar, at::native::detail::ClampLimits)::{lambda()#1}::operator()() const::{lambda()#7}::operator()() const::{lambda(float)#1}, std::array<char*, 2ul> >(int, at::native::(anonymous namespace)::launch_clamp_scalar(at::TensorIteratorBase&, c10::Scalar, c10::Scalar, at::native::detail::ClampLimits)::{lambda()#1}::operator()() const::{lambda()#7}::operator()() const::{lambda(float)#1}, std::array<char*, 2ul>)",1,23.7119140625
64,128,relu7,"void at::native::vectorized_elementwise_kernel<4, at::native::(anonymous namespace)::launch_clamp_scalar(at::TensorIteratorBase&, c10::Scalar, c10::Scalar, at::native::detail::ClampLimits)::{lambda()#1}::operator()() const::{lambda()#7}::operator()() const::{lambda(float)#1}, std::array<char*, 2ul> >(int, at::native::(anonymous namespace)::launch_clamp_scalar(at::TensorIteratorBase&, c10::Scalar, c10::Scalar, at::native::detail::ClampLimits)::{lambda()#1}::operator()() const::{lambda()#7}::operator()() const::{lambda(float)#1}, std::array<char*, 2ul>)",1,1.9521484375
64,133,conv1_7x7_s2,"void fft2d_c2r_32x32<float, true, false, 0u, false, false>(float*, float2 const*, int, int, int, int, int, int, int, int, int, float, float, cudnn::reduced_divisor, bool, float*, float*, int2, cudnnActivationStruct, int, int)",17,160.8053768382353
64,133,conv1_7x7_s2,"void fft2d_r2c_32x32<float, false, 0u, false>(float2*, float const*, int, int, int, int, int, int, int, int, int, cudnn::reduced_divisor, bool, int2, int, int)",17,35.298196231617645
64,133,conv1_7x7_s2,"void fft2d_r2c_32x32<float, false, 1u, true>(float2*, float const*, int, int, int, int, int, int, int, int, int, cudnn::reduced_divisor, bool, int2, int, int)",1,12.671875
64,133,conv1_7x7_s2,volta_gcgemm_32x32_nt,16,123.6988525390625
64,133,conv2_5x5,_5x_cudnn_volta_scudnn_128x64_relu_small_nn_v1,1,678.4052734375
64,133,conv2_5x5,"void cask__5x_cudnn::computeOffsetsKernel<false, false>(cask__5x_cudnn::ComputeOffsetsParams)",1,2.81640625
64,133,conv3_3x3_s2,_5x_cudnn_volta_scudnn_128x64_relu_xregs_large_nn_v1,1,306.75390625
64,133,conv3_3x3_s2,"void cask__5x_cudnn::computeOffsetsKernel<false, false>(cask__5x_cudnn::ComputeOffsetsParams)",1,2.6884765625
64,133,conv4_1x1,_5x_cudnn_volta_scudnn_128x64_relu_small_nn_v1,1,129.6005859375
64,133,conv4_1x1,"void cask__5x_cudnn::computeOffsetsKernel<false, false>(cask__5x_cudnn::ComputeOffsetsParams)",1,2.9443359375
64,133,conv5_3x3_s2,_5x_cudnn_volta_scudnn_128x64_relu_xregs_large_nn_v1,1,594.0517578125
64,133,conv5_3x3_s2,"void cask__5x_cudnn::computeOffsetsKernel<false, false>(cask__5x_cudnn::ComputeOffsetsParams)",1,2.6884765625
64,133,conv6_1x1,_5x_cudnn_volta_scudnn_128x128_relu_medium_nn_v1,1,130.9453125
64,133,conv6_1x1,"void cask__5x_cudnn::computeOffsetsKernel<false, false>(cask__5x_cudnn::ComputeOffsetsParams)",1,2.3037109375
64,133,fc1,Memset (Device),1,0.48046875
64,133,fc1,volta_sgemm_64x32_sliced1x4_tn,1,22.5283203125
64,133,fc2,volta_sgemm_32x32_sliced1x4_tn,1,12.48046875
64,133,gap,"void at::native::reduce_kernel<512, 1, at::native::ReduceOp<float, at::native::MeanOps<float, float, float, float>, unsigned int, float, 4, 4> >(at::native::ReduceOp<float, at::native::MeanOps<float, float, float, float>, unsigned int, float, 4, 4>)",1,57.248046875
64,133,maxpool1,"void at::native::(anonymous namespace)::max_pool_forward_nchw<float, int>(int, float const*, long, long, long, int, int, int, int, int, int, int, int, int, int, float*, long*)",1,138.14453125
64,133,relu1,"void at::native::vectorized_elementwise_kernel<4, at::native::(anonymous namespace)::launch_clamp_scalar(at::TensorIteratorBase&, c10::Scalar, c10::Scalar, at::native::detail::ClampLimits)::{lambda()#1}::operator()() const::{lambda()#7}::operator()() const::{lambda(float)#1}, std::array<char*, 2ul> >(int, at::native::(anonymous namespace)::launch_clamp_scalar(at::TensorIteratorBase&, c10::Scalar, c10::Scalar, at::native::detail::ClampLimits)::{lambda()#1}::operator()() const::{lambda()#7}::operator()() const::{lambda(float)#1}, std::array<char*, 2ul>)",1,139.521484375
64,133,relu2,"void at::native::vectorized_elementwise_kernel<4, at::native::(anonymous namespace)::launch_clamp_scalar(at::TensorIteratorBase&, c10::Scalar, c10::Scalar, at::native::detail::ClampLimits)::{lambda()#1}::operator()() const::{lambda()#7}::operator()() const::{lambda(float)#1}, std::array<char*, 2ul> >(int, at::native::(anonymous namespace)::launch_clamp_scalar(at::TensorIteratorBase&, c10::Scalar, c10::Scalar, at::native::detail::ClampLimits)::{lambda()#1}::operator()() const::{lambda()#7}::operator()() const::{lambda(float)#1}, std::array<char*, 2ul>)",1,73.888671875
64,133,relu3,"void at::native::vectorized_elementwise_kernel<4, at::native::(anonymous namespace)::launch_clamp_scalar(at::TensorIteratorBase&, c10::Scalar, c10::Scalar, at::native::detail::ClampLimits)::{lambda()#1}::operator()() const::{lambda()#7}::operator()() const::{lambda(float)#1}, std::array<char*, 2ul> >(int, at::native::(anonymous namespace)::launch_clamp_scalar(at::TensorIteratorBase&, c10::Scalar, c10::Scalar, at::native::detail::ClampLimits)::{lambda()#1}::operator()() const::{lambda()#7}::operator()() const::{lambda(float)#1}, std::array<char*, 2ul>)",1,27.232421875
64,133,relu4,"void at::native::vectorized_elementwise_kernel<4, at::native::(anonymous namespace)::launch_clamp_scalar(at::TensorIteratorBase&, c10::Scalar, c10::Scalar, at::native::detail::ClampLimits)::{lambda()#1}::operator()() const::{lambda()#7}::operator()() const::{lambda(float)#1}, std::array<char*, 2ul> >(int, at::native::(anonymous namespace)::launch_clamp_scalar(at::TensorIteratorBase&, c10::Scalar, c10::Scalar, at::native::detail::ClampLimits)::{lambda()#1}::operator()() const::{lambda()#7}::operator()() const::{lambda(float)#1}, std::array<char*, 2ul>)",1,70.2412109375
64,133,relu5,"void at::native::vectorized_elementwise_kernel<4, at::native::(anonymous namespace)::launch_clamp_scalar(at::TensorIteratorBase&, c10::Scalar, c10::Scalar, at::native::detail::ClampLimits)::{lambda()#1}::operator()() const::{lambda()#7}::operator()() const::{lambda(float)#1}, std::array<char*, 2ul> >(int, at::native::(anonymous namespace)::launch_clamp_scalar(at::TensorIteratorBase&, c10::Scalar, c10::Scalar, at::native::detail::ClampLimits)::{lambda()#1}::operator()() const::{lambda()#7}::operator()() const::{lambda(float)#1}, std::array<char*, 2ul>)",1,6.751953125
64,133,relu6,"void at::native::vectorized_elementwise_kernel<4, at::native::(anonymous namespace)::launch_clamp_scalar(at::TensorIteratorBase&, c10::Scalar, c10::Scalar, at::native::detail::ClampLimits)::{lambda()#1}::operator()() const::{lambda()#7}::operator()() const::{lambda(float)#1}, std::array<char*, 2ul> >(int, at::native::(anonymous namespace)::launch_clamp_scalar(at::TensorIteratorBase&, c10::Scalar, c10::Scalar, at::native::detail::ClampLimits)::{lambda()#1}::operator()() const::{lambda()#7}::operator()() const::{lambda(float)#1}, std::array<char*, 2ul>)",1,26.1767578125
64,133,relu7,"void at::native::vectorized_elementwise_kernel<4, at::native::(anonymous namespace)::launch_clamp_scalar(at::TensorIteratorBase&, c10::Scalar, c10::Scalar, at::native::detail::ClampLimits)::{lambda()#1}::operator()() const::{lambda()#7}::operator()() const::{lambda(float)#1}, std::array<char*, 2ul> >(int, at::native::(anonymous namespace)::launch_clamp_scalar(at::TensorIteratorBase&, c10::Scalar, c10::Scalar, at::native::detail::ClampLimits)::{lambda()#1}::operator()() const::{lambda()#7}::operator()() const::{lambda(float)#1}, std::array<char*, 2ul>)",1,2.3359375
64,139,conv1_7x7_s2,"void fft2d_c2r_32x32<float, true, false, 0u, false, false>(float*, float2 const*, int, int, int, int, int, int, int, int, int, float, float, cudnn::reduced_divisor, bool, float*, float*, int2, cudnnActivationStruct, int, int)",17,166.95042509191177
64,139,conv1_7x7_s2,"void fft2d_r2c_32x32<float, false, 0u, false>(float2*, float const*, int, int, int, int, int, int, int, int, int, cudnn::reduced_divisor, bool, int2, int, int)",17,37.57565487132353
64,139,conv1_7x7_s2,"void fft2d_r2c_32x32<float, false, 1u, true>(float2*, float const*, int, int, int, int, int, int, int, int, int, cudnn::reduced_divisor, bool, int2, int, int)",1,12.896484375
64,139,conv1_7x7_s2,volta_gcgemm_32x32_nt,16,121.77093505859375
64,139,conv2_5x5,_5x_cudnn_volta_scudnn_128x64_relu_small_nn_v1,1,696.7958984375
64,139,conv2_5x5,"void cask__5x_cudnn::computeOffsetsKernel<false, false>(cask__5x_cudnn::ComputeOffsetsParams)",1,2.751953125
64,139,conv3_3x3_s2,_5x_cudnn_volta_scudnn_128x64_relu_xregs_large_nn_v1,1,312.4462890625
64,139,conv3_3x3_s2,"void cask__5x_cudnn::computeOffsetsKernel<false, false>(cask__5x_cudnn::ComputeOffsetsParams)",1,2.84765625
64,139,conv4_1x1,_5x_cudnn_volta_scudnn_128x64_relu_small_nn_v1,1,133.1513671875
64,139,conv4_1x1,"void cask__5x_cudnn::computeOffsetsKernel<false, false>(cask__5x_cudnn::ComputeOffsetsParams)",1,2.6884765625
64,139,conv5_3x3_s2,_5x_cudnn_volta_scudnn_128x64_relu_xregs_large_nn_v1,1,608.5400390625
64,139,conv5_3x3_s2,"void cask__5x_cudnn::computeOffsetsKernel<false, false>(cask__5x_cudnn::ComputeOffsetsParams)",1,2.8798828125
64,139,conv6_1x1,_5x_cudnn_volta_scudnn_128x128_relu_medium_nn_v1,1,134.0791015625
64,139,conv6_1x1,"void cask__5x_cudnn::computeOffsetsKernel<false, false>(cask__5x_cudnn::ComputeOffsetsParams)",1,2.400390625
64,139,fc1,Memset (Device),1,0.51171875
64,139,fc1,volta_sgemm_64x32_sliced1x4_tn,1,23.0400390625
64,139,fc2,volta_sgemm_32x32_sliced1x4_tn,1,12.83203125
64,139,gap,"void at::native::reduce_kernel<512, 1, at::native::ReduceOp<float, at::native::MeanOps<float, float, float, float>, unsigned int, float, 4, 4> >(at::native::ReduceOp<float, at::native::MeanOps<float, float, float, float>, unsigned int, float, 4, 4>)",1,62.6552734375
64,139,maxpool1,"void at::native::(anonymous namespace)::max_pool_forward_nchw<float, int>(int, float const*, long, long, long, int, int, int, int, int, int, int, int, int, int, float*, long*)",1,142.6865234375
64,139,relu1,"void at::native::vectorized_elementwise_kernel<4, at::native::(anonymous namespace)::launch_clamp_scalar(at::TensorIteratorBase&, c10::Scalar, c10::Scalar, at::native::detail::ClampLimits)::{lambda()#1}::operator()() const::{lambda()#7}::operator()() const::{lambda(float)#1}, std::array<char*, 2ul> >(int, at::native::(anonymous namespace)::launch_clamp_scalar(at::TensorIteratorBase&, c10::Scalar, c10::Scalar, at::native::detail::ClampLimits)::{lambda()#1}::operator()() const::{lambda()#7}::operator()() const::{lambda(float)#1}, std::array<char*, 2ul>)",1,145.8232421875
64,139,relu2,"void at::native::vectorized_elementwise_kernel<4, at::native::(anonymous namespace)::launch_clamp_scalar(at::TensorIteratorBase&, c10::Scalar, c10::Scalar, at::native::detail::ClampLimits)::{lambda()#1}::operator()() const::{lambda()#7}::operator()() const::{lambda(float)#1}, std::array<char*, 2ul> >(int, at::native::(anonymous namespace)::launch_clamp_scalar(at::TensorIteratorBase&, c10::Scalar, c10::Scalar, at::native::detail::ClampLimits)::{lambda()#1}::operator()() const::{lambda()#7}::operator()() const::{lambda(float)#1}, std::array<char*, 2ul>)",1,77.21484375
64,139,relu3,"void at::native::vectorized_elementwise_kernel<4, at::native::(anonymous namespace)::launch_clamp_scalar(at::TensorIteratorBase&, c10::Scalar, c10::Scalar, at::native::detail::ClampLimits)::{lambda()#1}::operator()() const::{lambda()#7}::operator()() const::{lambda(float)#1}, std::array<char*, 2ul> >(int, at::native::(anonymous namespace)::launch_clamp_scalar(at::TensorIteratorBase&, c10::Scalar, c10::Scalar, at::native::detail::ClampLimits)::{lambda()#1}::operator()() const::{lambda()#7}::operator()() const::{lambda(float)#1}, std::array<char*, 2ul>)",1,31.4560546875
64,139,relu4,"void at::native::vectorized_elementwise_kernel<4, at::native::(anonymous namespace)::launch_clamp_scalar(at::TensorIteratorBase&, c10::Scalar, c10::Scalar, at::native::detail::ClampLimits)::{lambda()#1}::operator()() const::{lambda()#7}::operator()() const::{lambda(float)#1}, std::array<char*, 2ul> >(int, at::native::(anonymous namespace)::launch_clamp_scalar(at::TensorIteratorBase&, c10::Scalar, c10::Scalar, at::native::detail::ClampLimits)::{lambda()#1}::operator()() const::{lambda()#7}::operator()() const::{lambda(float)#1}, std::array<char*, 2ul>)",1,73.9189453125
64,139,relu5,"void at::native::vectorized_elementwise_kernel<4, at::native::(anonymous namespace)::launch_clamp_scalar(at::TensorIteratorBase&, c10::Scalar, c10::Scalar, at::native::detail::ClampLimits)::{lambda()#1}::operator()() const::{lambda()#7}::operator()() const::{lambda(float)#1}, std::array<char*, 2ul> >(int, at::native::(anonymous namespace)::launch_clamp_scalar(at::TensorIteratorBase&, c10::Scalar, c10::Scalar, at::native::detail::ClampLimits)::{lambda()#1}::operator()() const::{lambda()#7}::operator()() const::{lambda(float)#1}, std::array<char*, 2ul>)",1,7.263671875
64,139,relu6,"void at::native::vectorized_elementwise_kernel<4, at::native::(anonymous namespace)::launch_clamp_scalar(at::TensorIteratorBase&, c10::Scalar, c10::Scalar, at::native::detail::ClampLimits)::{lambda()#1}::operator()() const::{lambda()#7}::operator()() const::{lambda(float)#1}, std::array<char*, 2ul> >(int, at::native::(anonymous namespace)::launch_clamp_scalar(at::TensorIteratorBase&, c10::Scalar, c10::Scalar, at::native::detail::ClampLimits)::{lambda()#1}::operator()() const::{lambda()#7}::operator()() const::{lambda(float)#1}, std::array<char*, 2ul>)",1,28.51171875
64,139,relu7,"void at::native::vectorized_elementwise_kernel<4, at::native::(anonymous namespace)::launch_clamp_scalar(at::TensorIteratorBase&, c10::Scalar, c10::Scalar, at::native::detail::ClampLimits)::{lambda()#1}::operator()() const::{lambda()#7}::operator()() const::{lambda(float)#1}, std::array<char*, 2ul> >(int, at::native::(anonymous namespace)::launch_clamp_scalar(at::TensorIteratorBase&, c10::Scalar, c10::Scalar, at::native::detail::ClampLimits)::{lambda()#1}::operator()() const::{lambda()#7}::operator()() const::{lambda(float)#1}, std::array<char*, 2ul>)",1,2.5283203125
64,256,conv1_7x7_s2,"void fft2d_c2r_32x32<float, true, false, 0u, false, false>(float*, float2 const*, int, int, int, int, int, int, int, int, int, float, float, cudnn::reduced_divisor, bool, float*, float*, int2, cudnnActivationStruct, int, int)",17,318.9735753676471
64,256,conv1_7x7_s2,"void fft2d_r2c_32x32<float, false, 0u, false>(float2*, float const*, int, int, int, int, int, int, int, int, int, cudnn::reduced_divisor, bool, int2, int, int)",17,61.2907284007353
64,256,conv1_7x7_s2,"void fft2d_r2c_32x32<float, false, 1u, true>(float2*, float const*, int, int, int, int, int, int, int, int, int, cudnn::reduced_divisor, bool, int2, int, int)",1,12.7998046875
64,256,conv1_7x7_s2,volta_gcgemm_32x32_nt,16,212.83819580078125
64,256,conv2_5x5,"void cudnn::winograd_nonfused::winogradForwardData9x9_5x5<float, float>(cudnn::winograd_nonfused::WinogradDataParams<float, float>)",1,350.4921875
64,256,conv2_5x5,"void cudnn::winograd_nonfused::winogradForwardFilter9x9_5x5<float, float>(cudnn::winograd_nonfused::WinogradFilterParams<float, float>)",1,8.576171875
64,256,conv2_5x5,"void cudnn::winograd_nonfused::winogradForwardOutput9x9_5x5<float, float>(cudnn::winograd_nonfused::WinogradOutputParams<float, float>)",1,452.251953125
64,256,conv2_5x5,volta_sgemm_128x64_nn,1,315.8056640625
64,256,conv3_3x3_s2,_5x_cudnn_volta_scudnn_128x64_relu_xregs_large_nn_v1,1,543.8037109375
64,256,conv3_3x3_s2,"void cask__5x_cudnn::computeOffsetsKernel<false, false>(cask__5x_cudnn::ComputeOffsetsParams)",1,2.751953125
64,256,conv4_1x1,_5x_cudnn_volta_scudnn_128x64_relu_small_nn_v1,1,246.1416015625
64,256,conv4_1x1,"void cask__5x_cudnn::computeOffsetsKernel<false, false>(cask__5x_cudnn::ComputeOffsetsParams)",1,2.7841796875
64,256,conv5_3x3_s2,_5x_cudnn_volta_scudnn_128x64_relu_xregs_large_nn_v1,1,1227.447265625
64,256,conv5_3x3_s2,"void cask__5x_cudnn::computeOffsetsKernel<false, false>(cask__5x_cudnn::ComputeOffsetsParams)",1,2.81640625
64,256,conv6_1x1,_5x_cudnn_volta_scudnn_128x128_relu_medium_nn_v1,1,265.91796875
64,256,conv6_1x1,"void cask__5x_cudnn::computeOffsetsKernel<false, false>(cask__5x_cudnn::ComputeOffsetsParams)",1,3.072265625
64,256,fc1,"void cublasLt::splitKreduce_kernel<32, 16, int, float, float, float, float, false, float, float, float, true, true, false>(cublasLt::cublasSplitKParams<float>, float const*, float const*, float*, float*, float const*, float const*, float const*, float const*, float*, void*, long, float*, int*, float*, float*, float const*, float const*, float const*, float const*, float const*)",1,5.5361328125
64,256,fc1,volta_sgemm_128x64_tn,1,26.6884765625
64,256,fc2,"void cublasLt::splitKreduce_kernel<32, 16, int, float, float, float, float, false, float, float, float, true, true, false>(cublasLt::cublasSplitKParams<float>, float const*, float const*, float*, float*, float const*, float const*, float const*, float const*, float*, void*, long, float*, int*, float*, float*, float const*, float const*, float const*, float const*, float const*)",1,3.4560546875
64,256,fc2,volta_sgemm_32x128_tn,1,11.9033203125
64,256,gap,"void at::native::reduce_kernel<512, 1, at::native::ReduceOp<float, at::native::MeanOps<float, float, float, float>, unsigned int, float, 4, 4> >(at::native::ReduceOp<float, at::native::MeanOps<float, float, float, float>, unsigned int, float, 4, 4>)",1,110.462890625
64,256,maxpool1,"void at::native::(anonymous namespace)::max_pool_forward_nchw<float, int>(int, float const*, long, long, long, int, int, int, int, int, int, int, int, int, int, float*, long*)",1,259.93359375
64,256,relu1,"void at::native::vectorized_elementwise_kernel<4, at::native::(anonymous namespace)::launch_clamp_scalar(at::TensorIteratorBase&, c10::Scalar, c10::Scalar, at::native::detail::ClampLimits)::{lambda()#1}::operator()() const::{lambda()#7}::operator()() const::{lambda(float)#1}, std::array<char*, 2ul> >(int, at::native::(anonymous namespace)::launch_clamp_scalar(at::TensorIteratorBase&, c10::Scalar, c10::Scalar, at::native::detail::ClampLimits)::{lambda()#1}::operator()() const::{lambda()#7}::operator()() const::{lambda(float)#1}, std::array<char*, 2ul>)",1,276.158203125
64,256,relu2,"void at::native::vectorized_elementwise_kernel<4, at::native::(anonymous namespace)::launch_clamp_scalar(at::TensorIteratorBase&, c10::Scalar, c10::Scalar, at::native::detail::ClampLimits)::{lambda()#1}::operator()() const::{lambda()#7}::operator()() const::{lambda(float)#1}, std::array<char*, 2ul> >(int, at::native::(anonymous namespace)::launch_clamp_scalar(at::TensorIteratorBase&, c10::Scalar, c10::Scalar, at::native::detail::ClampLimits)::{lambda()#1}::operator()() const::{lambda()#7}::operator()() const::{lambda(float)#1}, std::array<char*, 2ul>)",1,135.7109375
64,256,relu3,"void at::native::vectorized_elementwise_kernel<4, at::native::(anonymous namespace)::launch_clamp_scalar(at::TensorIteratorBase&, c10::Scalar, c10::Scalar, at::native::detail::ClampLimits)::{lambda()#1}::operator()() const::{lambda()#7}::operator()() const::{lambda(float)#1}, std::array<char*, 2ul> >(int, at::native::(anonymous namespace)::launch_clamp_scalar(at::TensorIteratorBase&, c10::Scalar, c10::Scalar, at::native::detail::ClampLimits)::{lambda()#1}::operator()() const::{lambda()#7}::operator()() const::{lambda(float)#1}, std::array<char*, 2ul>)",1,69.6953125
64,256,relu4,"void at::native::vectorized_elementwise_kernel<4, at::native::(anonymous namespace)::launch_clamp_scalar(at::TensorIteratorBase&, c10::Scalar, c10::Scalar, at::native::detail::ClampLimits)::{lambda()#1}::operator()() const::{lambda()#7}::operator()() const::{lambda(float)#1}, std::array<char*, 2ul> >(int, at::native::(anonymous namespace)::launch_clamp_scalar(at::TensorIteratorBase&, c10::Scalar, c10::Scalar, at::native::detail::ClampLimits)::{lambda()#1}::operator()() const::{lambda()#7}::operator()() const::{lambda(float)#1}, std::array<char*, 2ul>)",1,141.310546875
64,256,relu5,"void at::native::vectorized_elementwise_kernel<4, at::native::(anonymous namespace)::launch_clamp_scalar(at::TensorIteratorBase&, c10::Scalar, c10::Scalar, at::native::detail::ClampLimits)::{lambda()#1}::operator()() const::{lambda()#7}::operator()() const::{lambda(float)#1}, std::array<char*, 2ul> >(int, at::native::(anonymous namespace)::launch_clamp_scalar(at::TensorIteratorBase&, c10::Scalar, c10::Scalar, at::native::detail::ClampLimits)::{lambda()#1}::operator()() const::{lambda()#7}::operator()() const::{lambda(float)#1}, std::array<char*, 2ul>)",1,25.791015625
64,256,relu6,"void at::native::vectorized_elementwise_kernel<4, at::native::(anonymous namespace)::launch_clamp_scalar(at::TensorIteratorBase&, c10::Scalar, c10::Scalar, at::native::detail::ClampLimits)::{lambda()#1}::operator()() const::{lambda()#7}::operator()() const::{lambda(float)#1}, std::array<char*, 2ul> >(int, at::native::(anonymous namespace)::launch_clamp_scalar(at::TensorIteratorBase&, c10::Scalar, c10::Scalar, at::native::detail::ClampLimits)::{lambda()#1}::operator()() const::{lambda()#7}::operator()() const::{lambda(float)#1}, std::array<char*, 2ul>)",1,69.248046875
64,256,relu7,"void at::native::vectorized_elementwise_kernel<4, at::native::(anonymous namespace)::launch_clamp_scalar(at::TensorIteratorBase&, c10::Scalar, c10::Scalar, at::native::detail::ClampLimits)::{lambda()#1}::operator()() const::{lambda()#7}::operator()() const::{lambda(float)#1}, std::array<char*, 2ul> >(int, at::native::(anonymous namespace)::launch_clamp_scalar(at::TensorIteratorBase&, c10::Scalar, c10::Scalar, at::native::detail::ClampLimits)::{lambda()#1}::operator()() const::{lambda()#7}::operator()() const::{lambda(float)#1}, std::array<char*, 2ul>)",1,2.3681640625
80,1,conv1_7x7_s2,"void implicit_convolve_sgemm<float, float, 128, 5, 5, 3, 3, 3, 1, false, false, true>(int, int, int, float const*, int, float*, float const*, kernel_conv_params, unsigned long long, int, float, float, int, float const*, float const*, bool, bool, int, int)",1,14.55859375
80,1,conv2_5x5,"void fft2d_c2r_32x32<float, false, false, 1u, false, false>(float*, float2 const*, int, int, int, int, int, int, int, int, int, float, float, cudnn::reduced_divisor, bool, float*, float*, int2, cudnnActivationStruct, int, int)",1,9.7275390625
80,1,conv2_5x5,"void fft2d_r2c_32x32<float, false, 0u, false>(float2*, float const*, int, int, int, int, int, int, int, int, int, cudnn::reduced_divisor, bool, int2, int, int)",1,20.16015625
80,1,conv2_5x5,"void fft2d_r2c_32x32<float, false, 5u, true>(float2*, float const*, int, int, int, int, int, int, int, int, int, cudnn::reduced_divisor, bool, int2, int, int)",1,46.9111328125
80,1,conv2_5x5,"void gemv2N_kernel<int, int, float2, float2, float2, float2, 128, 2, 4, 4, 1, false, cublasGemvParamsEx<int, cublasGemvTensorStridedBatched<float2 const>, cublasGemvTensorStridedBatched<float2 const>, cublasGemvTensorStridedBatched<float2>, float2> >(cublasGemvParamsEx<int, cublasGemvTensorStridedBatched<float2 const>, cublasGemvTensorStridedBatched<float2 const>, cublasGemvTensorStridedBatched<float2>, float2>)",1,44.767578125
80,1,conv3_3x3_s2,"void implicit_convolve_sgemm<float, float, 128, 5, 5, 3, 3, 3, 1, false, false, true>(int, int, int, float const*, int, float*, float const*, kernel_conv_params, unsigned long long, int, float, float, int, float const*, float const*, bool, bool, int, int)",1,35.583984375
80,1,conv4_1x1,volta_sgemm_32x32_sliced1x4_nn,1,7.1357421875
80,1,conv5_3x3_s2,"void implicit_convolve_sgemm<float, float, 128, 5, 5, 3, 3, 3, 1, false, false, true>(int, int, int, float const*, int, float*, float const*, kernel_conv_params, unsigned long long, int, float, float, int, float const*, float const*, bool, bool, int, int)",1,137.6962890625
80,1,conv6_1x1,"void cublasLt::splitKreduce_kernel<32, 16, int, float, float, float, float, false, float, float, float, true, false, false>(cublasLt::cublasSplitKParams<float>, float const*, float const*, float*, float*, float const*, float const*, float const*, float const*, float*, void*, long, float*, int*, float*, float*, float const*, float const*, float const*, float const*, float const*)",1,1.8564453125
80,1,conv6_1x1,volta_sgemm_32x128_nn,1,8.7998046875
80,1,fc1,"std::enable_if<!(false), void>::type internal::gemvx::kernel<int, int, float, float, float, float, false, true, true, false, 7, false, cublasGemvParamsEx<int, cublasGemvTensorStridedBatched<float const>, cublasGemvTensorStridedBatched<float const>, cublasGemvTensorStridedBatched<float>, float> >(cublasGemvParamsEx<int, cublasGemvTensorStridedBatched<float const>, cublasGemvTensorStridedBatched<float const>, cublasGemvTensorStridedBatched<float>, float>)",1,4.736328125
80,1,fc2,"std::enable_if<!(false), void>::type internal::gemvx::kernel<int, int, float, float, float, float, false, true, true, false, 7, false, cublasGemvParamsEx<int, cublasGemvTensorStridedBatched<float const>, cublasGemvTensorStridedBatched<float const>, cublasGemvTensorStridedBatched<float>, float> >(cublasGemvParamsEx<int, cublasGemvTensorStridedBatched<float const>, cublasGemvTensorStridedBatched<float const>, cublasGemvTensorStridedBatched<float>, float>)",1,3.2001953125
80,1,gap,"void at::native::reduce_kernel<512, 1, at::native::ReduceOp<float, at::native::MeanOps<float, float, float, float>, unsigned int, float, 4, 4> >(at::native::ReduceOp<float, at::native::MeanOps<float, float, float, float>, unsigned int, float, 4, 4>)",1,4.896484375
80,1,maxpool1,"void at::native::(anonymous namespace)::max_pool_forward_nchw<float, int>(int, float const*, long, long, long, int, int, int, int, int, int, int, int, int, int, float*, long*)",1,3.232421875
80,1,relu1,"void at::native::vectorized_elementwise_kernel<4, at::native::(anonymous namespace)::launch_clamp_scalar(at::TensorIteratorBase&, c10::Scalar, c10::Scalar, at::native::detail::ClampLimits)::{lambda()#1}::operator()() const::{lambda()#7}::operator()() const::{lambda(float)#1}, std::array<char*, 2ul> >(int, at::native::(anonymous namespace)::launch_clamp_scalar(at::TensorIteratorBase&, c10::Scalar, c10::Scalar, at::native::detail::ClampLimits)::{lambda()#1}::operator()() const::{lambda()#7}::operator()() const::{lambda(float)#1}, std::array<char*, 2ul>)",1,1.7919921875
80,1,relu2,"void at::native::vectorized_elementwise_kernel<4, at::native::(anonymous namespace)::launch_clamp_scalar(at::TensorIteratorBase&, c10::Scalar, c10::Scalar, at::native::detail::ClampLimits)::{lambda()#1}::operator()() const::{lambda()#7}::operator()() const::{lambda(float)#1}, std::array<char*, 2ul> >(int, at::native::(anonymous namespace)::launch_clamp_scalar(at::TensorIteratorBase&, c10::Scalar, c10::Scalar, at::native::detail::ClampLimits)::{lambda()#1}::operator()() const::{lambda()#7}::operator()() const::{lambda(float)#1}, std::array<char*, 2ul>)",1,1.4716796875
80,1,relu3,"void at::native::vectorized_elementwise_kernel<4, at::native::(anonymous namespace)::launch_clamp_scalar(at::TensorIteratorBase&, c10::Scalar, c10::Scalar, at::native::detail::ClampLimits)::{lambda()#1}::operator()() const::{lambda()#7}::operator()() const::{lambda(float)#1}, std::array<char*, 2ul> >(int, at::native::(anonymous namespace)::launch_clamp_scalar(at::TensorIteratorBase&, c10::Scalar, c10::Scalar, at::native::detail::ClampLimits)::{lambda()#1}::operator()() const::{lambda()#7}::operator()() const::{lambda(float)#1}, std::array<char*, 2ul>)",1,1.4404296875
80,1,relu4,"void at::native::vectorized_elementwise_kernel<4, at::native::(anonymous namespace)::launch_clamp_scalar(at::TensorIteratorBase&, c10::Scalar, c10::Scalar, at::native::detail::ClampLimits)::{lambda()#1}::operator()() const::{lambda()#7}::operator()() const::{lambda(float)#1}, std::array<char*, 2ul> >(int, at::native::(anonymous namespace)::launch_clamp_scalar(at::TensorIteratorBase&, c10::Scalar, c10::Scalar, at::native::detail::ClampLimits)::{lambda()#1}::operator()() const::{lambda()#7}::operator()() const::{lambda(float)#1}, std::array<char*, 2ul>)",1,1.408203125
80,1,relu5,"void at::native::vectorized_elementwise_kernel<4, at::native::(anonymous namespace)::launch_clamp_scalar(at::TensorIteratorBase&, c10::Scalar, c10::Scalar, at::native::detail::ClampLimits)::{lambda()#1}::operator()() const::{lambda()#7}::operator()() const::{lambda(float)#1}, std::array<char*, 2ul> >(int, at::native::(anonymous namespace)::launch_clamp_scalar(at::TensorIteratorBase&, c10::Scalar, c10::Scalar, at::native::detail::ClampLimits)::{lambda()#1}::operator()() const::{lambda()#7}::operator()() const::{lambda(float)#1}, std::array<char*, 2ul>)",1,1.50390625
80,1,relu6,"void at::native::vectorized_elementwise_kernel<4, at::native::(anonymous namespace)::launch_clamp_scalar(at::TensorIteratorBase&, c10::Scalar, c10::Scalar, at::native::detail::ClampLimits)::{lambda()#1}::operator()() const::{lambda()#7}::operator()() const::{lambda(float)#1}, std::array<char*, 2ul> >(int, at::native::(anonymous namespace)::launch_clamp_scalar(at::TensorIteratorBase&, c10::Scalar, c10::Scalar, at::native::detail::ClampLimits)::{lambda()#1}::operator()() const::{lambda()#7}::operator()() const::{lambda(float)#1}, std::array<char*, 2ul>)",1,1.4404296875
80,1,relu7,"void at::native::vectorized_elementwise_kernel<4, at::native::(anonymous namespace)::launch_clamp_scalar(at::TensorIteratorBase&, c10::Scalar, c10::Scalar, at::native::detail::ClampLimits)::{lambda()#1}::operator()() const::{lambda()#7}::operator()() const::{lambda(float)#1}, std::array<char*, 2ul> >(int, at::native::(anonymous namespace)::launch_clamp_scalar(at::TensorIteratorBase&, c10::Scalar, c10::Scalar, at::native::detail::ClampLimits)::{lambda()#1}::operator()() const::{lambda()#7}::operator()() const::{lambda(float)#1}, std::array<char*, 2ul>)",1,1.4716796875
80,2,conv1_7x7_s2,_5x_cudnn_volta_scudnn_128x32_relu_medium_nn_v1,1,25.9521484375
80,2,conv1_7x7_s2,"void cask__5x_cudnn::computeOffsetsKernel<false, false>(cask__5x_cudnn::ComputeOffsetsParams)",1,1.6962890625
80,2,conv2_5x5,"void fft2d_c2r_32x32<float, false, false, 1u, false, false>(float*, float2 const*, int, int, int, int, int, int, int, int, int, float, float, cudnn::reduced_divisor, bool, float*, float*, int2, cudnnActivationStruct, int, int)",1,10.2080078125
80,2,conv2_5x5,"void fft2d_r2c_32x32<float, false, 0u, false>(float2*, float const*, int, int, int, int, int, int, int, int, int, cudnn::reduced_divisor, bool, int2, int, int)",1,19.9033203125
80,2,conv2_5x5,"void fft2d_r2c_32x32<float, false, 5u, true>(float2*, float const*, int, int, int, int, int, int, int, int, int, cudnn::reduced_divisor, bool, int2, int, int)",1,49.7265625
80,2,conv2_5x5,volta_gcgemm_64x32_nt,1,57.50390625
80,2,conv3_3x3_s2,"void implicit_convolve_sgemm<float, float, 128, 5, 5, 3, 3, 3, 1, false, false, true>(int, int, int, float const*, int, float*, float const*, kernel_conv_params, unsigned long long, int, float, float, int, float const*, float const*, bool, bool, int, int)",1,36.095703125
80,2,conv4_1x1,"void implicit_convolve_sgemm<float, float, 1024, 5, 5, 3, 3, 3, 1, false, false, true>(int, int, int, float const*, int, float*, float const*, kernel_conv_params, unsigned long long, int, float, float, int, float const*, float const*, bool, bool, int, int)",1,12.927734375
80,2,conv5_3x3_s2,_5x_cudnn_volta_scudnn_128x64_relu_small_nn_v1,1,235.0380859375
80,2,conv5_3x3_s2,"void cask__5x_cudnn::computeOffsetsKernel<false, false>(cask__5x_cudnn::ComputeOffsetsParams)",1,1.50390625
80,2,conv6_1x1,"void cudnn::cnn::kern_precompute_indices<false>(int*, int, int, int, int, int)",1,1.34375
80,2,conv6_1x1,"void precomputed_convolve_sgemm<float, 1024, 5, 5, 4, 3, 3, 1, false>(int, int, int, float const*, int, float*, float const*, kernel_conv_params, unsigned long long, int, float, float, int, bool, bool, float const*, float const*, int*)",1,16.54296875
80,2,fc1,"void gemmSN_TN_kernel<float, 128, 16, 2, 4, 2, 2, true, cublasGemvTensorStridedBatched<float const>, cublasGemvTensorStridedBatched<float const>, cublasGemvTensorStridedBatched<float> >(cublasGemmSmallNParams<cublasGemvTensorStridedBatched<float const>, cublasGemvTensorStridedBatched<float const>, cublasGemvTensorStridedBatched<float>, float>)",1,6.240234375
80,2,fc2,"void gemmSN_TN_kernel<float, 128, 16, 2, 4, 2, 2, true, cublasGemvTensorStridedBatched<float const>, cublasGemvTensorStridedBatched<float const>, cublasGemvTensorStridedBatched<float> >(cublasGemmSmallNParams<cublasGemvTensorStridedBatched<float const>, cublasGemvTensorStridedBatched<float const>, cublasGemvTensorStridedBatched<float>, float>)",1,3.0400390625
80,2,gap,"void at::native::reduce_kernel<512, 1, at::native::ReduceOp<float, at::native::MeanOps<float, float, float, float>, unsigned int, float, 4, 4> >(at::native::ReduceOp<float, at::native::MeanOps<float, float, float, float>, unsigned int, float, 4, 4>)",1,4.9921875
80,2,maxpool1,"void at::native::(anonymous namespace)::max_pool_forward_nchw<float, int>(int, float const*, long, long, long, int, int, int, int, int, int, int, int, int, int, float*, long*)",1,3.7763671875
80,2,relu1,"void at::native::vectorized_elementwise_kernel<4, at::native::(anonymous namespace)::launch_clamp_scalar(at::TensorIteratorBase&, c10::Scalar, c10::Scalar, at::native::detail::ClampLimits)::{lambda()#1}::operator()() const::{lambda()#7}::operator()() const::{lambda(float)#1}, std::array<char*, 2ul> >(int, at::native::(anonymous namespace)::launch_clamp_scalar(at::TensorIteratorBase&, c10::Scalar, c10::Scalar, at::native::detail::ClampLimits)::{lambda()#1}::operator()() const::{lambda()#7}::operator()() const::{lambda(float)#1}, std::array<char*, 2ul>)",1,1.9521484375
80,2,relu2,"void at::native::vectorized_elementwise_kernel<4, at::native::(anonymous namespace)::launch_clamp_scalar(at::TensorIteratorBase&, c10::Scalar, c10::Scalar, at::native::detail::ClampLimits)::{lambda()#1}::operator()() const::{lambda()#7}::operator()() const::{lambda(float)#1}, std::array<char*, 2ul> >(int, at::native::(anonymous namespace)::launch_clamp_scalar(at::TensorIteratorBase&, c10::Scalar, c10::Scalar, at::native::detail::ClampLimits)::{lambda()#1}::operator()() const::{lambda()#7}::operator()() const::{lambda(float)#1}, std::array<char*, 2ul>)",1,1.9521484375
80,2,relu3,"void at::native::vectorized_elementwise_kernel<4, at::native::(anonymous namespace)::launch_clamp_scalar(at::TensorIteratorBase&, c10::Scalar, c10::Scalar, at::native::detail::ClampLimits)::{lambda()#1}::operator()() const::{lambda()#7}::operator()() const::{lambda(float)#1}, std::array<char*, 2ul> >(int, at::native::(anonymous namespace)::launch_clamp_scalar(at::TensorIteratorBase&, c10::Scalar, c10::Scalar, at::native::detail::ClampLimits)::{lambda()#1}::operator()() const::{lambda()#7}::operator()() const::{lambda(float)#1}, std::array<char*, 2ul>)",1,1.5361328125
80,2,relu4,"void at::native::vectorized_elementwise_kernel<4, at::native::(anonymous namespace)::launch_clamp_scalar(at::TensorIteratorBase&, c10::Scalar, c10::Scalar, at::native::detail::ClampLimits)::{lambda()#1}::operator()() const::{lambda()#7}::operator()() const::{lambda(float)#1}, std::array<char*, 2ul> >(int, at::native::(anonymous namespace)::launch_clamp_scalar(at::TensorIteratorBase&, c10::Scalar, c10::Scalar, at::native::detail::ClampLimits)::{lambda()#1}::operator()() const::{lambda()#7}::operator()() const::{lambda(float)#1}, std::array<char*, 2ul>)",1,1.6318359375
80,2,relu5,"void at::native::vectorized_elementwise_kernel<4, at::native::(anonymous namespace)::launch_clamp_scalar(at::TensorIteratorBase&, c10::Scalar, c10::Scalar, at::native::detail::ClampLimits)::{lambda()#1}::operator()() const::{lambda()#7}::operator()() const::{lambda(float)#1}, std::array<char*, 2ul> >(int, at::native::(anonymous namespace)::launch_clamp_scalar(at::TensorIteratorBase&, c10::Scalar, c10::Scalar, at::native::detail::ClampLimits)::{lambda()#1}::operator()() const::{lambda()#7}::operator()() const::{lambda(float)#1}, std::array<char*, 2ul>)",1,1.2802734375
80,2,relu6,"void at::native::vectorized_elementwise_kernel<4, at::native::(anonymous namespace)::launch_clamp_scalar(at::TensorIteratorBase&, c10::Scalar, c10::Scalar, at::native::detail::ClampLimits)::{lambda()#1}::operator()() const::{lambda()#7}::operator()() const::{lambda(float)#1}, std::array<char*, 2ul> >(int, at::native::(anonymous namespace)::launch_clamp_scalar(at::TensorIteratorBase&, c10::Scalar, c10::Scalar, at::native::detail::ClampLimits)::{lambda()#1}::operator()() const::{lambda()#7}::operator()() const::{lambda(float)#1}, std::array<char*, 2ul>)",1,1.4404296875
80,2,relu7,"void at::native::vectorized_elementwise_kernel<4, at::native::(anonymous namespace)::launch_clamp_scalar(at::TensorIteratorBase&, c10::Scalar, c10::Scalar, at::native::detail::ClampLimits)::{lambda()#1}::operator()() const::{lambda()#7}::operator()() const::{lambda(float)#1}, std::array<char*, 2ul> >(int, at::native::(anonymous namespace)::launch_clamp_scalar(at::TensorIteratorBase&, c10::Scalar, c10::Scalar, at::native::detail::ClampLimits)::{lambda()#1}::operator()() const::{lambda()#7}::operator()() const::{lambda(float)#1}, std::array<char*, 2ul>)",1,1.5361328125
80,4,conv1_7x7_s2,_5x_cudnn_volta_scudnn_128x32_relu_medium_nn_v1,1,27.6796875
80,4,conv1_7x7_s2,"void cask__5x_cudnn::computeOffsetsKernel<false, false>(cask__5x_cudnn::ComputeOffsetsParams)",1,1.6640625
80,4,conv2_5x5,"void fft2d_c2r_32x32<float, false, false, 1u, false, false>(float*, float2 const*, int, int, int, int, int, int, int, int, int, float, float, cudnn::reduced_divisor, bool, float*, float*, int2, cudnnActivationStruct, int, int)",1,10.5595703125
80,4,conv2_5x5,"void fft2d_r2c_32x32<float, false, 0u, false>(float2*, float const*, int, int, int, int, int, int, int, int, int, cudnn::reduced_divisor, bool, int2, int, int)",1,22.5595703125
80,4,conv2_5x5,"void fft2d_r2c_32x32<float, false, 5u, true>(float2*, float const*, int, int, int, int, int, int, int, int, int, cudnn::reduced_divisor, bool, int2, int, int)",1,53.0244140625
80,4,conv2_5x5,volta_gcgemm_64x32_nt,1,59.0400390625
80,4,conv3_3x3_s2,_5x_cudnn_volta_scudnn_128x64_relu_small_nn_v1,1,63.1025390625
80,4,conv3_3x3_s2,"void cask__5x_cudnn::computeOffsetsKernel<false, false>(cask__5x_cudnn::ComputeOffsetsParams)",1,1.8564453125
80,4,conv4_1x1,"void implicit_convolve_sgemm<float, float, 1024, 5, 5, 3, 3, 3, 1, false, false, true>(int, int, int, float const*, int, float*, float const*, kernel_conv_params, unsigned long long, int, float, float, int, float const*, float const*, bool, bool, int, int)",1,16.16015625
80,4,conv5_3x3_s2,_5x_cudnn_volta_scudnn_128x32_sliced1x4_ldg4_relu_exp_medium_nhwc_tn_v1,1,110.49609375
80,4,conv5_3x3_s2,"void cask__5x_cudnn::computeOffsetsKernel<false, false>(cask__5x_cudnn::ComputeOffsetsParams)",1,1.6640625
80,4,conv5_3x3_s2,"void cudnn::engines_precompiled::nchwToNhwcKernel<float, float, float, false, true, (cudnnKernelDataType_t)0>(cudnn::engines_precompiled::nchw2nhwc_params_t<float>, float const*, float*)",2,12.20751953125
80,4,conv5_3x3_s2,"void cudnn::engines_precompiled::nhwcToNchwKernel<float, float, float, true, false, (cudnnKernelDataType_t)0>(cudnn::engines_precompiled::nhwc2nchw_params_t<float>, float const*, float*)",1,1.8564453125
80,4,conv6_1x1,"void cudnn::cnn::kern_precompute_indices<false>(int*, int, int, int, int, int)",1,1.3759765625
80,4,conv6_1x1,"void precomputed_convolve_sgemm<float, 1024, 5, 5, 4, 3, 3, 1, false>(int, int, int, float const*, int, float*, float const*, kernel_conv_params, unsigned long long, int, float, float, int, bool, bool, float const*, float const*, int*)",1,20.4482421875
80,4,fc1,"void gemmSN_TN_kernel<float, 128, 16, 2, 4, 4, 4, true, cublasGemvTensorStridedBatched<float const>, cublasGemvTensorStridedBatched<float const>, cublasGemvTensorStridedBatched<float> >(cublasGemmSmallNParams<cublasGemvTensorStridedBatched<float const>, cublasGemvTensorStridedBatched<float const>, cublasGemvTensorStridedBatched<float>, float>)",1,6.17578125
80,4,fc2,"void gemmSN_TN_kernel<float, 128, 16, 2, 4, 4, 4, true, cublasGemvTensorStridedBatched<float const>, cublasGemvTensorStridedBatched<float const>, cublasGemvTensorStridedBatched<float> >(cublasGemmSmallNParams<cublasGemvTensorStridedBatched<float const>, cublasGemvTensorStridedBatched<float const>, cublasGemvTensorStridedBatched<float>, float>)",1,3.232421875
80,4,gap,"void at::native::reduce_kernel<512, 1, at::native::ReduceOp<float, at::native::MeanOps<float, float, float, float>, unsigned int, float, 4, 4> >(at::native::ReduceOp<float, at::native::MeanOps<float, float, float, float>, unsigned int, float, 4, 4>)",1,4.927734375
80,4,maxpool1,"void at::native::(anonymous namespace)::max_pool_forward_nchw<float, int>(int, float const*, long, long, long, int, int, int, int, int, int, int, int, int, int, float*, long*)",1,5.599609375
80,4,relu1,"void at::native::vectorized_elementwise_kernel<4, at::native::(anonymous namespace)::launch_clamp_scalar(at::TensorIteratorBase&, c10::Scalar, c10::Scalar, at::native::detail::ClampLimits)::{lambda()#1}::operator()() const::{lambda()#7}::operator()() const::{lambda(float)#1}, std::array<char*, 2ul> >(int, at::native::(anonymous namespace)::launch_clamp_scalar(at::TensorIteratorBase&, c10::Scalar, c10::Scalar, at::native::detail::ClampLimits)::{lambda()#1}::operator()() const::{lambda()#7}::operator()() const::{lambda(float)#1}, std::array<char*, 2ul>)",1,2.3681640625
80,4,relu2,"void at::native::vectorized_elementwise_kernel<4, at::native::(anonymous namespace)::launch_clamp_scalar(at::TensorIteratorBase&, c10::Scalar, c10::Scalar, at::native::detail::ClampLimits)::{lambda()#1}::operator()() const::{lambda()#7}::operator()() const::{lambda(float)#1}, std::array<char*, 2ul> >(int, at::native::(anonymous namespace)::launch_clamp_scalar(at::TensorIteratorBase&, c10::Scalar, c10::Scalar, at::native::detail::ClampLimits)::{lambda()#1}::operator()() const::{lambda()#7}::operator()() const::{lambda(float)#1}, std::array<char*, 2ul>)",1,2.17578125
80,4,relu3,"void at::native::vectorized_elementwise_kernel<4, at::native::(anonymous namespace)::launch_clamp_scalar(at::TensorIteratorBase&, c10::Scalar, c10::Scalar, at::native::detail::ClampLimits)::{lambda()#1}::operator()() const::{lambda()#7}::operator()() const::{lambda(float)#1}, std::array<char*, 2ul> >(int, at::native::(anonymous namespace)::launch_clamp_scalar(at::TensorIteratorBase&, c10::Scalar, c10::Scalar, at::native::detail::ClampLimits)::{lambda()#1}::operator()() const::{lambda()#7}::operator()() const::{lambda(float)#1}, std::array<char*, 2ul>)",1,1.4716796875
80,4,relu4,"void at::native::vectorized_elementwise_kernel<4, at::native::(anonymous namespace)::launch_clamp_scalar(at::TensorIteratorBase&, c10::Scalar, c10::Scalar, at::native::detail::ClampLimits)::{lambda()#1}::operator()() const::{lambda()#7}::operator()() const::{lambda(float)#1}, std::array<char*, 2ul> >(int, at::native::(anonymous namespace)::launch_clamp_scalar(at::TensorIteratorBase&, c10::Scalar, c10::Scalar, at::native::detail::ClampLimits)::{lambda()#1}::operator()() const::{lambda()#7}::operator()() const::{lambda(float)#1}, std::array<char*, 2ul>)",1,1.9521484375
80,4,relu5,"void at::native::vectorized_elementwise_kernel<4, at::native::(anonymous namespace)::launch_clamp_scalar(at::TensorIteratorBase&, c10::Scalar, c10::Scalar, at::native::detail::ClampLimits)::{lambda()#1}::operator()() const::{lambda()#7}::operator()() const::{lambda(float)#1}, std::array<char*, 2ul> >(int, at::native::(anonymous namespace)::launch_clamp_scalar(at::TensorIteratorBase&, c10::Scalar, c10::Scalar, at::native::detail::ClampLimits)::{lambda()#1}::operator()() const::{lambda()#7}::operator()() const::{lambda(float)#1}, std::array<char*, 2ul>)",1,1.4404296875
80,4,relu6,"void at::native::vectorized_elementwise_kernel<4, at::native::(anonymous namespace)::launch_clamp_scalar(at::TensorIteratorBase&, c10::Scalar, c10::Scalar, at::native::detail::ClampLimits)::{lambda()#1}::operator()() const::{lambda()#7}::operator()() const::{lambda(float)#1}, std::array<char*, 2ul> >(int, at::native::(anonymous namespace)::launch_clamp_scalar(at::TensorIteratorBase&, c10::Scalar, c10::Scalar, at::native::detail::ClampLimits)::{lambda()#1}::operator()() const::{lambda()#7}::operator()() const::{lambda(float)#1}, std::array<char*, 2ul>)",1,1.6318359375
80,4,relu7,"void at::native::vectorized_elementwise_kernel<4, at::native::(anonymous namespace)::launch_clamp_scalar(at::TensorIteratorBase&, c10::Scalar, c10::Scalar, at::native::detail::ClampLimits)::{lambda()#1}::operator()() const::{lambda()#7}::operator()() const::{lambda(float)#1}, std::array<char*, 2ul> >(int, at::native::(anonymous namespace)::launch_clamp_scalar(at::TensorIteratorBase&, c10::Scalar, c10::Scalar, at::native::detail::ClampLimits)::{lambda()#1}::operator()() const::{lambda()#7}::operator()() const::{lambda(float)#1}, std::array<char*, 2ul>)",1,1.408203125
80,8,conv1_7x7_s2,_5x_cudnn_volta_scudnn_128x32_relu_medium_nn_v1,1,32.5439453125
80,8,conv1_7x7_s2,"void cask__5x_cudnn::computeOffsetsKernel<false, false>(cask__5x_cudnn::ComputeOffsetsParams)",1,1.8564453125
80,8,conv2_5x5,_5x_cudnn_volta_scudnn_128x32_sliced1x4_ldg4_relu_exp_medium_nhwc_tn_v1,1,84.2548828125
80,8,conv2_5x5,"void cask__5x_cudnn::computeOffsetsKernel<false, false>(cask__5x_cudnn::ComputeOffsetsParams)",1,1.568359375
80,8,conv2_5x5,"void cudnn::engines_precompiled::nchwToNhwcKernel<float, float, float, false, true, (cudnnKernelDataType_t)0>(cudnn::engines_precompiled::nchw2nhwc_params_t<float>, float const*, float*)",2,2.9599609375
80,8,conv2_5x5,"void cudnn::engines_precompiled::nhwcToNchwKernel<float, float, float, true, false, (cudnnKernelDataType_t)0>(cudnn::engines_precompiled::nhwc2nchw_params_t<float>, float const*, float*)",1,3.2001953125
80,8,conv3_3x3_s2,_5x_cudnn_volta_scudnn_128x32_sliced1x4_ldg4_relu_exp_medium_nhwc_tn_v1,1,32.767578125
80,8,conv3_3x3_s2,"void cask__5x_cudnn::computeOffsetsKernel<false, false>(cask__5x_cudnn::ComputeOffsetsParams)",1,1.5361328125
80,8,conv3_3x3_s2,"void cudnn::engines_precompiled::nchwToNhwcKernel<float, float, float, false, true, (cudnnKernelDataType_t)0>(cudnn::engines_precompiled::nchw2nhwc_params_t<float>, float const*, float*)",2,4.0
80,8,conv3_3x3_s2,"void cudnn::engines_precompiled::nhwcToNchwKernel<float, float, float, true, false, (cudnnKernelDataType_t)0>(cudnn::engines_precompiled::nhwc2nchw_params_t<float>, float const*, float*)",1,2.49609375
80,8,conv4_1x1,_5x_cudnn_volta_scudnn_128x64_relu_small_nn_v1,1,20.1923828125
80,8,conv4_1x1,"void cask__5x_cudnn::computeOffsetsKernel<false, false>(cask__5x_cudnn::ComputeOffsetsParams)",1,1.4716796875
80,8,conv5_3x3_s2,_5x_cudnn_volta_scudnn_128x32_sliced1x4_ldg4_relu_exp_medium_nhwc_tn_v1,1,111.1025390625
80,8,conv5_3x3_s2,"void cask__5x_cudnn::computeOffsetsKernel<false, false>(cask__5x_cudnn::ComputeOffsetsParams)",1,1.6640625
80,8,conv5_3x3_s2,"void cudnn::engines_precompiled::nchwToNhwcKernel<float, float, float, false, true, (cudnnKernelDataType_t)0>(cudnn::engines_precompiled::nchw2nhwc_params_t<float>, float const*, float*)",2,12.88037109375
80,8,conv5_3x3_s2,"void cudnn::engines_precompiled::nhwcToNchwKernel<float, float, float, true, false, (cudnnKernelDataType_t)0>(cudnn::engines_precompiled::nhwc2nchw_params_t<float>, float const*, float*)",1,2.3037109375
80,8,conv6_1x1,_5x_cudnn_volta_scudnn_128x64_relu_small_nn_v1,1,32.896484375
80,8,conv6_1x1,"void cask__5x_cudnn::computeOffsetsKernel<false, false>(cask__5x_cudnn::ComputeOffsetsParams)",1,1.50390625
80,8,fc1,"void gemmSN_TN_kernel<float, 128, 16, 2, 4, 8, 9, false, cublasGemvTensorStridedBatched<float const>, cublasGemvTensorStridedBatched<float const>, cublasGemvTensorStridedBatched<float> >(cublasGemmSmallNParams<cublasGemvTensorStridedBatched<float const>, cublasGemvTensorStridedBatched<float const>, cublasGemvTensorStridedBatched<float>, float>)",1,9.4716796875
80,8,fc2,"void gemmSN_TN_kernel<float, 128, 16, 2, 4, 8, 9, false, cublasGemvTensorStridedBatched<float const>, cublasGemvTensorStridedBatched<float const>, cublasGemvTensorStridedBatched<float> >(cublasGemmSmallNParams<cublasGemvTensorStridedBatched<float const>, cublasGemvTensorStridedBatched<float const>, cublasGemvTensorStridedBatched<float>, float>)",1,4.7041015625
80,8,gap,"void at::native::reduce_kernel<512, 1, at::native::ReduceOp<float, at::native::MeanOps<float, float, float, float>, unsigned int, float, 4, 4> >(at::native::ReduceOp<float, at::native::MeanOps<float, float, float, float>, unsigned int, float, 4, 4>)",1,6.81640625
80,8,maxpool1,"void at::native::(anonymous namespace)::max_pool_forward_nchw<float, int>(int, float const*, long, long, long, int, int, int, int, int, int, int, int, int, int, float*, long*)",1,8.9599609375
80,8,relu1,"void at::native::vectorized_elementwise_kernel<4, at::native::(anonymous namespace)::launch_clamp_scalar(at::TensorIteratorBase&, c10::Scalar, c10::Scalar, at::native::detail::ClampLimits)::{lambda()#1}::operator()() const::{lambda()#7}::operator()() const::{lambda(float)#1}, std::array<char*, 2ul> >(int, at::native::(anonymous namespace)::launch_clamp_scalar(at::TensorIteratorBase&, c10::Scalar, c10::Scalar, at::native::detail::ClampLimits)::{lambda()#1}::operator()() const::{lambda()#7}::operator()() const::{lambda(float)#1}, std::array<char*, 2ul>)",1,3.423828125
80,8,relu2,"void at::native::vectorized_elementwise_kernel<4, at::native::(anonymous namespace)::launch_clamp_scalar(at::TensorIteratorBase&, c10::Scalar, c10::Scalar, at::native::detail::ClampLimits)::{lambda()#1}::operator()() const::{lambda()#7}::operator()() const::{lambda(float)#1}, std::array<char*, 2ul> >(int, at::native::(anonymous namespace)::launch_clamp_scalar(at::TensorIteratorBase&, c10::Scalar, c10::Scalar, at::native::detail::ClampLimits)::{lambda()#1}::operator()() const::{lambda()#7}::operator()() const::{lambda(float)#1}, std::array<char*, 2ul>)",1,2.431640625
80,8,relu3,"void at::native::vectorized_elementwise_kernel<4, at::native::(anonymous namespace)::launch_clamp_scalar(at::TensorIteratorBase&, c10::Scalar, c10::Scalar, at::native::detail::ClampLimits)::{lambda()#1}::operator()() const::{lambda()#7}::operator()() const::{lambda(float)#1}, std::array<char*, 2ul> >(int, at::native::(anonymous namespace)::launch_clamp_scalar(at::TensorIteratorBase&, c10::Scalar, c10::Scalar, at::native::detail::ClampLimits)::{lambda()#1}::operator()() const::{lambda()#7}::operator()() const::{lambda(float)#1}, std::array<char*, 2ul>)",1,1.919921875
80,8,relu4,"void at::native::vectorized_elementwise_kernel<4, at::native::(anonymous namespace)::launch_clamp_scalar(at::TensorIteratorBase&, c10::Scalar, c10::Scalar, at::native::detail::ClampLimits)::{lambda()#1}::operator()() const::{lambda()#7}::operator()() const::{lambda(float)#1}, std::array<char*, 2ul> >(int, at::native::(anonymous namespace)::launch_clamp_scalar(at::TensorIteratorBase&, c10::Scalar, c10::Scalar, at::native::detail::ClampLimits)::{lambda()#1}::operator()() const::{lambda()#7}::operator()() const::{lambda(float)#1}, std::array<char*, 2ul>)",1,2.431640625
80,8,relu5,"void at::native::vectorized_elementwise_kernel<4, at::native::(anonymous namespace)::launch_clamp_scalar(at::TensorIteratorBase&, c10::Scalar, c10::Scalar, at::native::detail::ClampLimits)::{lambda()#1}::operator()() const::{lambda()#7}::operator()() const::{lambda(float)#1}, std::array<char*, 2ul> >(int, at::native::(anonymous namespace)::launch_clamp_scalar(at::TensorIteratorBase&, c10::Scalar, c10::Scalar, at::native::detail::ClampLimits)::{lambda()#1}::operator()() const::{lambda()#7}::operator()() const::{lambda(float)#1}, std::array<char*, 2ul>)",1,1.6318359375
80,8,relu6,"void at::native::vectorized_elementwise_kernel<4, at::native::(anonymous namespace)::launch_clamp_scalar(at::TensorIteratorBase&, c10::Scalar, c10::Scalar, at::native::detail::ClampLimits)::{lambda()#1}::operator()() const::{lambda()#7}::operator()() const::{lambda(float)#1}, std::array<char*, 2ul> >(int, at::native::(anonymous namespace)::launch_clamp_scalar(at::TensorIteratorBase&, c10::Scalar, c10::Scalar, at::native::detail::ClampLimits)::{lambda()#1}::operator()() const::{lambda()#7}::operator()() const::{lambda(float)#1}, std::array<char*, 2ul>)",1,1.8876953125
80,8,relu7,"void at::native::vectorized_elementwise_kernel<4, at::native::(anonymous namespace)::launch_clamp_scalar(at::TensorIteratorBase&, c10::Scalar, c10::Scalar, at::native::detail::ClampLimits)::{lambda()#1}::operator()() const::{lambda()#7}::operator()() const::{lambda(float)#1}, std::array<char*, 2ul> >(int, at::native::(anonymous namespace)::launch_clamp_scalar(at::TensorIteratorBase&, c10::Scalar, c10::Scalar, at::native::detail::ClampLimits)::{lambda()#1}::operator()() const::{lambda()#7}::operator()() const::{lambda(float)#1}, std::array<char*, 2ul>)",1,1.408203125
80,16,conv1_7x7_s2,_5x_cudnn_volta_scudnn_128x32_relu_medium_nn_v1,1,74.7509765625
80,16,conv1_7x7_s2,"void cask__5x_cudnn::computeOffsetsKernel<false, false>(cask__5x_cudnn::ComputeOffsetsParams)",1,2.3037109375
80,16,conv2_5x5,_5x_cudnn_volta_scudnn_128x64_relu_small_nn_v1,1,178.20703125
80,16,conv2_5x5,"void cask__5x_cudnn::computeOffsetsKernel<false, false>(cask__5x_cudnn::ComputeOffsetsParams)",1,2.1123046875
80,16,conv3_3x3_s2,_5x_cudnn_volta_scudnn_128x32_sliced1x4_ldg4_relu_exp_medium_nhwc_tn_v1,1,74.84765625
80,16,conv3_3x3_s2,"void cask__5x_cudnn::computeOffsetsKernel<false, false>(cask__5x_cudnn::ComputeOffsetsParams)",1,1.8876953125
80,16,conv3_3x3_s2,"void cudnn::engines_precompiled::nchwToNhwcKernel<float, float, float, false, true, (cudnnKernelDataType_t)0>(cudnn::engines_precompiled::nchw2nhwc_params_t<float>, float const*, float*)",2,5.6630859375
80,16,conv3_3x3_s2,"void cudnn::engines_precompiled::nhwcToNchwKernel<float, float, float, true, false, (cudnnKernelDataType_t)0>(cudnn::engines_precompiled::nhwc2nchw_params_t<float>, float const*, float*)",1,4.1923828125
80,16,conv4_1x1,_5x_cudnn_volta_scudnn_128x128_relu_medium_nn_v1,1,35.83984375
80,16,conv4_1x1,"void cask__5x_cudnn::computeOffsetsKernel<false, false>(cask__5x_cudnn::ComputeOffsetsParams)",1,1.7275390625
80,16,conv5_3x3_s2,_5x_cudnn_volta_scudnn_128x64_relu_small_nn_v1,1,271.837890625
80,16,conv5_3x3_s2,"void cask__5x_cudnn::computeOffsetsKernel<false, false>(cask__5x_cudnn::ComputeOffsetsParams)",1,1.7919921875
80,16,conv6_1x1,_5x_cudnn_volta_scudnn_128x64_relu_small_nn_v1,1,38.8466796875
80,16,conv6_1x1,"void cask__5x_cudnn::computeOffsetsKernel<false, false>(cask__5x_cudnn::ComputeOffsetsParams)",1,2.080078125
80,16,fc1,"void gemmSN_TN_kernel<float, 128, 16, 2, 4, 8, 9, false, cublasGemvTensorStridedBatched<float const>, cublasGemvTensorStridedBatched<float const>, cublasGemvTensorStridedBatched<float> >(cublasGemmSmallNParams<cublasGemvTensorStridedBatched<float const>, cublasGemvTensorStridedBatched<float const>, cublasGemvTensorStridedBatched<float>, float>)",1,11.0712890625
80,16,fc2,"void gemmSN_TN_kernel<float, 128, 16, 2, 4, 8, 9, false, cublasGemvTensorStridedBatched<float const>, cublasGemvTensorStridedBatched<float const>, cublasGemvTensorStridedBatched<float> >(cublasGemmSmallNParams<cublasGemvTensorStridedBatched<float const>, cublasGemvTensorStridedBatched<float const>, cublasGemvTensorStridedBatched<float>, float>)",1,5.50390625
80,16,gap,"void at::native::reduce_kernel<512, 1, at::native::ReduceOp<float, at::native::MeanOps<float, float, float, float>, unsigned int, float, 4, 4> >(at::native::ReduceOp<float, at::native::MeanOps<float, float, float, float>, unsigned int, float, 4, 4>)",1,10.2724609375
80,16,maxpool1,"void at::native::(anonymous namespace)::max_pool_forward_nchw<float, int>(int, float const*, long, long, long, int, int, int, int, int, int, int, int, int, int, float*, long*)",1,23.359375
80,16,relu1,"void at::native::vectorized_elementwise_kernel<4, at::native::(anonymous namespace)::launch_clamp_scalar(at::TensorIteratorBase&, c10::Scalar, c10::Scalar, at::native::detail::ClampLimits)::{lambda()#1}::operator()() const::{lambda()#7}::operator()() const::{lambda(float)#1}, std::array<char*, 2ul> >(int, at::native::(anonymous namespace)::launch_clamp_scalar(at::TensorIteratorBase&, c10::Scalar, c10::Scalar, at::native::detail::ClampLimits)::{lambda()#1}::operator()() const::{lambda()#7}::operator()() const::{lambda(float)#1}, std::array<char*, 2ul>)",1,8.416015625
80,16,relu2,"void at::native::vectorized_elementwise_kernel<4, at::native::(anonymous namespace)::launch_clamp_scalar(at::TensorIteratorBase&, c10::Scalar, c10::Scalar, at::native::detail::ClampLimits)::{lambda()#1}::operator()() const::{lambda()#7}::operator()() const::{lambda(float)#1}, std::array<char*, 2ul> >(int, at::native::(anonymous namespace)::launch_clamp_scalar(at::TensorIteratorBase&, c10::Scalar, c10::Scalar, at::native::detail::ClampLimits)::{lambda()#1}::operator()() const::{lambda()#7}::operator()() const::{lambda(float)#1}, std::array<char*, 2ul>)",1,4.095703125
80,16,relu3,"void at::native::vectorized_elementwise_kernel<4, at::native::(anonymous namespace)::launch_clamp_scalar(at::TensorIteratorBase&, c10::Scalar, c10::Scalar, at::native::detail::ClampLimits)::{lambda()#1}::operator()() const::{lambda()#7}::operator()() const::{lambda(float)#1}, std::array<char*, 2ul> >(int, at::native::(anonymous namespace)::launch_clamp_scalar(at::TensorIteratorBase&, c10::Scalar, c10::Scalar, at::native::detail::ClampLimits)::{lambda()#1}::operator()() const::{lambda()#7}::operator()() const::{lambda(float)#1}, std::array<char*, 2ul>)",1,2.783203125
80,16,relu4,"void at::native::vectorized_elementwise_kernel<4, at::native::(anonymous namespace)::launch_clamp_scalar(at::TensorIteratorBase&, c10::Scalar, c10::Scalar, at::native::detail::ClampLimits)::{lambda()#1}::operator()() const::{lambda()#7}::operator()() const::{lambda(float)#1}, std::array<char*, 2ul> >(int, at::native::(anonymous namespace)::launch_clamp_scalar(at::TensorIteratorBase&, c10::Scalar, c10::Scalar, at::native::detail::ClampLimits)::{lambda()#1}::operator()() const::{lambda()#7}::operator()() const::{lambda(float)#1}, std::array<char*, 2ul>)",1,4.1279296875
80,16,relu5,"void at::native::vectorized_elementwise_kernel<4, at::native::(anonymous namespace)::launch_clamp_scalar(at::TensorIteratorBase&, c10::Scalar, c10::Scalar, at::native::detail::ClampLimits)::{lambda()#1}::operator()() const::{lambda()#7}::operator()() const::{lambda(float)#1}, std::array<char*, 2ul> >(int, at::native::(anonymous namespace)::launch_clamp_scalar(at::TensorIteratorBase&, c10::Scalar, c10::Scalar, at::native::detail::ClampLimits)::{lambda()#1}::operator()() const::{lambda()#7}::operator()() const::{lambda(float)#1}, std::array<char*, 2ul>)",1,2.240234375
80,16,relu6,"void at::native::vectorized_elementwise_kernel<4, at::native::(anonymous namespace)::launch_clamp_scalar(at::TensorIteratorBase&, c10::Scalar, c10::Scalar, at::native::detail::ClampLimits)::{lambda()#1}::operator()() const::{lambda()#7}::operator()() const::{lambda(float)#1}, std::array<char*, 2ul> >(int, at::native::(anonymous namespace)::launch_clamp_scalar(at::TensorIteratorBase&, c10::Scalar, c10::Scalar, at::native::detail::ClampLimits)::{lambda()#1}::operator()() const::{lambda()#7}::operator()() const::{lambda(float)#1}, std::array<char*, 2ul>)",1,2.7841796875
80,16,relu7,"void at::native::vectorized_elementwise_kernel<4, at::native::(anonymous namespace)::launch_clamp_scalar(at::TensorIteratorBase&, c10::Scalar, c10::Scalar, at::native::detail::ClampLimits)::{lambda()#1}::operator()() const::{lambda()#7}::operator()() const::{lambda(float)#1}, std::array<char*, 2ul> >(int, at::native::(anonymous namespace)::launch_clamp_scalar(at::TensorIteratorBase&, c10::Scalar, c10::Scalar, at::native::detail::ClampLimits)::{lambda()#1}::operator()() const::{lambda()#7}::operator()() const::{lambda(float)#1}, std::array<char*, 2ul>)",1,1.6318359375
80,32,conv1_7x7_s2,_5x_cudnn_volta_scudnn_128x32_relu_medium_nn_v1,1,136.638671875
80,32,conv1_7x7_s2,"void cask__5x_cudnn::computeOffsetsKernel<false, false>(cask__5x_cudnn::ComputeOffsetsParams)",1,2.400390625
80,32,conv2_5x5,_5x_cudnn_volta_scudnn_128x64_relu_small_nn_v1,1,293.373046875
80,32,conv2_5x5,"void cask__5x_cudnn::computeOffsetsKernel<false, false>(cask__5x_cudnn::ComputeOffsetsParams)",1,2.3359375
80,32,conv3_3x3_s2,_5x_cudnn_volta_scudnn_128x64_relu_xregs_large_nn_v1,1,145.53515625
80,32,conv3_3x3_s2,"void cask__5x_cudnn::computeOffsetsKernel<false, false>(cask__5x_cudnn::ComputeOffsetsParams)",1,3.0078125
80,32,conv4_1x1,_5x_cudnn_volta_scudnn_128x64_relu_small_nn_v1,1,58.8154296875
80,32,conv4_1x1,"void cask__5x_cudnn::computeOffsetsKernel<false, false>(cask__5x_cudnn::ComputeOffsetsParams)",1,2.2724609375
80,32,conv5_3x3_s2,_5x_cudnn_volta_scudnn_128x64_relu_small_nn_v1,1,316.5419921875
80,32,conv5_3x3_s2,"void cask__5x_cudnn::computeOffsetsKernel<false, false>(cask__5x_cudnn::ComputeOffsetsParams)",1,2.3359375
80,32,conv6_1x1,_5x_cudnn_volta_scudnn_128x128_relu_medium_nn_v1,1,69.3427734375
80,32,conv6_1x1,"void cask__5x_cudnn::computeOffsetsKernel<false, false>(cask__5x_cudnn::ComputeOffsetsParams)",1,2.2080078125
80,32,fc1,"void cublasLt::splitKreduce_kernel<32, 16, int, float, float, float, float, false, float, float, float, true, true, false>(cublasLt::cublasSplitKParams<float>, float const*, float const*, float*, float*, float const*, float const*, float const*, float const*, float*, void*, long, float*, int*, float*, float*, float const*, float const*, float const*, float const*, float const*)",1,3.0078125
80,32,fc1,volta_sgemm_64x32_sliced1x4_tn,1,11.3603515625
80,32,fc2,volta_sgemm_32x32_sliced1x4_tn,1,12.9921875
80,32,gap,"void at::native::reduce_kernel<512, 1, at::native::ReduceOp<float, at::native::MeanOps<float, float, float, float>, unsigned int, float, 4, 4> >(at::native::ReduceOp<float, at::native::MeanOps<float, float, float, float>, unsigned int, float, 4, 4>)",1,17.408203125
80,32,maxpool1,"void at::native::(anonymous namespace)::max_pool_forward_nchw<float, int>(int, float const*, long, long, long, int, int, int, int, int, int, int, int, int, int, float*, long*)",1,56.8310546875
80,32,relu1,"void at::native::vectorized_elementwise_kernel<4, at::native::(anonymous namespace)::launch_clamp_scalar(at::TensorIteratorBase&, c10::Scalar, c10::Scalar, at::native::detail::ClampLimits)::{lambda()#1}::operator()() const::{lambda()#7}::operator()() const::{lambda(float)#1}, std::array<char*, 2ul> >(int, at::native::(anonymous namespace)::launch_clamp_scalar(at::TensorIteratorBase&, c10::Scalar, c10::Scalar, at::native::detail::ClampLimits)::{lambda()#1}::operator()() const::{lambda()#7}::operator()() const::{lambda(float)#1}, std::array<char*, 2ul>)",1,55.7109375
80,32,relu2,"void at::native::vectorized_elementwise_kernel<4, at::native::(anonymous namespace)::launch_clamp_scalar(at::TensorIteratorBase&, c10::Scalar, c10::Scalar, at::native::detail::ClampLimits)::{lambda()#1}::operator()() const::{lambda()#7}::operator()() const::{lambda(float)#1}, std::array<char*, 2ul> >(int, at::native::(anonymous namespace)::launch_clamp_scalar(at::TensorIteratorBase&, c10::Scalar, c10::Scalar, at::native::detail::ClampLimits)::{lambda()#1}::operator()() const::{lambda()#7}::operator()() const::{lambda(float)#1}, std::array<char*, 2ul>)",1,8.0
80,32,relu3,"void at::native::vectorized_elementwise_kernel<4, at::native::(anonymous namespace)::launch_clamp_scalar(at::TensorIteratorBase&, c10::Scalar, c10::Scalar, at::native::detail::ClampLimits)::{lambda()#1}::operator()() const::{lambda()#7}::operator()() const::{lambda(float)#1}, std::array<char*, 2ul> >(int, at::native::(anonymous namespace)::launch_clamp_scalar(at::TensorIteratorBase&, c10::Scalar, c10::Scalar, at::native::detail::ClampLimits)::{lambda()#1}::operator()() const::{lambda()#7}::operator()() const::{lambda(float)#1}, std::array<char*, 2ul>)",1,4.51171875
80,32,relu4,"void at::native::vectorized_elementwise_kernel<4, at::native::(anonymous namespace)::launch_clamp_scalar(at::TensorIteratorBase&, c10::Scalar, c10::Scalar, at::native::detail::ClampLimits)::{lambda()#1}::operator()() const::{lambda()#7}::operator()() const::{lambda(float)#1}, std::array<char*, 2ul> >(int, at::native::(anonymous namespace)::launch_clamp_scalar(at::TensorIteratorBase&, c10::Scalar, c10::Scalar, at::native::detail::ClampLimits)::{lambda()#1}::operator()() const::{lambda()#7}::operator()() const::{lambda(float)#1}, std::array<char*, 2ul>)",1,9.6318359375
80,32,relu5,"void at::native::vectorized_elementwise_kernel<4, at::native::(anonymous namespace)::launch_clamp_scalar(at::TensorIteratorBase&, c10::Scalar, c10::Scalar, at::native::detail::ClampLimits)::{lambda()#1}::operator()() const::{lambda()#7}::operator()() const::{lambda(float)#1}, std::array<char*, 2ul> >(int, at::native::(anonymous namespace)::launch_clamp_scalar(at::TensorIteratorBase&, c10::Scalar, c10::Scalar, at::native::detail::ClampLimits)::{lambda()#1}::operator()() const::{lambda()#7}::operator()() const::{lambda(float)#1}, std::array<char*, 2ul>)",1,3.2001953125
80,32,relu6,"void at::native::vectorized_elementwise_kernel<4, at::native::(anonymous namespace)::launch_clamp_scalar(at::TensorIteratorBase&, c10::Scalar, c10::Scalar, at::native::detail::ClampLimits)::{lambda()#1}::operator()() const::{lambda()#7}::operator()() const::{lambda(float)#1}, std::array<char*, 2ul> >(int, at::native::(anonymous namespace)::launch_clamp_scalar(at::TensorIteratorBase&, c10::Scalar, c10::Scalar, at::native::detail::ClampLimits)::{lambda()#1}::operator()() const::{lambda()#7}::operator()() const::{lambda(float)#1}, std::array<char*, 2ul>)",1,4.576171875
80,32,relu7,"void at::native::vectorized_elementwise_kernel<4, at::native::(anonymous namespace)::launch_clamp_scalar(at::TensorIteratorBase&, c10::Scalar, c10::Scalar, at::native::detail::ClampLimits)::{lambda()#1}::operator()() const::{lambda()#7}::operator()() const::{lambda(float)#1}, std::array<char*, 2ul> >(int, at::native::(anonymous namespace)::launch_clamp_scalar(at::TensorIteratorBase&, c10::Scalar, c10::Scalar, at::native::detail::ClampLimits)::{lambda()#1}::operator()() const::{lambda()#7}::operator()() const::{lambda(float)#1}, std::array<char*, 2ul>)",1,1.8564453125
80,64,conv1_7x7_s2,_5x_cudnn_volta_scudnn_128x32_relu_medium_nn_v1,1,288.8291015625
80,64,conv1_7x7_s2,"void cask__5x_cudnn::computeOffsetsKernel<false, false>(cask__5x_cudnn::ComputeOffsetsParams)",1,2.5595703125
80,64,conv2_5x5,_5x_cudnn_volta_scudnn_128x64_relu_small_nn_v1,1,524.7314453125
80,64,conv2_5x5,"void cask__5x_cudnn::computeOffsetsKernel<false, false>(cask__5x_cudnn::ComputeOffsetsParams)",1,2.5283203125
80,64,conv3_3x3_s2,_5x_cudnn_volta_scudnn_128x64_relu_xregs_large_nn_v1,1,237.1181640625
80,64,conv3_3x3_s2,"void cask__5x_cudnn::computeOffsetsKernel<false, false>(cask__5x_cudnn::ComputeOffsetsParams)",1,3.103515625
80,64,conv4_1x1,_5x_cudnn_volta_scudnn_128x64_relu_small_nn_v1,1,107.9345703125
80,64,conv4_1x1,"void cask__5x_cudnn::computeOffsetsKernel<false, false>(cask__5x_cudnn::ComputeOffsetsParams)",1,2.7197265625
80,64,conv5_3x3_s2,_5x_cudnn_volta_scudnn_128x64_relu_small_nn_v1,1,618.552734375
80,64,conv5_3x3_s2,"void cask__5x_cudnn::computeOffsetsKernel<false, false>(cask__5x_cudnn::ComputeOffsetsParams)",1,2.81640625
80,64,conv6_1x1,_5x_cudnn_volta_scudnn_128x128_relu_medium_nn_v1,1,141.375
80,64,conv6_1x1,"void cask__5x_cudnn::computeOffsetsKernel<false, false>(cask__5x_cudnn::ComputeOffsetsParams)",1,2.4638671875
80,64,fc1,"void cublasLt::splitKreduce_kernel<32, 16, int, float, float, float, float, false, float, float, float, true, true, false>(cublasLt::cublasSplitKParams<float>, float const*, float const*, float*, float*, float const*, float const*, float const*, float const*, float*, void*, long, float*, int*, float*, float*, float const*, float const*, float const*, float const*, float const*)",1,3.5517578125
80,64,fc1,volta_sgemm_64x32_sliced1x4_tn,1,14.015625
80,64,fc2,volta_sgemm_32x32_sliced1x4_tn,1,14.240234375
80,64,gap,"void at::native::reduce_kernel<512, 1, at::native::ReduceOp<float, at::native::MeanOps<float, float, float, float>, unsigned int, float, 4, 4> >(at::native::ReduceOp<float, at::native::MeanOps<float, float, float, float>, unsigned int, float, 4, 4>)",1,32.1591796875
80,64,maxpool1,"void at::native::(anonymous namespace)::max_pool_forward_nchw<float, int>(int, float const*, long, long, long, int, int, int, int, int, int, int, int, int, int, float*, long*)",1,109.630859375
80,64,relu1,"void at::native::vectorized_elementwise_kernel<4, at::native::(anonymous namespace)::launch_clamp_scalar(at::TensorIteratorBase&, c10::Scalar, c10::Scalar, at::native::detail::ClampLimits)::{lambda()#1}::operator()() const::{lambda()#7}::operator()() const::{lambda(float)#1}, std::array<char*, 2ul> >(int, at::native::(anonymous namespace)::launch_clamp_scalar(at::TensorIteratorBase&, c10::Scalar, c10::Scalar, at::native::detail::ClampLimits)::{lambda()#1}::operator()() const::{lambda()#7}::operator()() const::{lambda(float)#1}, std::array<char*, 2ul>)",1,110.462890625
80,64,relu2,"void at::native::vectorized_elementwise_kernel<4, at::native::(anonymous namespace)::launch_clamp_scalar(at::TensorIteratorBase&, c10::Scalar, c10::Scalar, at::native::detail::ClampLimits)::{lambda()#1}::operator()() const::{lambda()#7}::operator()() const::{lambda(float)#1}, std::array<char*, 2ul> >(int, at::native::(anonymous namespace)::launch_clamp_scalar(at::TensorIteratorBase&, c10::Scalar, c10::Scalar, at::native::detail::ClampLimits)::{lambda()#1}::operator()() const::{lambda()#7}::operator()() const::{lambda(float)#1}, std::array<char*, 2ul>)",1,55.2626953125
80,64,relu3,"void at::native::vectorized_elementwise_kernel<4, at::native::(anonymous namespace)::launch_clamp_scalar(at::TensorIteratorBase&, c10::Scalar, c10::Scalar, at::native::detail::ClampLimits)::{lambda()#1}::operator()() const::{lambda()#7}::operator()() const::{lambda(float)#1}, std::array<char*, 2ul> >(int, at::native::(anonymous namespace)::launch_clamp_scalar(at::TensorIteratorBase&, c10::Scalar, c10::Scalar, at::native::detail::ClampLimits)::{lambda()#1}::operator()() const::{lambda()#7}::operator()() const::{lambda(float)#1}, std::array<char*, 2ul>)",1,12.5107421875
80,64,relu4,"void at::native::vectorized_elementwise_kernel<4, at::native::(anonymous namespace)::launch_clamp_scalar(at::TensorIteratorBase&, c10::Scalar, c10::Scalar, at::native::detail::ClampLimits)::{lambda()#1}::operator()() const::{lambda()#7}::operator()() const::{lambda(float)#1}, std::array<char*, 2ul> >(int, at::native::(anonymous namespace)::launch_clamp_scalar(at::TensorIteratorBase&, c10::Scalar, c10::Scalar, at::native::detail::ClampLimits)::{lambda()#1}::operator()() const::{lambda()#7}::operator()() const::{lambda(float)#1}, std::array<char*, 2ul>)",1,49.408203125
80,64,relu5,"void at::native::vectorized_elementwise_kernel<4, at::native::(anonymous namespace)::launch_clamp_scalar(at::TensorIteratorBase&, c10::Scalar, c10::Scalar, at::native::detail::ClampLimits)::{lambda()#1}::operator()() const::{lambda()#7}::operator()() const::{lambda(float)#1}, std::array<char*, 2ul> >(int, at::native::(anonymous namespace)::launch_clamp_scalar(at::TensorIteratorBase&, c10::Scalar, c10::Scalar, at::native::detail::ClampLimits)::{lambda()#1}::operator()() const::{lambda()#7}::operator()() const::{lambda(float)#1}, std::array<char*, 2ul>)",1,7.3916015625
80,64,relu6,"void at::native::vectorized_elementwise_kernel<4, at::native::(anonymous namespace)::launch_clamp_scalar(at::TensorIteratorBase&, c10::Scalar, c10::Scalar, at::native::detail::ClampLimits)::{lambda()#1}::operator()() const::{lambda()#7}::operator()() const::{lambda(float)#1}, std::array<char*, 2ul> >(int, at::native::(anonymous namespace)::launch_clamp_scalar(at::TensorIteratorBase&, c10::Scalar, c10::Scalar, at::native::detail::ClampLimits)::{lambda()#1}::operator()() const::{lambda()#7}::operator()() const::{lambda(float)#1}, std::array<char*, 2ul>)",1,11.5517578125
80,64,relu7,"void at::native::vectorized_elementwise_kernel<4, at::native::(anonymous namespace)::launch_clamp_scalar(at::TensorIteratorBase&, c10::Scalar, c10::Scalar, at::native::detail::ClampLimits)::{lambda()#1}::operator()() const::{lambda()#7}::operator()() const::{lambda(float)#1}, std::array<char*, 2ul> >(int, at::native::(anonymous namespace)::launch_clamp_scalar(at::TensorIteratorBase&, c10::Scalar, c10::Scalar, at::native::detail::ClampLimits)::{lambda()#1}::operator()() const::{lambda()#7}::operator()() const::{lambda(float)#1}, std::array<char*, 2ul>)",1,2.015625
80,111,conv1_7x7_s2,"void fft2d_c2r_32x32<float, true, false, 0u, false, false>(float*, float2 const*, int, int, int, int, int, int, int, int, int, float, float, cudnn::reduced_divisor, bool, float*, float*, int2, cudnnActivationStruct, int, int)",31,135.50441028225808
80,111,conv1_7x7_s2,"void fft2d_r2c_32x32<float, false, 0u, false>(float2*, float const*, int, int, int, int, int, int, int, int, int, cudnn::reduced_divisor, bool, int2, int, int)",31,33.387222782258064
80,111,conv1_7x7_s2,"void fft2d_r2c_32x32<float, false, 1u, true>(float2*, float const*, int, int, int, int, int, int, int, int, int, cudnn::reduced_divisor, bool, int2, int, int)",1,12.927734375
80,111,conv1_7x7_s2,volta_gcgemm_32x32_nt,30,102.98020833333334
80,111,conv2_5x5,_5x_cudnn_volta_scudnn_128x64_relu_small_nn_v1,1,842.83984375
80,111,conv2_5x5,"void cask__5x_cudnn::computeOffsetsKernel<false, false>(cask__5x_cudnn::ComputeOffsetsParams)",1,2.7197265625
80,111,conv3_3x3_s2,_5x_cudnn_volta_scudnn_128x128_relu_medium_nn_v1,1,401.0517578125
80,111,conv3_3x3_s2,"void cask__5x_cudnn::computeOffsetsKernel<false, false>(cask__5x_cudnn::ComputeOffsetsParams)",1,2.751953125
80,111,conv4_1x1,_5x_cudnn_volta_scudnn_128x64_relu_small_nn_v1,1,187.93359375
80,111,conv4_1x1,"void cask__5x_cudnn::computeOffsetsKernel<false, false>(cask__5x_cudnn::ComputeOffsetsParams)",1,2.6240234375
80,111,conv5_3x3_s2,_5x_cudnn_volta_scudnn_128x64_relu_xregs_large_nn_v1,1,821.1767578125
80,111,conv5_3x3_s2,"void cask__5x_cudnn::computeOffsetsKernel<false, false>(cask__5x_cudnn::ComputeOffsetsParams)",1,2.6240234375
80,111,conv6_1x1,_5x_cudnn_volta_scudnn_128x128_relu_medium_nn_v1,1,206.75
80,111,conv6_1x1,"void cask__5x_cudnn::computeOffsetsKernel<false, false>(cask__5x_cudnn::ComputeOffsetsParams)",1,2.240234375
80,111,fc1,"void cublasLt::splitKreduce_kernel<32, 16, int, float, float, float, float, false, float, float, float, true, true, false>(cublasLt::cublasSplitKParams<float>, float const*, float const*, float*, float*, float const*, float const*, float const*, float const*, float*, void*, long, float*, int*, float*, float*, float const*, float const*, float const*, float const*, float const*)",1,3.4560546875
80,111,fc1,volta_sgemm_128x32_tn,1,18.462890625
80,111,fc2,"void cublasLt::splitKreduce_kernel<32, 16, int, float, float, float, float, false, float, float, float, true, true, false>(cublasLt::cublasSplitKParams<float>, float const*, float const*, float*, float*, float const*, float const*, float const*, float const*, float*, void*, long, float*, int*, float*, float*, float const*, float const*, float const*, float const*, float const*)",1,2.6884765625
80,111,fc2,volta_sgemm_128x32_tn,1,9.15234375
80,111,gap,"void at::native::reduce_kernel<512, 1, at::native::ReduceOp<float, at::native::MeanOps<float, float, float, float>, unsigned int, float, 4, 4> >(at::native::ReduceOp<float, at::native::MeanOps<float, float, float, float>, unsigned int, float, 4, 4>)",1,54.8798828125
80,111,maxpool1,"void at::native::(anonymous namespace)::max_pool_forward_nchw<float, int>(int, float const*, long, long, long, int, int, int, int, int, int, int, int, int, int, float*, long*)",1,180.09375
80,111,relu1,"void at::native::vectorized_elementwise_kernel<4, at::native::(anonymous namespace)::launch_clamp_scalar(at::TensorIteratorBase&, c10::Scalar, c10::Scalar, at::native::detail::ClampLimits)::{lambda()#1}::operator()() const::{lambda()#7}::operator()() const::{lambda(float)#1}, std::array<char*, 2ul> >(int, at::native::(anonymous namespace)::launch_clamp_scalar(at::TensorIteratorBase&, c10::Scalar, c10::Scalar, at::native::detail::ClampLimits)::{lambda()#1}::operator()() const::{lambda()#7}::operator()() const::{lambda(float)#1}, std::array<char*, 2ul>)",1,185.630859375
80,111,relu2,"void at::native::vectorized_elementwise_kernel<4, at::native::(anonymous namespace)::launch_clamp_scalar(at::TensorIteratorBase&, c10::Scalar, c10::Scalar, at::native::detail::ClampLimits)::{lambda()#1}::operator()() const::{lambda()#7}::operator()() const::{lambda(float)#1}, std::array<char*, 2ul> >(int, at::native::(anonymous namespace)::launch_clamp_scalar(at::TensorIteratorBase&, c10::Scalar, c10::Scalar, at::native::detail::ClampLimits)::{lambda()#1}::operator()() const::{lambda()#7}::operator()() const::{lambda(float)#1}, std::array<char*, 2ul>)",1,96.0634765625
80,111,relu3,"void at::native::vectorized_elementwise_kernel<4, at::native::(anonymous namespace)::launch_clamp_scalar(at::TensorIteratorBase&, c10::Scalar, c10::Scalar, at::native::detail::ClampLimits)::{lambda()#1}::operator()() const::{lambda()#7}::operator()() const::{lambda(float)#1}, std::array<char*, 2ul> >(int, at::native::(anonymous namespace)::launch_clamp_scalar(at::TensorIteratorBase&, c10::Scalar, c10::Scalar, at::native::detail::ClampLimits)::{lambda()#1}::operator()() const::{lambda()#7}::operator()() const::{lambda(float)#1}, std::array<char*, 2ul>)",1,47.51953125
80,111,relu4,"void at::native::vectorized_elementwise_kernel<4, at::native::(anonymous namespace)::launch_clamp_scalar(at::TensorIteratorBase&, c10::Scalar, c10::Scalar, at::native::detail::ClampLimits)::{lambda()#1}::operator()() const::{lambda()#7}::operator()() const::{lambda(float)#1}, std::array<char*, 2ul> >(int, at::native::(anonymous namespace)::launch_clamp_scalar(at::TensorIteratorBase&, c10::Scalar, c10::Scalar, at::native::detail::ClampLimits)::{lambda()#1}::operator()() const::{lambda()#7}::operator()() const::{lambda(float)#1}, std::array<char*, 2ul>)",1,95.9990234375
80,111,relu5,"void at::native::vectorized_elementwise_kernel<4, at::native::(anonymous namespace)::launch_clamp_scalar(at::TensorIteratorBase&, c10::Scalar, c10::Scalar, at::native::detail::ClampLimits)::{lambda()#1}::operator()() const::{lambda()#7}::operator()() const::{lambda(float)#1}, std::array<char*, 2ul> >(int, at::native::(anonymous namespace)::launch_clamp_scalar(at::TensorIteratorBase&, c10::Scalar, c10::Scalar, at::native::detail::ClampLimits)::{lambda()#1}::operator()() const::{lambda()#7}::operator()() const::{lambda(float)#1}, std::array<char*, 2ul>)",1,13.1513671875
80,111,relu6,"void at::native::vectorized_elementwise_kernel<4, at::native::(anonymous namespace)::launch_clamp_scalar(at::TensorIteratorBase&, c10::Scalar, c10::Scalar, at::native::detail::ClampLimits)::{lambda()#1}::operator()() const::{lambda()#7}::operator()() const::{lambda(float)#1}, std::array<char*, 2ul> >(int, at::native::(anonymous namespace)::launch_clamp_scalar(at::TensorIteratorBase&, c10::Scalar, c10::Scalar, at::native::detail::ClampLimits)::{lambda()#1}::operator()() const::{lambda()#7}::operator()() const::{lambda(float)#1}, std::array<char*, 2ul>)",1,39.744140625
80,111,relu7,"void at::native::vectorized_elementwise_kernel<4, at::native::(anonymous namespace)::launch_clamp_scalar(at::TensorIteratorBase&, c10::Scalar, c10::Scalar, at::native::detail::ClampLimits)::{lambda()#1}::operator()() const::{lambda()#7}::operator()() const::{lambda(float)#1}, std::array<char*, 2ul> >(int, at::native::(anonymous namespace)::launch_clamp_scalar(at::TensorIteratorBase&, c10::Scalar, c10::Scalar, at::native::detail::ClampLimits)::{lambda()#1}::operator()() const::{lambda()#7}::operator()() const::{lambda(float)#1}, std::array<char*, 2ul>)",1,2.0478515625
80,128,conv1_7x7_s2,"void fft2d_c2r_32x32<float, true, false, 0u, false, false>(float*, float2 const*, int, int, int, int, int, int, int, int, int, float, float, cudnn::reduced_divisor, bool, float*, float*, int2, cudnnActivationStruct, int, int)",31,154.78389616935485
80,128,conv1_7x7_s2,"void fft2d_r2c_32x32<float, false, 0u, false>(float2*, float const*, int, int, int, int, int, int, int, int, int, cudnn::reduced_divisor, bool, int2, int, int)",31,36.462008568548384
80,128,conv1_7x7_s2,"void fft2d_r2c_32x32<float, false, 1u, true>(float2*, float const*, int, int, int, int, int, int, int, int, int, cudnn::reduced_divisor, bool, int2, int, int)",1,13.1201171875
80,128,conv1_7x7_s2,volta_gcgemm_32x32_nt,30,119.26643880208333
80,128,conv2_5x5,_5x_cudnn_volta_scudnn_128x64_relu_small_nn_v1,1,1013.1767578125
80,128,conv2_5x5,"void cask__5x_cudnn::computeOffsetsKernel<false, false>(cask__5x_cudnn::ComputeOffsetsParams)",1,2.8798828125
80,128,conv3_3x3_s2,_5x_cudnn_volta_scudnn_128x128_relu_medium_nn_v1,1,435.4208984375
80,128,conv3_3x3_s2,"void cask__5x_cudnn::computeOffsetsKernel<false, false>(cask__5x_cudnn::ComputeOffsetsParams)",1,3.16796875
80,128,conv4_1x1,_5x_cudnn_volta_scudnn_128x64_relu_small_nn_v1,1,217.0869140625
80,128,conv4_1x1,"void cask__5x_cudnn::computeOffsetsKernel<false, false>(cask__5x_cudnn::ComputeOffsetsParams)",1,2.84765625
80,128,conv5_3x3_s2,_5x_cudnn_volta_scudnn_128x64_relu_xregs_large_nn_v1,1,891.0341796875
80,128,conv5_3x3_s2,"void cask__5x_cudnn::computeOffsetsKernel<false, false>(cask__5x_cudnn::ComputeOffsetsParams)",1,2.912109375
80,128,conv6_1x1,_5x_cudnn_volta_scudnn_128x128_relu_medium_nn_v1,1,223.3271484375
80,128,conv6_1x1,"void cask__5x_cudnn::computeOffsetsKernel<false, false>(cask__5x_cudnn::ComputeOffsetsParams)",1,2.65625
80,128,fc1,"void cublasLt::splitKreduce_kernel<32, 16, int, float, float, float, float, false, float, float, float, true, true, false>(cublasLt::cublasSplitKParams<float>, float const*, float const*, float*, float*, float const*, float const*, float const*, float const*, float*, void*, long, float*, int*, float*, float*, float const*, float const*, float const*, float const*, float const*)",1,3.7119140625
80,128,fc1,volta_sgemm_128x32_tn,1,20.1279296875
80,128,fc2,"void cublasLt::splitKreduce_kernel<32, 16, int, float, float, float, float, false, float, float, float, true, true, false>(cublasLt::cublasSplitKParams<float>, float const*, float const*, float*, float*, float const*, float const*, float const*, float const*, float*, void*, long, float*, int*, float*, float*, float const*, float const*, float const*, float const*, float const*)",1,3.0078125
80,128,fc2,volta_sgemm_32x128_tn,1,10.3671875
80,128,gap,"void at::native::reduce_kernel<512, 1, at::native::ReduceOp<float, at::native::MeanOps<float, float, float, float>, unsigned int, float, 4, 4> >(at::native::ReduceOp<float, at::native::MeanOps<float, float, float, float>, unsigned int, float, 4, 4>)",1,67.0400390625
80,128,maxpool1,"void at::native::(anonymous namespace)::max_pool_forward_nchw<float, int>(int, float const*, long, long, long, int, int, int, int, int, int, int, int, int, int, float*, long*)",1,210.013671875
80,128,relu1,"void at::native::vectorized_elementwise_kernel<4, at::native::(anonymous namespace)::launch_clamp_scalar(at::TensorIteratorBase&, c10::Scalar, c10::Scalar, at::native::detail::ClampLimits)::{lambda()#1}::operator()() const::{lambda()#7}::operator()() const::{lambda(float)#1}, std::array<char*, 2ul> >(int, at::native::(anonymous namespace)::launch_clamp_scalar(at::TensorIteratorBase&, c10::Scalar, c10::Scalar, at::native::detail::ClampLimits)::{lambda()#1}::operator()() const::{lambda()#7}::operator()() const::{lambda(float)#1}, std::array<char*, 2ul>)",1,212.8310546875
80,128,relu2,"void at::native::vectorized_elementwise_kernel<4, at::native::(anonymous namespace)::launch_clamp_scalar(at::TensorIteratorBase&, c10::Scalar, c10::Scalar, at::native::detail::ClampLimits)::{lambda()#1}::operator()() const::{lambda()#7}::operator()() const::{lambda(float)#1}, std::array<char*, 2ul> >(int, at::native::(anonymous namespace)::launch_clamp_scalar(at::TensorIteratorBase&, c10::Scalar, c10::Scalar, at::native::detail::ClampLimits)::{lambda()#1}::operator()() const::{lambda()#7}::operator()() const::{lambda(float)#1}, std::array<char*, 2ul>)",1,110.1435546875
80,128,relu3,"void at::native::vectorized_elementwise_kernel<4, at::native::(anonymous namespace)::launch_clamp_scalar(at::TensorIteratorBase&, c10::Scalar, c10::Scalar, at::native::detail::ClampLimits)::{lambda()#1}::operator()() const::{lambda()#7}::operator()() const::{lambda(float)#1}, std::array<char*, 2ul> >(int, at::native::(anonymous namespace)::launch_clamp_scalar(at::TensorIteratorBase&, c10::Scalar, c10::Scalar, at::native::detail::ClampLimits)::{lambda()#1}::operator()() const::{lambda()#7}::operator()() const::{lambda(float)#1}, std::array<char*, 2ul>)",1,54.783203125
80,128,relu4,"void at::native::vectorized_elementwise_kernel<4, at::native::(anonymous namespace)::launch_clamp_scalar(at::TensorIteratorBase&, c10::Scalar, c10::Scalar, at::native::detail::ClampLimits)::{lambda()#1}::operator()() const::{lambda()#7}::operator()() const::{lambda(float)#1}, std::array<char*, 2ul> >(int, at::native::(anonymous namespace)::launch_clamp_scalar(at::TensorIteratorBase&, c10::Scalar, c10::Scalar, at::native::detail::ClampLimits)::{lambda()#1}::operator()() const::{lambda()#7}::operator()() const::{lambda(float)#1}, std::array<char*, 2ul>)",1,110.783203125
80,128,relu5,"void at::native::vectorized_elementwise_kernel<4, at::native::(anonymous namespace)::launch_clamp_scalar(at::TensorIteratorBase&, c10::Scalar, c10::Scalar, at::native::detail::ClampLimits)::{lambda()#1}::operator()() const::{lambda()#7}::operator()() const::{lambda(float)#1}, std::array<char*, 2ul> >(int, at::native::(anonymous namespace)::launch_clamp_scalar(at::TensorIteratorBase&, c10::Scalar, c10::Scalar, at::native::detail::ClampLimits)::{lambda()#1}::operator()() const::{lambda()#7}::operator()() const::{lambda(float)#1}, std::array<char*, 2ul>)",1,15.48828125
80,128,relu6,"void at::native::vectorized_elementwise_kernel<4, at::native::(anonymous namespace)::launch_clamp_scalar(at::TensorIteratorBase&, c10::Scalar, c10::Scalar, at::native::detail::ClampLimits)::{lambda()#1}::operator()() const::{lambda()#7}::operator()() const::{lambda(float)#1}, std::array<char*, 2ul> >(int, at::native::(anonymous namespace)::launch_clamp_scalar(at::TensorIteratorBase&, c10::Scalar, c10::Scalar, at::native::detail::ClampLimits)::{lambda()#1}::operator()() const::{lambda()#7}::operator()() const::{lambda(float)#1}, std::array<char*, 2ul>)",1,50.0791015625
80,128,relu7,"void at::native::vectorized_elementwise_kernel<4, at::native::(anonymous namespace)::launch_clamp_scalar(at::TensorIteratorBase&, c10::Scalar, c10::Scalar, at::native::detail::ClampLimits)::{lambda()#1}::operator()() const::{lambda()#7}::operator()() const::{lambda(float)#1}, std::array<char*, 2ul> >(int, at::native::(anonymous namespace)::launch_clamp_scalar(at::TensorIteratorBase&, c10::Scalar, c10::Scalar, at::native::detail::ClampLimits)::{lambda()#1}::operator()() const::{lambda()#7}::operator()() const::{lambda(float)#1}, std::array<char*, 2ul>)",1,2.1123046875
80,133,conv1_7x7_s2,"void fft2d_c2r_32x32<float, true, false, 0u, false, false>(float*, float2 const*, int, int, int, int, int, int, int, int, int, float, float, cudnn::reduced_divisor, bool, float*, float*, int2, cudnnActivationStruct, int, int)",31,166.8136025705645
80,133,conv1_7x7_s2,"void fft2d_r2c_32x32<float, false, 0u, false>(float2*, float const*, int, int, int, int, int, int, int, int, int, cudnn::reduced_divisor, bool, int2, int, int)",31,35.185326360887096
80,133,conv1_7x7_s2,"void fft2d_r2c_32x32<float, false, 1u, true>(float2*, float const*, int, int, int, int, int, int, int, int, int, cudnn::reduced_divisor, bool, int2, int, int)",1,12.896484375
80,133,conv1_7x7_s2,volta_gcgemm_32x32_nt,30,127.72926432291666
80,133,conv2_5x5,_5x_cudnn_volta_scudnn_128x64_relu_small_nn_v1,1,1108.40625
80,133,conv2_5x5,"void cask__5x_cudnn::computeOffsetsKernel<false, false>(cask__5x_cudnn::ComputeOffsetsParams)",1,2.9443359375
80,133,conv3_3x3_s2,_5x_cudnn_volta_scudnn_128x128_relu_medium_nn_v1,1,436.2529296875
80,133,conv3_3x3_s2,"void cask__5x_cudnn::computeOffsetsKernel<false, false>(cask__5x_cudnn::ComputeOffsetsParams)",1,3.103515625
80,133,conv4_1x1,_5x_cudnn_volta_scudnn_128x64_relu_small_nn_v1,1,234.109375
80,133,conv4_1x1,"void cask__5x_cudnn::computeOffsetsKernel<false, false>(cask__5x_cudnn::ComputeOffsetsParams)",1,2.81640625
80,133,conv5_3x3_s2,_5x_cudnn_volta_scudnn_128x64_relu_xregs_large_nn_v1,1,920.728515625
80,133,conv5_3x3_s2,"void cask__5x_cudnn::computeOffsetsKernel<false, false>(cask__5x_cudnn::ComputeOffsetsParams)",1,2.84765625
80,133,conv6_1x1,_5x_cudnn_volta_scudnn_128x128_relu_medium_nn_v1,1,221.2783203125
80,133,conv6_1x1,"void cask__5x_cudnn::computeOffsetsKernel<false, false>(cask__5x_cudnn::ComputeOffsetsParams)",1,2.431640625
80,133,fc1,Memset (Device),1,0.5439453125
80,133,fc1,volta_sgemm_64x32_sliced1x4_tn,1,23.7119140625
80,133,fc2,volta_sgemm_32x32_sliced1x4_tn,1,13.1201171875
80,133,gap,"void at::native::reduce_kernel<512, 1, at::native::ReduceOp<float, at::native::MeanOps<float, float, float, float>, unsigned int, float, 4, 4> >(at::native::ReduceOp<float, at::native::MeanOps<float, float, float, float>, unsigned int, float, 4, 4>)",1,68.3505859375
80,133,maxpool1,"void at::native::(anonymous namespace)::max_pool_forward_nchw<float, int>(int, float const*, long, long, long, int, int, int, int, int, int, int, int, int, int, float*, long*)",1,219.3271484375
80,133,relu1,"void at::native::vectorized_elementwise_kernel<4, at::native::(anonymous namespace)::launch_clamp_scalar(at::TensorIteratorBase&, c10::Scalar, c10::Scalar, at::native::detail::ClampLimits)::{lambda()#1}::operator()() const::{lambda()#7}::operator()() const::{lambda(float)#1}, std::array<char*, 2ul> >(int, at::native::(anonymous namespace)::launch_clamp_scalar(at::TensorIteratorBase&, c10::Scalar, c10::Scalar, at::native::detail::ClampLimits)::{lambda()#1}::operator()() const::{lambda()#7}::operator()() const::{lambda(float)#1}, std::array<char*, 2ul>)",1,221.3095703125
80,133,relu2,"void at::native::vectorized_elementwise_kernel<4, at::native::(anonymous namespace)::launch_clamp_scalar(at::TensorIteratorBase&, c10::Scalar, c10::Scalar, at::native::detail::ClampLimits)::{lambda()#1}::operator()() const::{lambda()#7}::operator()() const::{lambda(float)#1}, std::array<char*, 2ul> >(int, at::native::(anonymous namespace)::launch_clamp_scalar(at::TensorIteratorBase&, c10::Scalar, c10::Scalar, at::native::detail::ClampLimits)::{lambda()#1}::operator()() const::{lambda()#7}::operator()() const::{lambda(float)#1}, std::array<char*, 2ul>)",1,113.630859375
80,133,relu3,"void at::native::vectorized_elementwise_kernel<4, at::native::(anonymous namespace)::launch_clamp_scalar(at::TensorIteratorBase&, c10::Scalar, c10::Scalar, at::native::detail::ClampLimits)::{lambda()#1}::operator()() const::{lambda()#7}::operator()() const::{lambda(float)#1}, std::array<char*, 2ul> >(int, at::native::(anonymous namespace)::launch_clamp_scalar(at::TensorIteratorBase&, c10::Scalar, c10::Scalar, at::native::detail::ClampLimits)::{lambda()#1}::operator()() const::{lambda()#7}::operator()() const::{lambda(float)#1}, std::array<char*, 2ul>)",1,56.767578125
80,133,relu4,"void at::native::vectorized_elementwise_kernel<4, at::native::(anonymous namespace)::launch_clamp_scalar(at::TensorIteratorBase&, c10::Scalar, c10::Scalar, at::native::detail::ClampLimits)::{lambda()#1}::operator()() const::{lambda()#7}::operator()() const::{lambda(float)#1}, std::array<char*, 2ul> >(int, at::native::(anonymous namespace)::launch_clamp_scalar(at::TensorIteratorBase&, c10::Scalar, c10::Scalar, at::native::detail::ClampLimits)::{lambda()#1}::operator()() const::{lambda()#7}::operator()() const::{lambda(float)#1}, std::array<char*, 2ul>)",1,115.134765625
80,133,relu5,"void at::native::vectorized_elementwise_kernel<4, at::native::(anonymous namespace)::launch_clamp_scalar(at::TensorIteratorBase&, c10::Scalar, c10::Scalar, at::native::detail::ClampLimits)::{lambda()#1}::operator()() const::{lambda()#7}::operator()() const::{lambda(float)#1}, std::array<char*, 2ul> >(int, at::native::(anonymous namespace)::launch_clamp_scalar(at::TensorIteratorBase&, c10::Scalar, c10::Scalar, at::native::detail::ClampLimits)::{lambda()#1}::operator()() const::{lambda()#7}::operator()() const::{lambda(float)#1}, std::array<char*, 2ul>)",1,16.255859375
80,133,relu6,"void at::native::vectorized_elementwise_kernel<4, at::native::(anonymous namespace)::launch_clamp_scalar(at::TensorIteratorBase&, c10::Scalar, c10::Scalar, at::native::detail::ClampLimits)::{lambda()#1}::operator()() const::{lambda()#7}::operator()() const::{lambda(float)#1}, std::array<char*, 2ul> >(int, at::native::(anonymous namespace)::launch_clamp_scalar(at::TensorIteratorBase&, c10::Scalar, c10::Scalar, at::native::detail::ClampLimits)::{lambda()#1}::operator()() const::{lambda()#7}::operator()() const::{lambda(float)#1}, std::array<char*, 2ul>)",1,51.072265625
80,133,relu7,"void at::native::vectorized_elementwise_kernel<4, at::native::(anonymous namespace)::launch_clamp_scalar(at::TensorIteratorBase&, c10::Scalar, c10::Scalar, at::native::detail::ClampLimits)::{lambda()#1}::operator()() const::{lambda()#7}::operator()() const::{lambda(float)#1}, std::array<char*, 2ul> >(int, at::native::(anonymous namespace)::launch_clamp_scalar(at::TensorIteratorBase&, c10::Scalar, c10::Scalar, at::native::detail::ClampLimits)::{lambda()#1}::operator()() const::{lambda()#7}::operator()() const::{lambda(float)#1}, std::array<char*, 2ul>)",1,2.591796875
80,139,conv1_7x7_s2,"void fft2d_c2r_32x32<float, true, false, 0u, false, false>(float*, float2 const*, int, int, int, int, int, int, int, int, int, float, float, cudnn::reduced_divisor, bool, float*, float*, int2, cudnnActivationStruct, int, int)",31,168.92477318548387
80,139,conv1_7x7_s2,"void fft2d_r2c_32x32<float, false, 0u, false>(float2*, float const*, int, int, int, int, int, int, int, int, int, cudnn::reduced_divisor, bool, int2, int, int)",31,36.242282006048384
80,139,conv1_7x7_s2,"void fft2d_r2c_32x32<float, false, 1u, true>(float2*, float const*, int, int, int, int, int, int, int, int, int, cudnn::reduced_divisor, bool, int2, int, int)",1,13.2802734375
80,139,conv1_7x7_s2,volta_gcgemm_32x32_nt,30,123.42731119791667
80,139,conv2_5x5,_5x_cudnn_volta_scudnn_128x64_relu_small_nn_v1,1,1139.2880859375
80,139,conv2_5x5,"void cask__5x_cudnn::computeOffsetsKernel<false, false>(cask__5x_cudnn::ComputeOffsetsParams)",1,3.0078125
80,139,conv3_3x3_s2,_5x_cudnn_volta_scudnn_128x128_relu_medium_nn_v1,1,449.1171875
80,139,conv3_3x3_s2,"void cask__5x_cudnn::computeOffsetsKernel<false, false>(cask__5x_cudnn::ComputeOffsetsParams)",1,2.9755859375
80,139,conv4_1x1,_5x_cudnn_volta_scudnn_128x64_relu_small_nn_v1,1,238.142578125
80,139,conv4_1x1,"void cask__5x_cudnn::computeOffsetsKernel<false, false>(cask__5x_cudnn::ComputeOffsetsParams)",1,2.84765625
80,139,conv5_3x3_s2,_5x_cudnn_volta_scudnn_128x64_relu_xregs_large_nn_v1,1,944.025390625
80,139,conv5_3x3_s2,"void cask__5x_cudnn::computeOffsetsKernel<false, false>(cask__5x_cudnn::ComputeOffsetsParams)",1,2.9755859375
80,139,conv6_1x1,_5x_cudnn_volta_scudnn_128x128_relu_medium_nn_v1,1,229.630859375
80,139,conv6_1x1,"void cask__5x_cudnn::computeOffsetsKernel<false, false>(cask__5x_cudnn::ComputeOffsetsParams)",1,2.49609375
80,139,fc1,Memset (Device),1,0.5439453125
80,139,fc1,volta_sgemm_64x32_sliced1x4_tn,1,24.2236328125
80,139,fc2,volta_sgemm_32x32_sliced1x4_tn,1,13.5361328125
80,139,gap,"void at::native::reduce_kernel<512, 1, at::native::ReduceOp<float, at::native::MeanOps<float, float, float, float>, unsigned int, float, 4, 4> >(at::native::ReduceOp<float, at::native::MeanOps<float, float, float, float>, unsigned int, float, 4, 4>)",1,72.1923828125
80,139,maxpool1,"void at::native::(anonymous namespace)::max_pool_forward_nchw<float, int>(int, float const*, long, long, long, int, int, int, int, int, int, int, int, int, int, float*, long*)",1,231.517578125
80,139,relu1,"void at::native::vectorized_elementwise_kernel<4, at::native::(anonymous namespace)::launch_clamp_scalar(at::TensorIteratorBase&, c10::Scalar, c10::Scalar, at::native::detail::ClampLimits)::{lambda()#1}::operator()() const::{lambda()#7}::operator()() const::{lambda(float)#1}, std::array<char*, 2ul> >(int, at::native::(anonymous namespace)::launch_clamp_scalar(at::TensorIteratorBase&, c10::Scalar, c10::Scalar, at::native::detail::ClampLimits)::{lambda()#1}::operator()() const::{lambda()#7}::operator()() const::{lambda(float)#1}, std::array<char*, 2ul>)",1,231.359375
80,139,relu2,"void at::native::vectorized_elementwise_kernel<4, at::native::(anonymous namespace)::launch_clamp_scalar(at::TensorIteratorBase&, c10::Scalar, c10::Scalar, at::native::detail::ClampLimits)::{lambda()#1}::operator()() const::{lambda()#7}::operator()() const::{lambda(float)#1}, std::array<char*, 2ul> >(int, at::native::(anonymous namespace)::launch_clamp_scalar(at::TensorIteratorBase&, c10::Scalar, c10::Scalar, at::native::detail::ClampLimits)::{lambda()#1}::operator()() const::{lambda()#7}::operator()() const::{lambda(float)#1}, std::array<char*, 2ul>)",1,120.3193359375
80,139,relu3,"void at::native::vectorized_elementwise_kernel<4, at::native::(anonymous namespace)::launch_clamp_scalar(at::TensorIteratorBase&, c10::Scalar, c10::Scalar, at::native::detail::ClampLimits)::{lambda()#1}::operator()() const::{lambda()#7}::operator()() const::{lambda(float)#1}, std::array<char*, 2ul> >(int, at::native::(anonymous namespace)::launch_clamp_scalar(at::TensorIteratorBase&, c10::Scalar, c10::Scalar, at::native::detail::ClampLimits)::{lambda()#1}::operator()() const::{lambda()#7}::operator()() const::{lambda(float)#1}, std::array<char*, 2ul>)",1,59.55078125
80,139,relu4,"void at::native::vectorized_elementwise_kernel<4, at::native::(anonymous namespace)::launch_clamp_scalar(at::TensorIteratorBase&, c10::Scalar, c10::Scalar, at::native::detail::ClampLimits)::{lambda()#1}::operator()() const::{lambda()#7}::operator()() const::{lambda(float)#1}, std::array<char*, 2ul> >(int, at::native::(anonymous namespace)::launch_clamp_scalar(at::TensorIteratorBase&, c10::Scalar, c10::Scalar, at::native::detail::ClampLimits)::{lambda()#1}::operator()() const::{lambda()#7}::operator()() const::{lambda(float)#1}, std::array<char*, 2ul>)",1,120.126953125
80,139,relu5,"void at::native::vectorized_elementwise_kernel<4, at::native::(anonymous namespace)::launch_clamp_scalar(at::TensorIteratorBase&, c10::Scalar, c10::Scalar, at::native::detail::ClampLimits)::{lambda()#1}::operator()() const::{lambda()#7}::operator()() const::{lambda(float)#1}, std::array<char*, 2ul> >(int, at::native::(anonymous namespace)::launch_clamp_scalar(at::TensorIteratorBase&, c10::Scalar, c10::Scalar, at::native::detail::ClampLimits)::{lambda()#1}::operator()() const::{lambda()#7}::operator()() const::{lambda(float)#1}, std::array<char*, 2ul>)",1,17.375
80,139,relu6,"void at::native::vectorized_elementwise_kernel<4, at::native::(anonymous namespace)::launch_clamp_scalar(at::TensorIteratorBase&, c10::Scalar, c10::Scalar, at::native::detail::ClampLimits)::{lambda()#1}::operator()() const::{lambda()#7}::operator()() const::{lambda(float)#1}, std::array<char*, 2ul> >(int, at::native::(anonymous namespace)::launch_clamp_scalar(at::TensorIteratorBase&, c10::Scalar, c10::Scalar, at::native::detail::ClampLimits)::{lambda()#1}::operator()() const::{lambda()#7}::operator()() const::{lambda(float)#1}, std::array<char*, 2ul>)",1,54.4951171875
80,139,relu7,"void at::native::vectorized_elementwise_kernel<4, at::native::(anonymous namespace)::launch_clamp_scalar(at::TensorIteratorBase&, c10::Scalar, c10::Scalar, at::native::detail::ClampLimits)::{lambda()#1}::operator()() const::{lambda()#7}::operator()() const::{lambda(float)#1}, std::array<char*, 2ul> >(int, at::native::(anonymous namespace)::launch_clamp_scalar(at::TensorIteratorBase&, c10::Scalar, c10::Scalar, at::native::detail::ClampLimits)::{lambda()#1}::operator()() const::{lambda()#7}::operator()() const::{lambda(float)#1}, std::array<char*, 2ul>)",1,2.7197265625
80,256,conv1_7x7_s2,"void fft2d_c2r_32x32<float, true, false, 0u, false, false>(float*, float2 const*, int, int, int, int, int, int, int, int, int, float, float, cudnn::reduced_divisor, bool, float*, float*, int2, cudnnActivationStruct, int, int)",31,324.66368447580646
80,256,conv1_7x7_s2,"void fft2d_r2c_32x32<float, false, 0u, false>(float2*, float const*, int, int, int, int, int, int, int, int, int, cudnn::reduced_divisor, bool, int2, int, int)",31,65.62150327620968
80,256,conv1_7x7_s2,"void fft2d_r2c_32x32<float, false, 1u, true>(float2*, float const*, int, int, int, int, int, int, int, int, int, cudnn::reduced_divisor, bool, int2, int, int)",1,14.0478515625
80,256,conv1_7x7_s2,volta_gcgemm_32x32_nt,30,213.98434244791667
80,256,conv2_5x5,"void cudnn::winograd_nonfused::winogradForwardData9x9_5x5<float, float>(cudnn::winograd_nonfused::WinogradDataParams<float, float>)",1,431.517578125
80,256,conv2_5x5,"void cudnn::winograd_nonfused::winogradForwardFilter9x9_5x5<float, float>(cudnn::winograd_nonfused::WinogradFilterParams<float, float>)",1,9.087890625
80,256,conv2_5x5,"void cudnn::winograd_nonfused::winogradForwardOutput9x9_5x5<float, float>(cudnn::winograd_nonfused::WinogradOutputParams<float, float>)",1,735.5810546875
80,256,conv2_5x5,volta_sgemm_128x64_nn,1,697.501953125
80,256,conv3_3x3_s2,_5x_cudnn_volta_scudnn_128x64_relu_xregs_large_nn_v1,1,825.3095703125
80,256,conv3_3x3_s2,"void cask__5x_cudnn::computeOffsetsKernel<false, false>(cask__5x_cudnn::ComputeOffsetsParams)",1,2.9755859375
80,256,conv4_1x1,_5x_cudnn_volta_scudnn_128x64_relu_small_nn_v1,1,435.5185546875
80,256,conv4_1x1,"void cask__5x_cudnn::computeOffsetsKernel<false, false>(cask__5x_cudnn::ComputeOffsetsParams)",1,2.9443359375
80,256,conv5_3x3_s2,_5x_cudnn_volta_scudnn_128x64_relu_xregs_large_nn_v1,1,1628.08984375
80,256,conv5_3x3_s2,"void cask__5x_cudnn::computeOffsetsKernel<false, false>(cask__5x_cudnn::ComputeOffsetsParams)",1,2.9755859375
80,256,conv6_1x1,_5x_cudnn_volta_scudnn_128x128_relu_medium_nn_v1,1,402.3984375
80,256,conv6_1x1,"void cask__5x_cudnn::computeOffsetsKernel<false, false>(cask__5x_cudnn::ComputeOffsetsParams)",1,2.9755859375
80,256,fc1,"void cublasLt::splitKreduce_kernel<32, 16, int, float, float, float, float, false, float, float, float, true, true, false>(cublasLt::cublasSplitKParams<float>, float const*, float const*, float*, float*, float const*, float const*, float const*, float const*, float*, void*, long, float*, int*, float*, float*, float const*, float const*, float const*, float const*, float const*)",1,6.015625
80,256,fc1,volta_sgemm_128x64_tn,1,28.6396484375
80,256,fc2,"void cublasLt::splitKreduce_kernel<32, 16, int, float, float, float, float, false, float, float, float, true, true, false>(cublasLt::cublasSplitKParams<float>, float const*, float const*, float*, float*, float const*, float const*, float const*, float const*, float*, void*, long, float*, int*, float*, float*, float const*, float const*, float const*, float const*, float const*)",1,3.744140625
80,256,fc2,volta_sgemm_32x128_tn,1,12.83203125
80,256,gap,"void at::native::reduce_kernel<512, 1, at::native::ReduceOp<float, at::native::MeanOps<float, float, float, float>, unsigned int, float, 4, 4> >(at::native::ReduceOp<float, at::native::MeanOps<float, float, float, float>, unsigned int, float, 4, 4>)",1,128.126953125
80,256,maxpool1,"void at::native::(anonymous namespace)::max_pool_forward_nchw<float, int>(int, float const*, long, long, long, int, int, int, int, int, int, int, int, int, int, float*, long*)",1,425.5673828125
80,256,relu1,"void at::native::vectorized_elementwise_kernel<4, at::native::(anonymous namespace)::launch_clamp_scalar(at::TensorIteratorBase&, c10::Scalar, c10::Scalar, at::native::detail::ClampLimits)::{lambda()#1}::operator()() const::{lambda()#7}::operator()() const::{lambda(float)#1}, std::array<char*, 2ul> >(int, at::native::(anonymous namespace)::launch_clamp_scalar(at::TensorIteratorBase&, c10::Scalar, c10::Scalar, at::native::detail::ClampLimits)::{lambda()#1}::operator()() const::{lambda()#7}::operator()() const::{lambda(float)#1}, std::array<char*, 2ul>)",1,432.5751953125
80,256,relu2,"void at::native::vectorized_elementwise_kernel<4, at::native::(anonymous namespace)::launch_clamp_scalar(at::TensorIteratorBase&, c10::Scalar, c10::Scalar, at::native::detail::ClampLimits)::{lambda()#1}::operator()() const::{lambda()#7}::operator()() const::{lambda(float)#1}, std::array<char*, 2ul> >(int, at::native::(anonymous namespace)::launch_clamp_scalar(at::TensorIteratorBase&, c10::Scalar, c10::Scalar, at::native::detail::ClampLimits)::{lambda()#1}::operator()() const::{lambda()#7}::operator()() const::{lambda(float)#1}, std::array<char*, 2ul>)",1,214.55859375
80,256,relu3,"void at::native::vectorized_elementwise_kernel<4, at::native::(anonymous namespace)::launch_clamp_scalar(at::TensorIteratorBase&, c10::Scalar, c10::Scalar, at::native::detail::ClampLimits)::{lambda()#1}::operator()() const::{lambda()#7}::operator()() const::{lambda(float)#1}, std::array<char*, 2ul> >(int, at::native::(anonymous namespace)::launch_clamp_scalar(at::TensorIteratorBase&, c10::Scalar, c10::Scalar, at::native::detail::ClampLimits)::{lambda()#1}::operator()() const::{lambda()#7}::operator()() const::{lambda(float)#1}, std::array<char*, 2ul>)",1,108.86328125
80,256,relu4,"void at::native::vectorized_elementwise_kernel<4, at::native::(anonymous namespace)::launch_clamp_scalar(at::TensorIteratorBase&, c10::Scalar, c10::Scalar, at::native::detail::ClampLimits)::{lambda()#1}::operator()() const::{lambda()#7}::operator()() const::{lambda(float)#1}, std::array<char*, 2ul> >(int, at::native::(anonymous namespace)::launch_clamp_scalar(at::TensorIteratorBase&, c10::Scalar, c10::Scalar, at::native::detail::ClampLimits)::{lambda()#1}::operator()() const::{lambda()#7}::operator()() const::{lambda(float)#1}, std::array<char*, 2ul>)",1,220.607421875
80,256,relu5,"void at::native::vectorized_elementwise_kernel<4, at::native::(anonymous namespace)::launch_clamp_scalar(at::TensorIteratorBase&, c10::Scalar, c10::Scalar, at::native::detail::ClampLimits)::{lambda()#1}::operator()() const::{lambda()#7}::operator()() const::{lambda(float)#1}, std::array<char*, 2ul> >(int, at::native::(anonymous namespace)::launch_clamp_scalar(at::TensorIteratorBase&, c10::Scalar, c10::Scalar, at::native::detail::ClampLimits)::{lambda()#1}::operator()() const::{lambda()#7}::operator()() const::{lambda(float)#1}, std::array<char*, 2ul>)",1,50.0478515625
80,256,relu6,"void at::native::vectorized_elementwise_kernel<4, at::native::(anonymous namespace)::launch_clamp_scalar(at::TensorIteratorBase&, c10::Scalar, c10::Scalar, at::native::detail::ClampLimits)::{lambda()#1}::operator()() const::{lambda()#7}::operator()() const::{lambda(float)#1}, std::array<char*, 2ul> >(int, at::native::(anonymous namespace)::launch_clamp_scalar(at::TensorIteratorBase&, c10::Scalar, c10::Scalar, at::native::detail::ClampLimits)::{lambda()#1}::operator()() const::{lambda()#7}::operator()() const::{lambda(float)#1}, std::array<char*, 2ul>)",1,110.7197265625
80,256,relu7,"void at::native::vectorized_elementwise_kernel<4, at::native::(anonymous namespace)::launch_clamp_scalar(at::TensorIteratorBase&, c10::Scalar, c10::Scalar, at::native::detail::ClampLimits)::{lambda()#1}::operator()() const::{lambda()#7}::operator()() const::{lambda(float)#1}, std::array<char*, 2ul> >(int, at::native::(anonymous namespace)::launch_clamp_scalar(at::TensorIteratorBase&, c10::Scalar, c10::Scalar, at::native::detail::ClampLimits)::{lambda()#1}::operator()() const::{lambda()#7}::operator()() const::{lambda(float)#1}, std::array<char*, 2ul>)",1,2.5283203125
128,1,conv1_7x7_s2,_5x_cudnn_volta_scudnn_128x32_relu_medium_nn_v1,1,25.15234375
128,1,conv1_7x7_s2,"void cask__5x_cudnn::computeOffsetsKernel<false, false>(cask__5x_cudnn::ComputeOffsetsParams)",1,1.6640625
128,1,conv2_5x5,"void fft2d_c2r_32x32<float, false, false, 0u, false, false>(float*, float2 const*, int, int, int, int, int, int, int, int, int, float, float, cudnn::reduced_divisor, bool, float*, float*, int2, cudnnActivationStruct, int, int)",7,14.633091517857142
128,1,conv2_5x5,"void fft2d_r2c_32x32<float, false, 0u, false>(float2*, float const*, int, int, int, int, int, int, int, int, int, cudnn::reduced_divisor, bool, int2, int, int)",7,15.4560546875
128,1,conv2_5x5,"void fft2d_r2c_32x32<float, false, 5u, true>(float2*, float const*, int, int, int, int, int, int, int, int, int, cudnn::reduced_divisor, bool, int2, int, int)",1,49.984375
128,1,conv2_5x5,"void gemv2N_kernel<int, int, float2, float2, float2, float2, 128, 2, 4, 4, 1, false, cublasGemvParamsEx<int, cublasGemvTensorStridedBatched<float2 const>, cublasGemvTensorStridedBatched<float2 const>, cublasGemvTensorStridedBatched<float2>, float2> >(cublasGemvParamsEx<int, cublasGemvTensorStridedBatched<float2 const>, cublasGemvTensorStridedBatched<float2 const>, cublasGemvTensorStridedBatched<float2>, float2>)",8,51.16796875
128,1,conv3_3x3_s2,"void implicit_convolve_sgemm<float, float, 128, 5, 5, 3, 3, 3, 1, false, false, true>(int, int, int, float const*, int, float*, float const*, kernel_conv_params, unsigned long long, int, float, float, int, float const*, float const*, bool, bool, int, int)",1,35.3603515625
128,1,conv4_1x1,volta_sgemm_32x32_sliced1x4_nn,1,9.0244140625
128,1,conv5_3x3_s2,"void implicit_convolve_sgemm<float, float, 128, 5, 5, 3, 3, 3, 1, false, false, true>(int, int, int, float const*, int, float*, float const*, kernel_conv_params, unsigned long long, int, float, float, int, float const*, float const*, bool, bool, int, int)",1,136.83203125
128,1,conv6_1x1,volta_sgemm_32x32_sliced1x4_nn,1,11.232421875
128,1,fc1,"std::enable_if<!(false), void>::type internal::gemvx::kernel<int, int, float, float, float, float, false, true, true, false, 7, false, cublasGemvParamsEx<int, cublasGemvTensorStridedBatched<float const>, cublasGemvTensorStridedBatched<float const>, cublasGemvTensorStridedBatched<float>, float> >(cublasGemvParamsEx<int, cublasGemvTensorStridedBatched<float const>, cublasGemvTensorStridedBatched<float const>, cublasGemvTensorStridedBatched<float>, float>)",1,4.83203125
128,1,fc2,"std::enable_if<!(false), void>::type internal::gemvx::kernel<int, int, float, float, float, float, false, true, true, false, 7, false, cublasGemvParamsEx<int, cublasGemvTensorStridedBatched<float const>, cublasGemvTensorStridedBatched<float const>, cublasGemvTensorStridedBatched<float>, float> >(cublasGemvParamsEx<int, cublasGemvTensorStridedBatched<float const>, cublasGemvTensorStridedBatched<float const>, cublasGemvTensorStridedBatched<float>, float>)",1,3.263671875
128,1,gap,"void at::native::reduce_kernel<512, 1, at::native::ReduceOp<float, at::native::MeanOps<float, float, float, float>, unsigned int, float, 4, 4> >(at::native::ReduceOp<float, at::native::MeanOps<float, float, float, float>, unsigned int, float, 4, 4>)",1,4.9599609375
128,1,maxpool1,"void at::native::(anonymous namespace)::max_pool_forward_nchw<float, int>(int, float const*, long, long, long, int, int, int, int, int, int, int, int, int, int, float*, long*)",1,4.255859375
128,1,relu1,"void at::native::vectorized_elementwise_kernel<4, at::native::(anonymous namespace)::launch_clamp_scalar(at::TensorIteratorBase&, c10::Scalar, c10::Scalar, at::native::detail::ClampLimits)::{lambda()#1}::operator()() const::{lambda()#7}::operator()() const::{lambda(float)#1}, std::array<char*, 2ul> >(int, at::native::(anonymous namespace)::launch_clamp_scalar(at::TensorIteratorBase&, c10::Scalar, c10::Scalar, at::native::detail::ClampLimits)::{lambda()#1}::operator()() const::{lambda()#7}::operator()() const::{lambda(float)#1}, std::array<char*, 2ul>)",1,2.080078125
128,1,relu2,"void at::native::vectorized_elementwise_kernel<4, at::native::(anonymous namespace)::launch_clamp_scalar(at::TensorIteratorBase&, c10::Scalar, c10::Scalar, at::native::detail::ClampLimits)::{lambda()#1}::operator()() const::{lambda()#7}::operator()() const::{lambda(float)#1}, std::array<char*, 2ul> >(int, at::native::(anonymous namespace)::launch_clamp_scalar(at::TensorIteratorBase&, c10::Scalar, c10::Scalar, at::native::detail::ClampLimits)::{lambda()#1}::operator()() const::{lambda()#7}::operator()() const::{lambda(float)#1}, std::array<char*, 2ul>)",1,2.431640625
128,1,relu3,"void at::native::vectorized_elementwise_kernel<4, at::native::(anonymous namespace)::launch_clamp_scalar(at::TensorIteratorBase&, c10::Scalar, c10::Scalar, at::native::detail::ClampLimits)::{lambda()#1}::operator()() const::{lambda()#7}::operator()() const::{lambda(float)#1}, std::array<char*, 2ul> >(int, at::native::(anonymous namespace)::launch_clamp_scalar(at::TensorIteratorBase&, c10::Scalar, c10::Scalar, at::native::detail::ClampLimits)::{lambda()#1}::operator()() const::{lambda()#7}::operator()() const::{lambda(float)#1}, std::array<char*, 2ul>)",1,1.4404296875
128,1,relu4,"void at::native::vectorized_elementwise_kernel<4, at::native::(anonymous namespace)::launch_clamp_scalar(at::TensorIteratorBase&, c10::Scalar, c10::Scalar, at::native::detail::ClampLimits)::{lambda()#1}::operator()() const::{lambda()#7}::operator()() const::{lambda(float)#1}, std::array<char*, 2ul> >(int, at::native::(anonymous namespace)::launch_clamp_scalar(at::TensorIteratorBase&, c10::Scalar, c10::Scalar, at::native::detail::ClampLimits)::{lambda()#1}::operator()() const::{lambda()#7}::operator()() const::{lambda(float)#1}, std::array<char*, 2ul>)",1,1.6640625
128,1,relu5,"void at::native::vectorized_elementwise_kernel<4, at::native::(anonymous namespace)::launch_clamp_scalar(at::TensorIteratorBase&, c10::Scalar, c10::Scalar, at::native::detail::ClampLimits)::{lambda()#1}::operator()() const::{lambda()#7}::operator()() const::{lambda(float)#1}, std::array<char*, 2ul> >(int, at::native::(anonymous namespace)::launch_clamp_scalar(at::TensorIteratorBase&, c10::Scalar, c10::Scalar, at::native::detail::ClampLimits)::{lambda()#1}::operator()() const::{lambda()#7}::operator()() const::{lambda(float)#1}, std::array<char*, 2ul>)",1,1.3759765625
128,1,relu6,"void at::native::vectorized_elementwise_kernel<4, at::native::(anonymous namespace)::launch_clamp_scalar(at::TensorIteratorBase&, c10::Scalar, c10::Scalar, at::native::detail::ClampLimits)::{lambda()#1}::operator()() const::{lambda()#7}::operator()() const::{lambda(float)#1}, std::array<char*, 2ul> >(int, at::native::(anonymous namespace)::launch_clamp_scalar(at::TensorIteratorBase&, c10::Scalar, c10::Scalar, at::native::detail::ClampLimits)::{lambda()#1}::operator()() const::{lambda()#7}::operator()() const::{lambda(float)#1}, std::array<char*, 2ul>)",1,1.408203125
128,1,relu7,"void at::native::vectorized_elementwise_kernel<4, at::native::(anonymous namespace)::launch_clamp_scalar(at::TensorIteratorBase&, c10::Scalar, c10::Scalar, at::native::detail::ClampLimits)::{lambda()#1}::operator()() const::{lambda()#7}::operator()() const::{lambda(float)#1}, std::array<char*, 2ul> >(int, at::native::(anonymous namespace)::launch_clamp_scalar(at::TensorIteratorBase&, c10::Scalar, c10::Scalar, at::native::detail::ClampLimits)::{lambda()#1}::operator()() const::{lambda()#7}::operator()() const::{lambda(float)#1}, std::array<char*, 2ul>)",1,1.50390625
128,2,conv1_7x7_s2,_5x_cudnn_volta_scudnn_128x32_relu_medium_nn_v1,1,27.6787109375
128,2,conv1_7x7_s2,"void cask__5x_cudnn::computeOffsetsKernel<false, false>(cask__5x_cudnn::ComputeOffsetsParams)",1,1.6640625
128,2,conv2_5x5,_5x_cudnn_volta_scudnn_128x32_sliced1x4_ldg4_relu_exp_medium_nhwc_tn_v1,1,44.0322265625
128,2,conv2_5x5,"void cask__5x_cudnn::computeOffsetsKernel<false, false>(cask__5x_cudnn::ComputeOffsetsParams)",1,1.50390625
128,2,conv2_5x5,"void cudnn::engines_precompiled::nchwToNhwcKernel<float, float, float, false, true, (cudnnKernelDataType_t)0>(cudnn::engines_precompiled::nchw2nhwc_params_t<float>, float const*, float*)",2,2.7841796875
128,2,conv2_5x5,"void cudnn::engines_precompiled::nhwcToNchwKernel<float, float, float, true, false, (cudnnKernelDataType_t)0>(cudnn::engines_precompiled::nhwc2nchw_params_t<float>, float const*, float*)",1,2.4638671875
128,2,conv3_3x3_s2,_5x_cudnn_volta_scudnn_128x32_sliced1x4_ldg4_relu_exp_medium_nhwc_tn_v1,1,31.7763671875
128,2,conv3_3x3_s2,"void cask__5x_cudnn::computeOffsetsKernel<false, false>(cask__5x_cudnn::ComputeOffsetsParams)",1,1.568359375
128,2,conv3_3x3_s2,"void cudnn::engines_precompiled::nchwToNhwcKernel<float, float, float, false, true, (cudnnKernelDataType_t)0>(cudnn::engines_precompiled::nchw2nhwc_params_t<float>, float const*, float*)",2,3.7763671875
128,2,conv3_3x3_s2,"void cudnn::engines_precompiled::nhwcToNchwKernel<float, float, float, true, false, (cudnnKernelDataType_t)0>(cudnn::engines_precompiled::nhwc2nchw_params_t<float>, float const*, float*)",1,2.17578125
128,2,conv4_1x1,_5x_cudnn_volta_scudnn_128x64_relu_small_nn_v1,1,19.6796875
128,2,conv4_1x1,"void cask__5x_cudnn::computeOffsetsKernel<false, false>(cask__5x_cudnn::ComputeOffsetsParams)",1,1.5361328125
128,2,conv5_3x3_s2,_5x_cudnn_volta_scudnn_128x32_sliced1x4_ldg4_relu_exp_medium_nhwc_tn_v1,1,109.85546875
128,2,conv5_3x3_s2,"void cask__5x_cudnn::computeOffsetsKernel<false, false>(cask__5x_cudnn::ComputeOffsetsParams)",1,1.6962890625
128,2,conv5_3x3_s2,"void cudnn::engines_precompiled::nchwToNhwcKernel<float, float, float, false, true, (cudnnKernelDataType_t)0>(cudnn::engines_precompiled::nchw2nhwc_params_t<float>, float const*, float*)",2,12.1279296875
128,2,conv5_3x3_s2,"void cudnn::engines_precompiled::nhwcToNchwKernel<float, float, float, true, false, (cudnnKernelDataType_t)0>(cudnn::engines_precompiled::nhwc2nchw_params_t<float>, float const*, float*)",1,2.1435546875
128,2,conv6_1x1,"void cudnn::cnn::kern_precompute_indices<false>(int*, int, int, int, int, int)",1,1.3759765625
128,2,conv6_1x1,"void precomputed_convolve_sgemm<float, 1024, 5, 5, 4, 3, 3, 1, false>(int, int, int, float const*, int, float*, float const*, kernel_conv_params, unsigned long long, int, float, float, int, bool, bool, float const*, float const*, int*)",1,19.3603515625
128,2,fc1,"void gemmSN_TN_kernel<float, 128, 16, 2, 4, 2, 2, true, cublasGemvTensorStridedBatched<float const>, cublasGemvTensorStridedBatched<float const>, cublasGemvTensorStridedBatched<float> >(cublasGemmSmallNParams<cublasGemvTensorStridedBatched<float const>, cublasGemvTensorStridedBatched<float const>, cublasGemvTensorStridedBatched<float>, float>)",1,6.080078125
128,2,fc2,"void gemmSN_TN_kernel<float, 128, 16, 2, 4, 2, 2, true, cublasGemvTensorStridedBatched<float const>, cublasGemvTensorStridedBatched<float const>, cublasGemvTensorStridedBatched<float> >(cublasGemmSmallNParams<cublasGemvTensorStridedBatched<float const>, cublasGemvTensorStridedBatched<float const>, cublasGemvTensorStridedBatched<float>, float>)",1,3.1357421875
128,2,gap,"void at::native::reduce_kernel<512, 1, at::native::ReduceOp<float, at::native::MeanOps<float, float, float, float>, unsigned int, float, 4, 4> >(at::native::ReduceOp<float, at::native::MeanOps<float, float, float, float>, unsigned int, float, 4, 4>)",1,5.18359375
128,2,maxpool1,"void at::native::(anonymous namespace)::max_pool_forward_nchw<float, int>(int, float const*, long, long, long, int, int, int, int, int, int, int, int, int, int, float*, long*)",1,6.5595703125
128,2,relu1,"void at::native::vectorized_elementwise_kernel<4, at::native::(anonymous namespace)::launch_clamp_scalar(at::TensorIteratorBase&, c10::Scalar, c10::Scalar, at::native::detail::ClampLimits)::{lambda()#1}::operator()() const::{lambda()#7}::operator()() const::{lambda(float)#1}, std::array<char*, 2ul> >(int, at::native::(anonymous namespace)::launch_clamp_scalar(at::TensorIteratorBase&, c10::Scalar, c10::Scalar, at::native::detail::ClampLimits)::{lambda()#1}::operator()() const::{lambda()#7}::operator()() const::{lambda(float)#1}, std::array<char*, 2ul>)",1,2.65625
128,2,relu2,"void at::native::vectorized_elementwise_kernel<4, at::native::(anonymous namespace)::launch_clamp_scalar(at::TensorIteratorBase&, c10::Scalar, c10::Scalar, at::native::detail::ClampLimits)::{lambda()#1}::operator()() const::{lambda()#7}::operator()() const::{lambda(float)#1}, std::array<char*, 2ul> >(int, at::native::(anonymous namespace)::launch_clamp_scalar(at::TensorIteratorBase&, c10::Scalar, c10::Scalar, at::native::detail::ClampLimits)::{lambda()#1}::operator()() const::{lambda()#7}::operator()() const::{lambda(float)#1}, std::array<char*, 2ul>)",1,2.0478515625
128,2,relu3,"void at::native::vectorized_elementwise_kernel<4, at::native::(anonymous namespace)::launch_clamp_scalar(at::TensorIteratorBase&, c10::Scalar, c10::Scalar, at::native::detail::ClampLimits)::{lambda()#1}::operator()() const::{lambda()#7}::operator()() const::{lambda(float)#1}, std::array<char*, 2ul> >(int, at::native::(anonymous namespace)::launch_clamp_scalar(at::TensorIteratorBase&, c10::Scalar, c10::Scalar, at::native::detail::ClampLimits)::{lambda()#1}::operator()() const::{lambda()#7}::operator()() const::{lambda(float)#1}, std::array<char*, 2ul>)",1,1.7275390625
128,2,relu4,"void at::native::vectorized_elementwise_kernel<4, at::native::(anonymous namespace)::launch_clamp_scalar(at::TensorIteratorBase&, c10::Scalar, c10::Scalar, at::native::detail::ClampLimits)::{lambda()#1}::operator()() const::{lambda()#7}::operator()() const::{lambda(float)#1}, std::array<char*, 2ul> >(int, at::native::(anonymous namespace)::launch_clamp_scalar(at::TensorIteratorBase&, c10::Scalar, c10::Scalar, at::native::detail::ClampLimits)::{lambda()#1}::operator()() const::{lambda()#7}::operator()() const::{lambda(float)#1}, std::array<char*, 2ul>)",1,2.1123046875
128,2,relu5,"void at::native::vectorized_elementwise_kernel<4, at::native::(anonymous namespace)::launch_clamp_scalar(at::TensorIteratorBase&, c10::Scalar, c10::Scalar, at::native::detail::ClampLimits)::{lambda()#1}::operator()() const::{lambda()#7}::operator()() const::{lambda(float)#1}, std::array<char*, 2ul> >(int, at::native::(anonymous namespace)::launch_clamp_scalar(at::TensorIteratorBase&, c10::Scalar, c10::Scalar, at::native::detail::ClampLimits)::{lambda()#1}::operator()() const::{lambda()#7}::operator()() const::{lambda(float)#1}, std::array<char*, 2ul>)",1,1.4404296875
128,2,relu6,"void at::native::vectorized_elementwise_kernel<4, at::native::(anonymous namespace)::launch_clamp_scalar(at::TensorIteratorBase&, c10::Scalar, c10::Scalar, at::native::detail::ClampLimits)::{lambda()#1}::operator()() const::{lambda()#7}::operator()() const::{lambda(float)#1}, std::array<char*, 2ul> >(int, at::native::(anonymous namespace)::launch_clamp_scalar(at::TensorIteratorBase&, c10::Scalar, c10::Scalar, at::native::detail::ClampLimits)::{lambda()#1}::operator()() const::{lambda()#7}::operator()() const::{lambda(float)#1}, std::array<char*, 2ul>)",1,1.6962890625
128,2,relu7,"void at::native::vectorized_elementwise_kernel<4, at::native::(anonymous namespace)::launch_clamp_scalar(at::TensorIteratorBase&, c10::Scalar, c10::Scalar, at::native::detail::ClampLimits)::{lambda()#1}::operator()() const::{lambda()#7}::operator()() const::{lambda(float)#1}, std::array<char*, 2ul> >(int, at::native::(anonymous namespace)::launch_clamp_scalar(at::TensorIteratorBase&, c10::Scalar, c10::Scalar, at::native::detail::ClampLimits)::{lambda()#1}::operator()() const::{lambda()#7}::operator()() const::{lambda(float)#1}, std::array<char*, 2ul>)",1,1.568359375
128,4,conv1_7x7_s2,_5x_cudnn_volta_scudnn_128x32_relu_medium_nn_v1,1,41.7919921875
128,4,conv1_7x7_s2,"void cask__5x_cudnn::computeOffsetsKernel<false, false>(cask__5x_cudnn::ComputeOffsetsParams)",1,1.7275390625
128,4,conv2_5x5,_5x_cudnn_volta_scudnn_128x32_sliced1x4_ldg4_relu_exp_medium_nhwc_tn_v1,1,88.6708984375
128,4,conv2_5x5,"void cask__5x_cudnn::computeOffsetsKernel<false, false>(cask__5x_cudnn::ComputeOffsetsParams)",1,1.7919921875
128,4,conv2_5x5,"void cudnn::engines_precompiled::nchwToNhwcKernel<float, float, float, false, true, (cudnnKernelDataType_t)0>(cudnn::engines_precompiled::nchw2nhwc_params_t<float>, float const*, float*)",2,3.23193359375
128,4,conv2_5x5,"void cudnn::engines_precompiled::nhwcToNchwKernel<float, float, float, true, false, (cudnnKernelDataType_t)0>(cudnn::engines_precompiled::nhwc2nchw_params_t<float>, float const*, float*)",1,3.8720703125
128,4,conv3_3x3_s2,_5x_cudnn_volta_scudnn_128x64_relu_small_nn_v1,1,65.0869140625
128,4,conv3_3x3_s2,"void cask__5x_cudnn::computeOffsetsKernel<false, false>(cask__5x_cudnn::ComputeOffsetsParams)",1,1.599609375
128,4,conv4_1x1,_5x_cudnn_volta_scudnn_128x64_relu_small_nn_v1,1,20.3828125
128,4,conv4_1x1,"void cask__5x_cudnn::computeOffsetsKernel<false, false>(cask__5x_cudnn::ComputeOffsetsParams)",1,1.5361328125
128,4,conv5_3x3_s2,_5x_cudnn_volta_scudnn_128x32_sliced1x4_ldg4_relu_exp_medium_nhwc_tn_v1,1,114.3671875
128,4,conv5_3x3_s2,"void cask__5x_cudnn::computeOffsetsKernel<false, false>(cask__5x_cudnn::ComputeOffsetsParams)",1,1.8876953125
128,4,conv5_3x3_s2,"void cudnn::engines_precompiled::nchwToNhwcKernel<float, float, float, false, true, (cudnnKernelDataType_t)0>(cudnn::engines_precompiled::nchw2nhwc_params_t<float>, float const*, float*)",2,13.2158203125
128,4,conv5_3x3_s2,"void cudnn::engines_precompiled::nhwcToNchwKernel<float, float, float, true, false, (cudnnKernelDataType_t)0>(cudnn::engines_precompiled::nhwc2nchw_params_t<float>, float const*, float*)",1,2.3359375
128,4,conv6_1x1,_5x_cudnn_volta_scudnn_128x64_relu_small_nn_v1,1,33.82421875
128,4,conv6_1x1,"void cask__5x_cudnn::computeOffsetsKernel<false, false>(cask__5x_cudnn::ComputeOffsetsParams)",1,1.7275390625
128,4,fc1,"void gemmSN_TN_kernel<float, 128, 16, 2, 4, 4, 4, true, cublasGemvTensorStridedBatched<float const>, cublasGemvTensorStridedBatched<float const>, cublasGemvTensorStridedBatched<float> >(cublasGemmSmallNParams<cublasGemvTensorStridedBatched<float const>, cublasGemvTensorStridedBatched<float const>, cublasGemvTensorStridedBatched<float>, float>)",1,6.3037109375
128,4,fc2,"void gemmSN_TN_kernel<float, 128, 16, 2, 4, 4, 4, true, cublasGemvTensorStridedBatched<float const>, cublasGemvTensorStridedBatched<float const>, cublasGemvTensorStridedBatched<float> >(cublasGemmSmallNParams<cublasGemvTensorStridedBatched<float const>, cublasGemvTensorStridedBatched<float const>, cublasGemvTensorStridedBatched<float>, float>)",1,3.423828125
128,4,gap,"void at::native::reduce_kernel<512, 1, at::native::ReduceOp<float, at::native::MeanOps<float, float, float, float>, unsigned int, float, 4, 4> >(at::native::ReduceOp<float, at::native::MeanOps<float, float, float, float>, unsigned int, float, 4, 4>)",1,6.9755859375
128,4,maxpool1,"void at::native::(anonymous namespace)::max_pool_forward_nchw<float, int>(int, float const*, long, long, long, int, int, int, int, int, int, int, int, int, int, float*, long*)",1,11.263671875
128,4,relu1,"void at::native::vectorized_elementwise_kernel<4, at::native::(anonymous namespace)::launch_clamp_scalar(at::TensorIteratorBase&, c10::Scalar, c10::Scalar, at::native::detail::ClampLimits)::{lambda()#1}::operator()() const::{lambda()#7}::operator()() const::{lambda(float)#1}, std::array<char*, 2ul> >(int, at::native::(anonymous namespace)::launch_clamp_scalar(at::TensorIteratorBase&, c10::Scalar, c10::Scalar, at::native::detail::ClampLimits)::{lambda()#1}::operator()() const::{lambda()#7}::operator()() const::{lambda(float)#1}, std::array<char*, 2ul>)",1,3.935546875
128,4,relu2,"void at::native::vectorized_elementwise_kernel<4, at::native::(anonymous namespace)::launch_clamp_scalar(at::TensorIteratorBase&, c10::Scalar, c10::Scalar, at::native::detail::ClampLimits)::{lambda()#1}::operator()() const::{lambda()#7}::operator()() const::{lambda(float)#1}, std::array<char*, 2ul> >(int, at::native::(anonymous namespace)::launch_clamp_scalar(at::TensorIteratorBase&, c10::Scalar, c10::Scalar, at::native::detail::ClampLimits)::{lambda()#1}::operator()() const::{lambda()#7}::operator()() const::{lambda(float)#1}, std::array<char*, 2ul>)",1,2.6240234375
128,4,relu3,"void at::native::vectorized_elementwise_kernel<4, at::native::(anonymous namespace)::launch_clamp_scalar(at::TensorIteratorBase&, c10::Scalar, c10::Scalar, at::native::detail::ClampLimits)::{lambda()#1}::operator()() const::{lambda()#7}::operator()() const::{lambda(float)#1}, std::array<char*, 2ul> >(int, at::native::(anonymous namespace)::launch_clamp_scalar(at::TensorIteratorBase&, c10::Scalar, c10::Scalar, at::native::detail::ClampLimits)::{lambda()#1}::operator()() const::{lambda()#7}::operator()() const::{lambda(float)#1}, std::array<char*, 2ul>)",1,2.1435546875
128,4,relu4,"void at::native::vectorized_elementwise_kernel<4, at::native::(anonymous namespace)::launch_clamp_scalar(at::TensorIteratorBase&, c10::Scalar, c10::Scalar, at::native::detail::ClampLimits)::{lambda()#1}::operator()() const::{lambda()#7}::operator()() const::{lambda(float)#1}, std::array<char*, 2ul> >(int, at::native::(anonymous namespace)::launch_clamp_scalar(at::TensorIteratorBase&, c10::Scalar, c10::Scalar, at::native::detail::ClampLimits)::{lambda()#1}::operator()() const::{lambda()#7}::operator()() const::{lambda(float)#1}, std::array<char*, 2ul>)",1,2.7197265625
128,4,relu5,"void at::native::vectorized_elementwise_kernel<4, at::native::(anonymous namespace)::launch_clamp_scalar(at::TensorIteratorBase&, c10::Scalar, c10::Scalar, at::native::detail::ClampLimits)::{lambda()#1}::operator()() const::{lambda()#7}::operator()() const::{lambda(float)#1}, std::array<char*, 2ul> >(int, at::native::(anonymous namespace)::launch_clamp_scalar(at::TensorIteratorBase&, c10::Scalar, c10::Scalar, at::native::detail::ClampLimits)::{lambda()#1}::operator()() const::{lambda()#7}::operator()() const::{lambda(float)#1}, std::array<char*, 2ul>)",1,1.7275390625
128,4,relu6,"void at::native::vectorized_elementwise_kernel<4, at::native::(anonymous namespace)::launch_clamp_scalar(at::TensorIteratorBase&, c10::Scalar, c10::Scalar, at::native::detail::ClampLimits)::{lambda()#1}::operator()() const::{lambda()#7}::operator()() const::{lambda(float)#1}, std::array<char*, 2ul> >(int, at::native::(anonymous namespace)::launch_clamp_scalar(at::TensorIteratorBase&, c10::Scalar, c10::Scalar, at::native::detail::ClampLimits)::{lambda()#1}::operator()() const::{lambda()#7}::operator()() const::{lambda(float)#1}, std::array<char*, 2ul>)",1,2.1435546875
128,4,relu7,"void at::native::vectorized_elementwise_kernel<4, at::native::(anonymous namespace)::launch_clamp_scalar(at::TensorIteratorBase&, c10::Scalar, c10::Scalar, at::native::detail::ClampLimits)::{lambda()#1}::operator()() const::{lambda()#7}::operator()() const::{lambda(float)#1}, std::array<char*, 2ul> >(int, at::native::(anonymous namespace)::launch_clamp_scalar(at::TensorIteratorBase&, c10::Scalar, c10::Scalar, at::native::detail::ClampLimits)::{lambda()#1}::operator()() const::{lambda()#7}::operator()() const::{lambda(float)#1}, std::array<char*, 2ul>)",1,1.4716796875
128,8,conv1_7x7_s2,_5x_cudnn_volta_scudnn_128x32_relu_medium_nn_v1,1,84.3505859375
128,8,conv1_7x7_s2,"void cask__5x_cudnn::computeOffsetsKernel<false, false>(cask__5x_cudnn::ComputeOffsetsParams)",1,2.2080078125
128,8,conv2_5x5,_5x_cudnn_volta_scudnn_128x64_relu_xregs_large_nn_v1,1,183.9345703125
128,8,conv2_5x5,"void cask__5x_cudnn::computeOffsetsKernel<false, false>(cask__5x_cudnn::ComputeOffsetsParams)",1,2.17578125
128,8,conv3_3x3_s2,"void implicit_convolve_sgemm<float, float, 512, 6, 8, 3, 3, 5, 1, false, false, true>(int, int, int, float const*, int, float*, float const*, kernel_conv_params, unsigned long long, int, float, float, int, float const*, float const*, bool, bool, int, int)",1,163.775390625
128,8,conv4_1x1,_5x_cudnn_volta_scudnn_128x128_relu_medium_nn_v1,1,35.3603515625
128,8,conv4_1x1,"void cask__5x_cudnn::computeOffsetsKernel<false, false>(cask__5x_cudnn::ComputeOffsetsParams)",1,1.6962890625
128,8,conv5_3x3_s2,_5x_cudnn_volta_scudnn_128x64_relu_small_nn_v1,1,277.2783203125
128,8,conv5_3x3_s2,"void cask__5x_cudnn::computeOffsetsKernel<false, false>(cask__5x_cudnn::ComputeOffsetsParams)",1,1.7919921875
128,8,conv6_1x1,_5x_cudnn_volta_scudnn_128x64_relu_small_nn_v1,1,39.48828125
128,8,conv6_1x1,"void cask__5x_cudnn::computeOffsetsKernel<false, false>(cask__5x_cudnn::ComputeOffsetsParams)",1,2.080078125
128,8,fc1,"void gemmSN_TN_kernel<float, 128, 16, 2, 4, 8, 9, false, cublasGemvTensorStridedBatched<float const>, cublasGemvTensorStridedBatched<float const>, cublasGemvTensorStridedBatched<float> >(cublasGemmSmallNParams<cublasGemvTensorStridedBatched<float const>, cublasGemvTensorStridedBatched<float const>, cublasGemvTensorStridedBatched<float>, float>)",1,9.9521484375
128,8,fc2,"void gemmSN_TN_kernel<float, 128, 16, 2, 4, 8, 9, false, cublasGemvTensorStridedBatched<float const>, cublasGemvTensorStridedBatched<float const>, cublasGemvTensorStridedBatched<float> >(cublasGemmSmallNParams<cublasGemvTensorStridedBatched<float const>, cublasGemvTensorStridedBatched<float const>, cublasGemvTensorStridedBatched<float>, float>)",1,5.3115234375
128,8,gap,"void at::native::reduce_kernel<512, 1, at::native::ReduceOp<float, at::native::MeanOps<float, float, float, float>, unsigned int, float, 4, 4> >(at::native::ReduceOp<float, at::native::MeanOps<float, float, float, float>, unsigned int, float, 4, 4>)",1,10.84765625
128,8,maxpool1,"void at::native::(anonymous namespace)::max_pool_forward_nchw<float, int>(int, float const*, long, long, long, int, int, int, int, int, int, int, int, int, int, float*, long*)",1,32.9599609375
128,8,relu1,"void at::native::vectorized_elementwise_kernel<4, at::native::(anonymous namespace)::launch_clamp_scalar(at::TensorIteratorBase&, c10::Scalar, c10::Scalar, at::native::detail::ClampLimits)::{lambda()#1}::operator()() const::{lambda()#7}::operator()() const::{lambda(float)#1}, std::array<char*, 2ul> >(int, at::native::(anonymous namespace)::launch_clamp_scalar(at::TensorIteratorBase&, c10::Scalar, c10::Scalar, at::native::detail::ClampLimits)::{lambda()#1}::operator()() const::{lambda()#7}::operator()() const::{lambda(float)#1}, std::array<char*, 2ul>)",1,29.984375
128,8,relu2,"void at::native::vectorized_elementwise_kernel<4, at::native::(anonymous namespace)::launch_clamp_scalar(at::TensorIteratorBase&, c10::Scalar, c10::Scalar, at::native::detail::ClampLimits)::{lambda()#1}::operator()() const::{lambda()#7}::operator()() const::{lambda(float)#1}, std::array<char*, 2ul> >(int, at::native::(anonymous namespace)::launch_clamp_scalar(at::TensorIteratorBase&, c10::Scalar, c10::Scalar, at::native::detail::ClampLimits)::{lambda()#1}::operator()() const::{lambda()#7}::operator()() const::{lambda(float)#1}, std::array<char*, 2ul>)",1,4.7041015625
128,8,relu3,"void at::native::vectorized_elementwise_kernel<4, at::native::(anonymous namespace)::launch_clamp_scalar(at::TensorIteratorBase&, c10::Scalar, c10::Scalar, at::native::detail::ClampLimits)::{lambda()#1}::operator()() const::{lambda()#7}::operator()() const::{lambda(float)#1}, std::array<char*, 2ul> >(int, at::native::(anonymous namespace)::launch_clamp_scalar(at::TensorIteratorBase&, c10::Scalar, c10::Scalar, at::native::detail::ClampLimits)::{lambda()#1}::operator()() const::{lambda()#7}::operator()() const::{lambda(float)#1}, std::array<char*, 2ul>)",1,3.232421875
128,8,relu4,"void at::native::vectorized_elementwise_kernel<4, at::native::(anonymous namespace)::launch_clamp_scalar(at::TensorIteratorBase&, c10::Scalar, c10::Scalar, at::native::detail::ClampLimits)::{lambda()#1}::operator()() const::{lambda()#7}::operator()() const::{lambda(float)#1}, std::array<char*, 2ul> >(int, at::native::(anonymous namespace)::launch_clamp_scalar(at::TensorIteratorBase&, c10::Scalar, c10::Scalar, at::native::detail::ClampLimits)::{lambda()#1}::operator()() const::{lambda()#7}::operator()() const::{lambda(float)#1}, std::array<char*, 2ul>)",1,4.8642578125
128,8,relu5,"void at::native::vectorized_elementwise_kernel<4, at::native::(anonymous namespace)::launch_clamp_scalar(at::TensorIteratorBase&, c10::Scalar, c10::Scalar, at::native::detail::ClampLimits)::{lambda()#1}::operator()() const::{lambda()#7}::operator()() const::{lambda(float)#1}, std::array<char*, 2ul> >(int, at::native::(anonymous namespace)::launch_clamp_scalar(at::TensorIteratorBase&, c10::Scalar, c10::Scalar, at::native::detail::ClampLimits)::{lambda()#1}::operator()() const::{lambda()#7}::operator()() const::{lambda(float)#1}, std::array<char*, 2ul>)",1,2.49609375
128,8,relu6,"void at::native::vectorized_elementwise_kernel<4, at::native::(anonymous namespace)::launch_clamp_scalar(at::TensorIteratorBase&, c10::Scalar, c10::Scalar, at::native::detail::ClampLimits)::{lambda()#1}::operator()() const::{lambda()#7}::operator()() const::{lambda(float)#1}, std::array<char*, 2ul> >(int, at::native::(anonymous namespace)::launch_clamp_scalar(at::TensorIteratorBase&, c10::Scalar, c10::Scalar, at::native::detail::ClampLimits)::{lambda()#1}::operator()() const::{lambda()#7}::operator()() const::{lambda(float)#1}, std::array<char*, 2ul>)",1,3.6162109375
128,8,relu7,"void at::native::vectorized_elementwise_kernel<4, at::native::(anonymous namespace)::launch_clamp_scalar(at::TensorIteratorBase&, c10::Scalar, c10::Scalar, at::native::detail::ClampLimits)::{lambda()#1}::operator()() const::{lambda()#7}::operator()() const::{lambda(float)#1}, std::array<char*, 2ul> >(int, at::native::(anonymous namespace)::launch_clamp_scalar(at::TensorIteratorBase&, c10::Scalar, c10::Scalar, at::native::detail::ClampLimits)::{lambda()#1}::operator()() const::{lambda()#7}::operator()() const::{lambda(float)#1}, std::array<char*, 2ul>)",1,1.6962890625
128,16,conv1_7x7_s2,_5x_cudnn_volta_scudnn_128x32_relu_medium_nn_v1,1,173.1826171875
128,16,conv1_7x7_s2,"void cask__5x_cudnn::computeOffsetsKernel<false, false>(cask__5x_cudnn::ComputeOffsetsParams)",1,2.400390625
128,16,conv2_5x5,_5x_cudnn_volta_scudnn_128x64_relu_small_nn_v1,1,392.0595703125
128,16,conv2_5x5,"void cask__5x_cudnn::computeOffsetsKernel<false, false>(cask__5x_cudnn::ComputeOffsetsParams)",1,2.4638671875
128,16,conv3_3x3_s2,_5x_cudnn_volta_scudnn_128x64_relu_small_nn_v1,1,154.7177734375
128,16,conv3_3x3_s2,"void cask__5x_cudnn::computeOffsetsKernel<false, false>(cask__5x_cudnn::ComputeOffsetsParams)",1,3.0078125
128,16,conv4_1x1,_5x_cudnn_volta_scudnn_128x64_relu_small_nn_v1,1,75.583984375
128,16,conv4_1x1,"void cask__5x_cudnn::computeOffsetsKernel<false, false>(cask__5x_cudnn::ComputeOffsetsParams)",1,2.3359375
128,16,conv5_3x3_s2,_5x_cudnn_volta_scudnn_128x64_relu_small_nn_v1,1,326.078125
128,16,conv5_3x3_s2,"void cask__5x_cudnn::computeOffsetsKernel<false, false>(cask__5x_cudnn::ComputeOffsetsParams)",1,2.7197265625
128,16,conv6_1x1,_5x_cudnn_volta_scudnn_128x64_relu_small_nn_v1,1,73.7587890625
128,16,conv6_1x1,"void cask__5x_cudnn::computeOffsetsKernel<false, false>(cask__5x_cudnn::ComputeOffsetsParams)",1,2.2724609375
128,16,fc1,"void gemmSN_TN_kernel<float, 128, 16, 2, 4, 8, 9, false, cublasGemvTensorStridedBatched<float const>, cublasGemvTensorStridedBatched<float const>, cublasGemvTensorStridedBatched<float> >(cublasGemmSmallNParams<cublasGemvTensorStridedBatched<float const>, cublasGemvTensorStridedBatched<float const>, cublasGemvTensorStridedBatched<float>, float>)",1,12.16015625
128,16,fc2,"void gemmSN_TN_kernel<float, 128, 16, 2, 4, 8, 9, false, cublasGemvTensorStridedBatched<float const>, cublasGemvTensorStridedBatched<float const>, cublasGemvTensorStridedBatched<float> >(cublasGemmSmallNParams<cublasGemvTensorStridedBatched<float const>, cublasGemvTensorStridedBatched<float const>, cublasGemvTensorStridedBatched<float>, float>)",1,5.6630859375
128,16,gap,"void at::native::reduce_kernel<512, 1, at::native::ReduceOp<float, at::native::MeanOps<float, float, float, float>, unsigned int, float, 4, 4> >(at::native::ReduceOp<float, at::native::MeanOps<float, float, float, float>, unsigned int, float, 4, 4>)",1,17.919921875
128,16,maxpool1,"void at::native::(anonymous namespace)::max_pool_forward_nchw<float, int>(int, float const*, long, long, long, int, int, int, int, int, int, int, int, int, int, float*, long*)",1,67.4873046875
128,16,relu1,"void at::native::vectorized_elementwise_kernel<4, at::native::(anonymous namespace)::launch_clamp_scalar(at::TensorIteratorBase&, c10::Scalar, c10::Scalar, at::native::detail::ClampLimits)::{lambda()#1}::operator()() const::{lambda()#7}::operator()() const::{lambda(float)#1}, std::array<char*, 2ul> >(int, at::native::(anonymous namespace)::launch_clamp_scalar(at::TensorIteratorBase&, c10::Scalar, c10::Scalar, at::native::detail::ClampLimits)::{lambda()#1}::operator()() const::{lambda()#7}::operator()() const::{lambda(float)#1}, std::array<char*, 2ul>)",1,70.87890625
128,16,relu2,"void at::native::vectorized_elementwise_kernel<4, at::native::(anonymous namespace)::launch_clamp_scalar(at::TensorIteratorBase&, c10::Scalar, c10::Scalar, at::native::detail::ClampLimits)::{lambda()#1}::operator()() const::{lambda()#7}::operator()() const::{lambda(float)#1}, std::array<char*, 2ul> >(int, at::native::(anonymous namespace)::launch_clamp_scalar(at::TensorIteratorBase&, c10::Scalar, c10::Scalar, at::native::detail::ClampLimits)::{lambda()#1}::operator()() const::{lambda()#7}::operator()() const::{lambda(float)#1}, std::array<char*, 2ul>)",1,27.744140625
128,16,relu3,"void at::native::vectorized_elementwise_kernel<4, at::native::(anonymous namespace)::launch_clamp_scalar(at::TensorIteratorBase&, c10::Scalar, c10::Scalar, at::native::detail::ClampLimits)::{lambda()#1}::operator()() const::{lambda()#7}::operator()() const::{lambda(float)#1}, std::array<char*, 2ul> >(int, at::native::(anonymous namespace)::launch_clamp_scalar(at::TensorIteratorBase&, c10::Scalar, c10::Scalar, at::native::detail::ClampLimits)::{lambda()#1}::operator()() const::{lambda()#7}::operator()() const::{lambda(float)#1}, std::array<char*, 2ul>)",1,6.17578125
128,16,relu4,"void at::native::vectorized_elementwise_kernel<4, at::native::(anonymous namespace)::launch_clamp_scalar(at::TensorIteratorBase&, c10::Scalar, c10::Scalar, at::native::detail::ClampLimits)::{lambda()#1}::operator()() const::{lambda()#7}::operator()() const::{lambda(float)#1}, std::array<char*, 2ul> >(int, at::native::(anonymous namespace)::launch_clamp_scalar(at::TensorIteratorBase&, c10::Scalar, c10::Scalar, at::native::detail::ClampLimits)::{lambda()#1}::operator()() const::{lambda()#7}::operator()() const::{lambda(float)#1}, std::array<char*, 2ul>)",1,23.7431640625
128,16,relu5,"void at::native::vectorized_elementwise_kernel<4, at::native::(anonymous namespace)::launch_clamp_scalar(at::TensorIteratorBase&, c10::Scalar, c10::Scalar, at::native::detail::ClampLimits)::{lambda()#1}::operator()() const::{lambda()#7}::operator()() const::{lambda(float)#1}, std::array<char*, 2ul> >(int, at::native::(anonymous namespace)::launch_clamp_scalar(at::TensorIteratorBase&, c10::Scalar, c10::Scalar, at::native::detail::ClampLimits)::{lambda()#1}::operator()() const::{lambda()#7}::operator()() const::{lambda(float)#1}, std::array<char*, 2ul>)",1,3.935546875
128,16,relu6,"void at::native::vectorized_elementwise_kernel<4, at::native::(anonymous namespace)::launch_clamp_scalar(at::TensorIteratorBase&, c10::Scalar, c10::Scalar, at::native::detail::ClampLimits)::{lambda()#1}::operator()() const::{lambda()#7}::operator()() const::{lambda(float)#1}, std::array<char*, 2ul> >(int, at::native::(anonymous namespace)::launch_clamp_scalar(at::TensorIteratorBase&, c10::Scalar, c10::Scalar, at::native::detail::ClampLimits)::{lambda()#1}::operator()() const::{lambda()#7}::operator()() const::{lambda(float)#1}, std::array<char*, 2ul>)",1,5.3115234375
128,16,relu7,"void at::native::vectorized_elementwise_kernel<4, at::native::(anonymous namespace)::launch_clamp_scalar(at::TensorIteratorBase&, c10::Scalar, c10::Scalar, at::native::detail::ClampLimits)::{lambda()#1}::operator()() const::{lambda()#7}::operator()() const::{lambda(float)#1}, std::array<char*, 2ul> >(int, at::native::(anonymous namespace)::launch_clamp_scalar(at::TensorIteratorBase&, c10::Scalar, c10::Scalar, at::native::detail::ClampLimits)::{lambda()#1}::operator()() const::{lambda()#7}::operator()() const::{lambda(float)#1}, std::array<char*, 2ul>)",1,1.8876953125
128,32,conv1_7x7_s2,_5x_cudnn_volta_scudnn_128x32_relu_medium_nn_v1,1,358.8115234375
128,32,conv1_7x7_s2,"void cask__5x_cudnn::computeOffsetsKernel<false, false>(cask__5x_cudnn::ComputeOffsetsParams)",1,2.5595703125
128,32,conv2_5x5,_5x_cudnn_volta_scudnn_128x64_relu_small_nn_v1,1,739.3515625
128,32,conv2_5x5,"void cask__5x_cudnn::computeOffsetsKernel<false, false>(cask__5x_cudnn::ComputeOffsetsParams)",1,2.912109375
128,32,conv3_3x3_s2,_5x_cudnn_volta_scudnn_128x64_relu_xregs_large_nn_v1,1,316.125
128,32,conv3_3x3_s2,"void cask__5x_cudnn::computeOffsetsKernel<false, false>(cask__5x_cudnn::ComputeOffsetsParams)",1,2.8798828125
128,32,conv4_1x1,_5x_cudnn_volta_scudnn_128x64_relu_small_nn_v1,1,139.0380859375
128,32,conv4_1x1,"void cask__5x_cudnn::computeOffsetsKernel<false, false>(cask__5x_cudnn::ComputeOffsetsParams)",1,3.103515625
128,32,conv5_3x3_s2,_5x_cudnn_volta_scudnn_128x64_relu_xregs_large_nn_v1,1,635.5771484375
128,32,conv5_3x3_s2,"void cask__5x_cudnn::computeOffsetsKernel<false, false>(cask__5x_cudnn::ComputeOffsetsParams)",1,2.8798828125
128,32,conv6_1x1,_5x_cudnn_volta_scudnn_128x128_relu_medium_nn_v1,1,141.5986328125
128,32,conv6_1x1,"void cask__5x_cudnn::computeOffsetsKernel<false, false>(cask__5x_cudnn::ComputeOffsetsParams)",1,2.4638671875
128,32,fc1,"void cublasLt::splitKreduce_kernel<32, 16, int, float, float, float, float, false, float, float, float, true, true, false>(cublasLt::cublasSplitKParams<float>, float const*, float const*, float*, float*, float const*, float const*, float const*, float const*, float*, void*, long, float*, int*, float*, float*, float const*, float const*, float const*, float const*, float const*)",1,3.4560546875
128,32,fc1,volta_sgemm_64x32_sliced1x4_tn,1,12.48046875
128,32,fc2,volta_sgemm_32x32_sliced1x4_tn,1,14.4638671875
128,32,gap,"void at::native::reduce_kernel<512, 1, at::native::ReduceOp<float, at::native::MeanOps<float, float, float, float>, unsigned int, float, 4, 4> >(at::native::ReduceOp<float, at::native::MeanOps<float, float, float, float>, unsigned int, float, 4, 4>)",1,35.0068359375
128,32,maxpool1,"void at::native::(anonymous namespace)::max_pool_forward_nchw<float, int>(int, float const*, long, long, long, int, int, int, int, int, int, int, int, int, int, float*, long*)",1,132.734375
128,32,relu1,"void at::native::vectorized_elementwise_kernel<4, at::native::(anonymous namespace)::launch_clamp_scalar(at::TensorIteratorBase&, c10::Scalar, c10::Scalar, at::native::detail::ClampLimits)::{lambda()#1}::operator()() const::{lambda()#7}::operator()() const::{lambda(float)#1}, std::array<char*, 2ul> >(int, at::native::(anonymous namespace)::launch_clamp_scalar(at::TensorIteratorBase&, c10::Scalar, c10::Scalar, at::native::detail::ClampLimits)::{lambda()#1}::operator()() const::{lambda()#7}::operator()() const::{lambda(float)#1}, std::array<char*, 2ul>)",1,141.0234375
128,32,relu2,"void at::native::vectorized_elementwise_kernel<4, at::native::(anonymous namespace)::launch_clamp_scalar(at::TensorIteratorBase&, c10::Scalar, c10::Scalar, at::native::detail::ClampLimits)::{lambda()#1}::operator()() const::{lambda()#7}::operator()() const::{lambda(float)#1}, std::array<char*, 2ul> >(int, at::native::(anonymous namespace)::launch_clamp_scalar(at::TensorIteratorBase&, c10::Scalar, c10::Scalar, at::native::detail::ClampLimits)::{lambda()#1}::operator()() const::{lambda()#7}::operator()() const::{lambda(float)#1}, std::array<char*, 2ul>)",1,70.5595703125
128,32,relu3,"void at::native::vectorized_elementwise_kernel<4, at::native::(anonymous namespace)::launch_clamp_scalar(at::TensorIteratorBase&, c10::Scalar, c10::Scalar, at::native::detail::ClampLimits)::{lambda()#1}::operator()() const::{lambda()#7}::operator()() const::{lambda(float)#1}, std::array<char*, 2ul> >(int, at::native::(anonymous namespace)::launch_clamp_scalar(at::TensorIteratorBase&, c10::Scalar, c10::Scalar, at::native::detail::ClampLimits)::{lambda()#1}::operator()() const::{lambda()#7}::operator()() const::{lambda(float)#1}, std::array<char*, 2ul>)",1,25.34375
128,32,relu4,"void at::native::vectorized_elementwise_kernel<4, at::native::(anonymous namespace)::launch_clamp_scalar(at::TensorIteratorBase&, c10::Scalar, c10::Scalar, at::native::detail::ClampLimits)::{lambda()#1}::operator()() const::{lambda()#7}::operator()() const::{lambda(float)#1}, std::array<char*, 2ul> >(int, at::native::(anonymous namespace)::launch_clamp_scalar(at::TensorIteratorBase&, c10::Scalar, c10::Scalar, at::native::detail::ClampLimits)::{lambda()#1}::operator()() const::{lambda()#7}::operator()() const::{lambda(float)#1}, std::array<char*, 2ul>)",1,68.736328125
128,32,relu5,"void at::native::vectorized_elementwise_kernel<4, at::native::(anonymous namespace)::launch_clamp_scalar(at::TensorIteratorBase&, c10::Scalar, c10::Scalar, at::native::detail::ClampLimits)::{lambda()#1}::operator()() const::{lambda()#7}::operator()() const::{lambda(float)#1}, std::array<char*, 2ul> >(int, at::native::(anonymous namespace)::launch_clamp_scalar(at::TensorIteratorBase&, c10::Scalar, c10::Scalar, at::native::detail::ClampLimits)::{lambda()#1}::operator()() const::{lambda()#7}::operator()() const::{lambda(float)#1}, std::array<char*, 2ul>)",1,6.7197265625
128,32,relu6,"void at::native::vectorized_elementwise_kernel<4, at::native::(anonymous namespace)::launch_clamp_scalar(at::TensorIteratorBase&, c10::Scalar, c10::Scalar, at::native::detail::ClampLimits)::{lambda()#1}::operator()() const::{lambda()#7}::operator()() const::{lambda(float)#1}, std::array<char*, 2ul> >(int, at::native::(anonymous namespace)::launch_clamp_scalar(at::TensorIteratorBase&, c10::Scalar, c10::Scalar, at::native::detail::ClampLimits)::{lambda()#1}::operator()() const::{lambda()#7}::operator()() const::{lambda(float)#1}, std::array<char*, 2ul>)",1,23.6796875
128,32,relu7,"void at::native::vectorized_elementwise_kernel<4, at::native::(anonymous namespace)::launch_clamp_scalar(at::TensorIteratorBase&, c10::Scalar, c10::Scalar, at::native::detail::ClampLimits)::{lambda()#1}::operator()() const::{lambda()#7}::operator()() const::{lambda(float)#1}, std::array<char*, 2ul> >(int, at::native::(anonymous namespace)::launch_clamp_scalar(at::TensorIteratorBase&, c10::Scalar, c10::Scalar, at::native::detail::ClampLimits)::{lambda()#1}::operator()() const::{lambda()#7}::operator()() const::{lambda(float)#1}, std::array<char*, 2ul>)",1,1.984375
128,64,conv1_7x7_s2,_5x_cudnn_volta_scudnn_128x32_relu_medium_nn_v1,1,707.80078125
128,64,conv1_7x7_s2,"void cask__5x_cudnn::computeOffsetsKernel<false, false>(cask__5x_cudnn::ComputeOffsetsParams)",1,2.5595703125
128,64,conv2_5x5,"void cudnn::winograd_nonfused::winogradForwardData9x9_5x5<float, float>(cudnn::winograd_nonfused::WinogradDataParams<float, float>)",1,404.0595703125
128,64,conv2_5x5,"void cudnn::winograd_nonfused::winogradForwardFilter9x9_5x5<float, float>(cudnn::winograd_nonfused::WinogradFilterParams<float, float>)",1,8.736328125
128,64,conv2_5x5,"void cudnn::winograd_nonfused::winogradForwardOutput9x9_5x5<float, float>(cudnn::winograd_nonfused::WinogradOutputParams<float, float>)",1,495.3232421875
128,64,conv2_5x5,volta_sgemm_128x64_nn,1,316.15625
128,64,conv3_3x3_s2,_5x_cudnn_volta_scudnn_128x128_relu_medium_nn_v1,1,588.8583984375
128,64,conv3_3x3_s2,"void cask__5x_cudnn::computeOffsetsKernel<false, false>(cask__5x_cudnn::ComputeOffsetsParams)",1,3.0078125
128,64,conv4_1x1,_5x_cudnn_volta_scudnn_128x64_relu_small_nn_v1,1,253.4365234375
128,64,conv4_1x1,"void cask__5x_cudnn::computeOffsetsKernel<false, false>(cask__5x_cudnn::ComputeOffsetsParams)",1,2.8798828125
128,64,conv5_3x3_s2,_5x_cudnn_volta_scudnn_128x64_relu_xregs_large_nn_v1,1,1269.810546875
128,64,conv5_3x3_s2,"void cask__5x_cudnn::computeOffsetsKernel<false, false>(cask__5x_cudnn::ComputeOffsetsParams)",1,2.8798828125
128,64,conv6_1x1,_5x_cudnn_volta_scudnn_128x128_relu_medium_nn_v1,1,275.2939453125
128,64,conv6_1x1,"void cask__5x_cudnn::computeOffsetsKernel<false, false>(cask__5x_cudnn::ComputeOffsetsParams)",1,3.2001953125
128,64,fc1,"void cublasLt::splitKreduce_kernel<32, 16, int, float, float, float, float, false, float, float, float, true, true, false>(cublasLt::cublasSplitKParams<float>, float const*, float const*, float*, float*, float const*, float const*, float const*, float const*, float*, void*, long, float*, int*, float*, float*, float const*, float const*, float const*, float const*, float const*)",1,3.48828125
128,64,fc1,volta_sgemm_64x32_sliced1x4_tn,1,14.81640625
128,64,fc2,volta_sgemm_32x32_sliced1x4_tn,1,14.5595703125
128,64,gap,"void at::native::reduce_kernel<512, 1, at::native::ReduceOp<float, at::native::MeanOps<float, float, float, float>, unsigned int, float, 4, 4> >(at::native::ReduceOp<float, at::native::MeanOps<float, float, float, float>, unsigned int, float, 4, 4>)",1,69.7265625
128,64,maxpool1,"void at::native::(anonymous namespace)::max_pool_forward_nchw<float, int>(int, float const*, long, long, long, int, int, int, int, int, int, int, int, int, int, float*, long*)",1,259.0693359375
128,64,relu1,"void at::native::vectorized_elementwise_kernel<4, at::native::(anonymous namespace)::launch_clamp_scalar(at::TensorIteratorBase&, c10::Scalar, c10::Scalar, at::native::detail::ClampLimits)::{lambda()#1}::operator()() const::{lambda()#7}::operator()() const::{lambda(float)#1}, std::array<char*, 2ul> >(int, at::native::(anonymous namespace)::launch_clamp_scalar(at::TensorIteratorBase&, c10::Scalar, c10::Scalar, at::native::detail::ClampLimits)::{lambda()#1}::operator()() const::{lambda()#7}::operator()() const::{lambda(float)#1}, std::array<char*, 2ul>)",1,282.8447265625
128,64,relu2,"void at::native::vectorized_elementwise_kernel<4, at::native::(anonymous namespace)::launch_clamp_scalar(at::TensorIteratorBase&, c10::Scalar, c10::Scalar, at::native::detail::ClampLimits)::{lambda()#1}::operator()() const::{lambda()#7}::operator()() const::{lambda(float)#1}, std::array<char*, 2ul> >(int, at::native::(anonymous namespace)::launch_clamp_scalar(at::TensorIteratorBase&, c10::Scalar, c10::Scalar, at::native::detail::ClampLimits)::{lambda()#1}::operator()() const::{lambda()#7}::operator()() const::{lambda(float)#1}, std::array<char*, 2ul>)",1,134.943359375
128,64,relu3,"void at::native::vectorized_elementwise_kernel<4, at::native::(anonymous namespace)::launch_clamp_scalar(at::TensorIteratorBase&, c10::Scalar, c10::Scalar, at::native::detail::ClampLimits)::{lambda()#1}::operator()() const::{lambda()#7}::operator()() const::{lambda(float)#1}, std::array<char*, 2ul> >(int, at::native::(anonymous namespace)::launch_clamp_scalar(at::TensorIteratorBase&, c10::Scalar, c10::Scalar, at::native::detail::ClampLimits)::{lambda()#1}::operator()() const::{lambda()#7}::operator()() const::{lambda(float)#1}, std::array<char*, 2ul>)",1,71.134765625
128,64,relu4,"void at::native::vectorized_elementwise_kernel<4, at::native::(anonymous namespace)::launch_clamp_scalar(at::TensorIteratorBase&, c10::Scalar, c10::Scalar, at::native::detail::ClampLimits)::{lambda()#1}::operator()() const::{lambda()#7}::operator()() const::{lambda(float)#1}, std::array<char*, 2ul> >(int, at::native::(anonymous namespace)::launch_clamp_scalar(at::TensorIteratorBase&, c10::Scalar, c10::Scalar, at::native::detail::ClampLimits)::{lambda()#1}::operator()() const::{lambda()#7}::operator()() const::{lambda(float)#1}, std::array<char*, 2ul>)",1,142.2392578125
128,64,relu5,"void at::native::vectorized_elementwise_kernel<4, at::native::(anonymous namespace)::launch_clamp_scalar(at::TensorIteratorBase&, c10::Scalar, c10::Scalar, at::native::detail::ClampLimits)::{lambda()#1}::operator()() const::{lambda()#7}::operator()() const::{lambda(float)#1}, std::array<char*, 2ul> >(int, at::native::(anonymous namespace)::launch_clamp_scalar(at::TensorIteratorBase&, c10::Scalar, c10::Scalar, at::native::detail::ClampLimits)::{lambda()#1}::operator()() const::{lambda()#7}::operator()() const::{lambda(float)#1}, std::array<char*, 2ul>)",1,25.85546875
128,64,relu6,"void at::native::vectorized_elementwise_kernel<4, at::native::(anonymous namespace)::launch_clamp_scalar(at::TensorIteratorBase&, c10::Scalar, c10::Scalar, at::native::detail::ClampLimits)::{lambda()#1}::operator()() const::{lambda()#7}::operator()() const::{lambda(float)#1}, std::array<char*, 2ul> >(int, at::native::(anonymous namespace)::launch_clamp_scalar(at::TensorIteratorBase&, c10::Scalar, c10::Scalar, at::native::detail::ClampLimits)::{lambda()#1}::operator()() const::{lambda()#7}::operator()() const::{lambda(float)#1}, std::array<char*, 2ul>)",1,69.5673828125
128,64,relu7,"void at::native::vectorized_elementwise_kernel<4, at::native::(anonymous namespace)::launch_clamp_scalar(at::TensorIteratorBase&, c10::Scalar, c10::Scalar, at::native::detail::ClampLimits)::{lambda()#1}::operator()() const::{lambda()#7}::operator()() const::{lambda(float)#1}, std::array<char*, 2ul> >(int, at::native::(anonymous namespace)::launch_clamp_scalar(at::TensorIteratorBase&, c10::Scalar, c10::Scalar, at::native::detail::ClampLimits)::{lambda()#1}::operator()() const::{lambda()#7}::operator()() const::{lambda(float)#1}, std::array<char*, 2ul>)",1,2.0478515625
128,111,conv1_7x7_s2,"void fft2d_c2r_32x32<float, true, false, 0u, false, false>(float*, float2 const*, int, int, int, int, int, int, int, int, int, float, float, cudnn::reduced_divisor, bool, float*, float*, int2, cudnnActivationStruct, int, int)",49,144.81319754464286
128,111,conv1_7x7_s2,"void fft2d_r2c_32x32<float, false, 0u, false>(float2*, float const*, int, int, int, int, int, int, int, int, int, cudnn::reduced_divisor, bool, int2, int, int)",49,36.35180165816327
128,111,conv1_7x7_s2,"void fft2d_r2c_32x32<float, false, 1u, true>(float2*, float const*, int, int, int, int, int, int, int, int, int, cudnn::reduced_divisor, bool, int2, int, int)",1,13.50390625
128,111,conv1_7x7_s2,volta_gcgemm_32x32_nt,48,113.31844075520833
128,111,conv2_5x5,"void cudnn::winograd_nonfused::winogradForwardData9x9_5x5<float, float>(cudnn::winograd_nonfused::WinogradDataParams<float, float>)",1,693.4345703125
128,111,conv2_5x5,"void cudnn::winograd_nonfused::winogradForwardFilter9x9_5x5<float, float>(cudnn::winograd_nonfused::WinogradFilterParams<float, float>)",1,8.8642578125
128,111,conv2_5x5,"void cudnn::winograd_nonfused::winogradForwardOutput9x9_5x5<float, float>(cudnn::winograd_nonfused::WinogradOutputParams<float, float>)",1,888.5048828125
128,111,conv2_5x5,volta_sgemm_128x64_nn,1,543.8671875
128,111,conv3_3x3_s2,_5x_cudnn_volta_scudnn_128x128_relu_medium_nn_v1,1,900.599609375
128,111,conv3_3x3_s2,"void cask__5x_cudnn::computeOffsetsKernel<false, false>(cask__5x_cudnn::ComputeOffsetsParams)",1,2.9755859375
128,111,conv4_1x1,_5x_cudnn_volta_scudnn_128x64_relu_small_nn_v1,1,442.94140625
128,111,conv4_1x1,"void cask__5x_cudnn::computeOffsetsKernel<false, false>(cask__5x_cudnn::ComputeOffsetsParams)",1,2.912109375
128,111,conv5_3x3_s2,_5x_cudnn_volta_scudnn_128x64_relu_xregs_large_nn_v1,1,1851.857421875
128,111,conv5_3x3_s2,"void cask__5x_cudnn::computeOffsetsKernel<false, false>(cask__5x_cudnn::ComputeOffsetsParams)",1,2.9755859375
128,111,conv6_1x1,_5x_cudnn_volta_scudnn_128x128_relu_medium_nn_v1,1,375.5810546875
128,111,conv6_1x1,"void cask__5x_cudnn::computeOffsetsKernel<false, false>(cask__5x_cudnn::ComputeOffsetsParams)",1,2.6884765625
128,111,fc1,"void cublasLt::splitKreduce_kernel<32, 16, int, float, float, float, float, false, float, float, float, true, true, false>(cublasLt::cublasSplitKParams<float>, float const*, float const*, float*, float*, float const*, float const*, float const*, float const*, float*, void*, long, float*, int*, float*, float*, float const*, float const*, float const*, float const*, float const*)",1,3.5185546875
128,111,fc1,volta_sgemm_128x32_tn,1,18.81640625
128,111,fc2,"void cublasLt::splitKreduce_kernel<32, 16, int, float, float, float, float, false, float, float, float, true, true, false>(cublasLt::cublasSplitKParams<float>, float const*, float const*, float*, float*, float const*, float const*, float const*, float const*, float*, void*, long, float*, int*, float*, float*, float const*, float const*, float const*, float const*, float const*)",1,2.7197265625
128,111,fc2,volta_sgemm_128x32_tn,1,9.3115234375
128,111,gap,"void at::native::reduce_kernel<512, 1, at::native::ReduceOp<float, at::native::MeanOps<float, float, float, float>, unsigned int, float, 4, 4> >(at::native::ReduceOp<float, at::native::MeanOps<float, float, float, float>, unsigned int, float, 4, 4>)",1,103.5517578125
128,111,maxpool1,"void at::native::(anonymous namespace)::max_pool_forward_nchw<float, int>(int, float const*, long, long, long, int, int, int, int, int, int, int, int, int, int, float*, long*)",1,450.587890625
128,111,relu1,"void at::native::vectorized_elementwise_kernel<4, at::native::(anonymous namespace)::launch_clamp_scalar(at::TensorIteratorBase&, c10::Scalar, c10::Scalar, at::native::detail::ClampLimits)::{lambda()#1}::operator()() const::{lambda()#7}::operator()() const::{lambda(float)#1}, std::array<char*, 2ul> >(int, at::native::(anonymous namespace)::launch_clamp_scalar(at::TensorIteratorBase&, c10::Scalar, c10::Scalar, at::native::detail::ClampLimits)::{lambda()#1}::operator()() const::{lambda()#7}::operator()() const::{lambda(float)#1}, std::array<char*, 2ul>)",1,486.171875
128,111,relu2,"void at::native::vectorized_elementwise_kernel<4, at::native::(anonymous namespace)::launch_clamp_scalar(at::TensorIteratorBase&, c10::Scalar, c10::Scalar, at::native::detail::ClampLimits)::{lambda()#1}::operator()() const::{lambda()#7}::operator()() const::{lambda(float)#1}, std::array<char*, 2ul> >(int, at::native::(anonymous namespace)::launch_clamp_scalar(at::TensorIteratorBase&, c10::Scalar, c10::Scalar, at::native::detail::ClampLimits)::{lambda()#1}::operator()() const::{lambda()#7}::operator()() const::{lambda(float)#1}, std::array<char*, 2ul>)",1,239.0703125
128,111,relu3,"void at::native::vectorized_elementwise_kernel<4, at::native::(anonymous namespace)::launch_clamp_scalar(at::TensorIteratorBase&, c10::Scalar, c10::Scalar, at::native::detail::ClampLimits)::{lambda()#1}::operator()() const::{lambda()#7}::operator()() const::{lambda(float)#1}, std::array<char*, 2ul> >(int, at::native::(anonymous namespace)::launch_clamp_scalar(at::TensorIteratorBase&, c10::Scalar, c10::Scalar, at::native::detail::ClampLimits)::{lambda()#1}::operator()() const::{lambda()#7}::operator()() const::{lambda(float)#1}, std::array<char*, 2ul>)",1,121.5673828125
128,111,relu4,"void at::native::vectorized_elementwise_kernel<4, at::native::(anonymous namespace)::launch_clamp_scalar(at::TensorIteratorBase&, c10::Scalar, c10::Scalar, at::native::detail::ClampLimits)::{lambda()#1}::operator()() const::{lambda()#7}::operator()() const::{lambda(float)#1}, std::array<char*, 2ul> >(int, at::native::(anonymous namespace)::launch_clamp_scalar(at::TensorIteratorBase&, c10::Scalar, c10::Scalar, at::native::detail::ClampLimits)::{lambda()#1}::operator()() const::{lambda()#7}::operator()() const::{lambda(float)#1}, std::array<char*, 2ul>)",1,244.4775390625
128,111,relu5,"void at::native::vectorized_elementwise_kernel<4, at::native::(anonymous namespace)::launch_clamp_scalar(at::TensorIteratorBase&, c10::Scalar, c10::Scalar, at::native::detail::ClampLimits)::{lambda()#1}::operator()() const::{lambda()#7}::operator()() const::{lambda(float)#1}, std::array<char*, 2ul> >(int, at::native::(anonymous namespace)::launch_clamp_scalar(at::TensorIteratorBase&, c10::Scalar, c10::Scalar, at::native::detail::ClampLimits)::{lambda()#1}::operator()() const::{lambda()#7}::operator()() const::{lambda(float)#1}, std::array<char*, 2ul>)",1,55.1025390625
128,111,relu6,"void at::native::vectorized_elementwise_kernel<4, at::native::(anonymous namespace)::launch_clamp_scalar(at::TensorIteratorBase&, c10::Scalar, c10::Scalar, at::native::detail::ClampLimits)::{lambda()#1}::operator()() const::{lambda()#7}::operator()() const::{lambda(float)#1}, std::array<char*, 2ul> >(int, at::native::(anonymous namespace)::launch_clamp_scalar(at::TensorIteratorBase&, c10::Scalar, c10::Scalar, at::native::detail::ClampLimits)::{lambda()#1}::operator()() const::{lambda()#7}::operator()() const::{lambda(float)#1}, std::array<char*, 2ul>)",1,122.6552734375
128,111,relu7,"void at::native::vectorized_elementwise_kernel<4, at::native::(anonymous namespace)::launch_clamp_scalar(at::TensorIteratorBase&, c10::Scalar, c10::Scalar, at::native::detail::ClampLimits)::{lambda()#1}::operator()() const::{lambda()#7}::operator()() const::{lambda(float)#1}, std::array<char*, 2ul> >(int, at::native::(anonymous namespace)::launch_clamp_scalar(at::TensorIteratorBase&, c10::Scalar, c10::Scalar, at::native::detail::ClampLimits)::{lambda()#1}::operator()() const::{lambda()#7}::operator()() const::{lambda(float)#1}, std::array<char*, 2ul>)",1,2.1123046875
128,128,conv1_7x7_s2,"void fft2d_c2r_32x32<float, true, false, 0u, false, false>(float*, float2 const*, int, int, int, int, int, int, int, int, int, float, float, cudnn::reduced_divisor, bool, float*, float*, int2, cudnnActivationStruct, int, int)",49,167.52042809311226
128,128,conv1_7x7_s2,"void fft2d_r2c_32x32<float, false, 0u, false>(float2*, float const*, int, int, int, int, int, int, int, int, int, cudnn::reduced_divisor, bool, int2, int, int)",49,39.10762117346939
128,128,conv1_7x7_s2,"void fft2d_r2c_32x32<float, false, 1u, true>(float2*, float const*, int, int, int, int, int, int, int, int, int, cudnn::reduced_divisor, bool, int2, int, int)",1,13.85546875
128,128,conv1_7x7_s2,volta_gcgemm_32x32_nt,48,127.50349934895833
128,128,conv2_5x5,"void cudnn::winograd_nonfused::winogradForwardData9x9_5x5<float, float>(cudnn::winograd_nonfused::WinogradDataParams<float, float>)",1,768.7607421875
128,128,conv2_5x5,"void cudnn::winograd_nonfused::winogradForwardFilter9x9_5x5<float, float>(cudnn::winograd_nonfused::WinogradFilterParams<float, float>)",1,9.087890625
128,128,conv2_5x5,"void cudnn::winograd_nonfused::winogradForwardOutput9x9_5x5<float, float>(cudnn::winograd_nonfused::WinogradOutputParams<float, float>)",1,990.5517578125
128,128,conv2_5x5,volta_sgemm_128x64_nn,1,616.7939453125
128,128,conv3_3x3_s2,_5x_cudnn_volta_scudnn_128x128_relu_medium_nn_v1,1,1048.951171875
128,128,conv3_3x3_s2,"void cask__5x_cudnn::computeOffsetsKernel<false, false>(cask__5x_cudnn::ComputeOffsetsParams)",1,2.9755859375
128,128,conv4_1x1,_5x_cudnn_volta_scudnn_128x64_relu_small_nn_v1,1,500.123046875
128,128,conv4_1x1,"void cask__5x_cudnn::computeOffsetsKernel<false, false>(cask__5x_cudnn::ComputeOffsetsParams)",1,2.912109375
128,128,conv5_3x3_s2,_5x_cudnn_volta_scudnn_128x64_relu_xregs_large_nn_v1,1,2004.1103515625
128,128,conv5_3x3_s2,"void cask__5x_cudnn::computeOffsetsKernel<false, false>(cask__5x_cudnn::ComputeOffsetsParams)",1,2.9755859375
128,128,conv6_1x1,_5x_cudnn_volta_scudnn_128x128_relu_medium_nn_v1,1,435.8359375
128,128,conv6_1x1,"void cask__5x_cudnn::computeOffsetsKernel<false, false>(cask__5x_cudnn::ComputeOffsetsParams)",1,2.65625
128,128,fc1,"void cublasLt::splitKreduce_kernel<32, 16, int, float, float, float, float, false, float, float, float, true, true, false>(cublasLt::cublasSplitKParams<float>, float const*, float const*, float*, float*, float const*, float const*, float const*, float const*, float*, void*, long, float*, int*, float*, float*, float const*, float const*, float const*, float const*, float const*)",1,3.51953125
128,128,fc1,volta_sgemm_128x32_tn,1,19.232421875
128,128,fc2,"void cublasLt::splitKreduce_kernel<32, 16, int, float, float, float, float, false, float, float, float, true, true, false>(cublasLt::cublasSplitKParams<float>, float const*, float const*, float*, float*, float const*, float const*, float const*, float const*, float*, void*, long, float*, int*, float*, float*, float const*, float const*, float const*, float const*, float const*)",1,2.8798828125
128,128,fc2,volta_sgemm_32x128_tn,1,9.7275390625
128,128,gap,"void at::native::reduce_kernel<512, 1, at::native::ReduceOp<float, at::native::MeanOps<float, float, float, float>, unsigned int, float, 4, 4> >(at::native::ReduceOp<float, at::native::MeanOps<float, float, float, float>, unsigned int, float, 4, 4>)",1,117.439453125
128,128,maxpool1,"void at::native::(anonymous namespace)::max_pool_forward_nchw<float, int>(int, float const*, long, long, long, int, int, int, int, int, int, int, int, int, int, float*, long*)",1,518.84375
128,128,relu1,"void at::native::vectorized_elementwise_kernel<4, at::native::(anonymous namespace)::launch_clamp_scalar(at::TensorIteratorBase&, c10::Scalar, c10::Scalar, at::native::detail::ClampLimits)::{lambda()#1}::operator()() const::{lambda()#7}::operator()() const::{lambda(float)#1}, std::array<char*, 2ul> >(int, at::native::(anonymous namespace)::launch_clamp_scalar(at::TensorIteratorBase&, c10::Scalar, c10::Scalar, at::native::detail::ClampLimits)::{lambda()#1}::operator()() const::{lambda()#7}::operator()() const::{lambda(float)#1}, std::array<char*, 2ul>)",1,559.611328125
128,128,relu2,"void at::native::vectorized_elementwise_kernel<4, at::native::(anonymous namespace)::launch_clamp_scalar(at::TensorIteratorBase&, c10::Scalar, c10::Scalar, at::native::detail::ClampLimits)::{lambda()#1}::operator()() const::{lambda()#7}::operator()() const::{lambda(float)#1}, std::array<char*, 2ul> >(int, at::native::(anonymous namespace)::launch_clamp_scalar(at::TensorIteratorBase&, c10::Scalar, c10::Scalar, at::native::detail::ClampLimits)::{lambda()#1}::operator()() const::{lambda()#7}::operator()() const::{lambda(float)#1}, std::array<char*, 2ul>)",1,278.0771484375
128,128,relu3,"void at::native::vectorized_elementwise_kernel<4, at::native::(anonymous namespace)::launch_clamp_scalar(at::TensorIteratorBase&, c10::Scalar, c10::Scalar, at::native::detail::ClampLimits)::{lambda()#1}::operator()() const::{lambda()#7}::operator()() const::{lambda(float)#1}, std::array<char*, 2ul> >(int, at::native::(anonymous namespace)::launch_clamp_scalar(at::TensorIteratorBase&, c10::Scalar, c10::Scalar, at::native::detail::ClampLimits)::{lambda()#1}::operator()() const::{lambda()#7}::operator()() const::{lambda(float)#1}, std::array<char*, 2ul>)",1,141.4072265625
128,128,relu4,"void at::native::vectorized_elementwise_kernel<4, at::native::(anonymous namespace)::launch_clamp_scalar(at::TensorIteratorBase&, c10::Scalar, c10::Scalar, at::native::detail::ClampLimits)::{lambda()#1}::operator()() const::{lambda()#7}::operator()() const::{lambda(float)#1}, std::array<char*, 2ul> >(int, at::native::(anonymous namespace)::launch_clamp_scalar(at::TensorIteratorBase&, c10::Scalar, c10::Scalar, at::native::detail::ClampLimits)::{lambda()#1}::operator()() const::{lambda()#7}::operator()() const::{lambda(float)#1}, std::array<char*, 2ul>)",1,281.5341796875
128,128,relu5,"void at::native::vectorized_elementwise_kernel<4, at::native::(anonymous namespace)::launch_clamp_scalar(at::TensorIteratorBase&, c10::Scalar, c10::Scalar, at::native::detail::ClampLimits)::{lambda()#1}::operator()() const::{lambda()#7}::operator()() const::{lambda(float)#1}, std::array<char*, 2ul> >(int, at::native::(anonymous namespace)::launch_clamp_scalar(at::TensorIteratorBase&, c10::Scalar, c10::Scalar, at::native::detail::ClampLimits)::{lambda()#1}::operator()() const::{lambda()#7}::operator()() const::{lambda(float)#1}, std::array<char*, 2ul>)",1,63.51953125
128,128,relu6,"void at::native::vectorized_elementwise_kernel<4, at::native::(anonymous namespace)::launch_clamp_scalar(at::TensorIteratorBase&, c10::Scalar, c10::Scalar, at::native::detail::ClampLimits)::{lambda()#1}::operator()() const::{lambda()#7}::operator()() const::{lambda(float)#1}, std::array<char*, 2ul> >(int, at::native::(anonymous namespace)::launch_clamp_scalar(at::TensorIteratorBase&, c10::Scalar, c10::Scalar, at::native::detail::ClampLimits)::{lambda()#1}::operator()() const::{lambda()#7}::operator()() const::{lambda(float)#1}, std::array<char*, 2ul>)",1,142.046875
128,128,relu7,"void at::native::vectorized_elementwise_kernel<4, at::native::(anonymous namespace)::launch_clamp_scalar(at::TensorIteratorBase&, c10::Scalar, c10::Scalar, at::native::detail::ClampLimits)::{lambda()#1}::operator()() const::{lambda()#7}::operator()() const::{lambda(float)#1}, std::array<char*, 2ul> >(int, at::native::(anonymous namespace)::launch_clamp_scalar(at::TensorIteratorBase&, c10::Scalar, c10::Scalar, at::native::detail::ClampLimits)::{lambda()#1}::operator()() const::{lambda()#7}::operator()() const::{lambda(float)#1}, std::array<char*, 2ul>)",1,1.951171875
128,133,conv1_7x7_s2,"void fft2d_c2r_32x32<float, true, false, 0u, false, false>(float*, float2 const*, int, int, int, int, int, int, int, int, int, float, float, cudnn::reduced_divisor, bool, float*, float*, int2, cudnnActivationStruct, int, int)",49,175.5645129145408
128,133,conv1_7x7_s2,"void fft2d_r2c_32x32<float, false, 0u, false>(float2*, float const*, int, int, int, int, int, int, int, int, int, cudnn::reduced_divisor, bool, int2, int, int)",49,38.00518176020408
128,133,conv1_7x7_s2,"void fft2d_r2c_32x32<float, false, 1u, true>(float2*, float const*, int, int, int, int, int, int, int, int, int, cudnn::reduced_divisor, bool, int2, int, int)",1,14.3359375
128,133,conv1_7x7_s2,volta_gcgemm_32x32_nt,48,134.79048665364584
128,133,conv2_5x5,"void cudnn::winograd_nonfused::winogradForwardData9x9_5x5<float, float>(cudnn::winograd_nonfused::WinogradDataParams<float, float>)",1,851.3232421875
128,133,conv2_5x5,"void cudnn::winograd_nonfused::winogradForwardFilter9x9_5x5<float, float>(cudnn::winograd_nonfused::WinogradFilterParams<float, float>)",1,8.4482421875
128,133,conv2_5x5,"void cudnn::winograd_nonfused::winogradForwardOutput9x9_5x5<float, float>(cudnn::winograd_nonfused::WinogradOutputParams<float, float>)",1,1038.392578125
128,133,conv2_5x5,volta_sgemm_128x64_nn,1,703.2587890625
128,133,conv3_3x3_s2,_5x_cudnn_volta_scudnn_128x128_relu_medium_nn_v1,1,962.4580078125
128,133,conv3_3x3_s2,"void cask__5x_cudnn::computeOffsetsKernel<false, false>(cask__5x_cudnn::ComputeOffsetsParams)",1,2.751953125
128,133,conv4_1x1,_5x_cudnn_volta_scudnn_128x64_relu_small_nn_v1,1,478.8759765625
128,133,conv4_1x1,"void cask__5x_cudnn::computeOffsetsKernel<false, false>(cask__5x_cudnn::ComputeOffsetsParams)",1,2.7841796875
128,133,conv5_3x3_s2,_5x_cudnn_volta_scudnn_128x64_relu_xregs_large_nn_v1,1,2035.7626953125
128,133,conv5_3x3_s2,"void cask__5x_cudnn::computeOffsetsKernel<false, false>(cask__5x_cudnn::ComputeOffsetsParams)",1,2.7841796875
128,133,conv6_1x1,_5x_cudnn_volta_scudnn_128x128_relu_medium_nn_v1,1,446.6533203125
128,133,conv6_1x1,"void cask__5x_cudnn::computeOffsetsKernel<false, false>(cask__5x_cudnn::ComputeOffsetsParams)",1,2.7197265625
128,133,fc1,Memset (Device),1,0.51171875
128,133,fc1,volta_sgemm_64x32_sliced1x4_tn,1,22.9443359375
128,133,fc2,volta_sgemm_32x32_sliced1x4_tn,1,12.638671875
128,133,gap,"void at::native::reduce_kernel<512, 1, at::native::ReduceOp<float, at::native::MeanOps<float, float, float, float>, unsigned int, float, 4, 4> >(at::native::ReduceOp<float, at::native::MeanOps<float, float, float, float>, unsigned int, float, 4, 4>)",1,123.966796875
128,133,maxpool1,"void at::native::(anonymous namespace)::max_pool_forward_nchw<float, int>(int, float const*, long, long, long, int, int, int, int, int, int, int, int, int, int, float*, long*)",1,518.7802734375
128,133,relu1,"void at::native::vectorized_elementwise_kernel<4, at::native::(anonymous namespace)::launch_clamp_scalar(at::TensorIteratorBase&, c10::Scalar, c10::Scalar, at::native::detail::ClampLimits)::{lambda()#1}::operator()() const::{lambda()#7}::operator()() const::{lambda(float)#1}, std::array<char*, 2ul> >(int, at::native::(anonymous namespace)::launch_clamp_scalar(at::TensorIteratorBase&, c10::Scalar, c10::Scalar, at::native::detail::ClampLimits)::{lambda()#1}::operator()() const::{lambda()#7}::operator()() const::{lambda(float)#1}, std::array<char*, 2ul>)",1,585.1796875
128,133,relu2,"void at::native::vectorized_elementwise_kernel<4, at::native::(anonymous namespace)::launch_clamp_scalar(at::TensorIteratorBase&, c10::Scalar, c10::Scalar, at::native::detail::ClampLimits)::{lambda()#1}::operator()() const::{lambda()#7}::operator()() const::{lambda(float)#1}, std::array<char*, 2ul> >(int, at::native::(anonymous namespace)::launch_clamp_scalar(at::TensorIteratorBase&, c10::Scalar, c10::Scalar, at::native::detail::ClampLimits)::{lambda()#1}::operator()() const::{lambda()#7}::operator()() const::{lambda(float)#1}, std::array<char*, 2ul>)",1,289.0537109375
128,133,relu3,"void at::native::vectorized_elementwise_kernel<4, at::native::(anonymous namespace)::launch_clamp_scalar(at::TensorIteratorBase&, c10::Scalar, c10::Scalar, at::native::detail::ClampLimits)::{lambda()#1}::operator()() const::{lambda()#7}::operator()() const::{lambda(float)#1}, std::array<char*, 2ul> >(int, at::native::(anonymous namespace)::launch_clamp_scalar(at::TensorIteratorBase&, c10::Scalar, c10::Scalar, at::native::detail::ClampLimits)::{lambda()#1}::operator()() const::{lambda()#7}::operator()() const::{lambda(float)#1}, std::array<char*, 2ul>)",1,147.328125
128,133,relu4,"void at::native::vectorized_elementwise_kernel<4, at::native::(anonymous namespace)::launch_clamp_scalar(at::TensorIteratorBase&, c10::Scalar, c10::Scalar, at::native::detail::ClampLimits)::{lambda()#1}::operator()() const::{lambda()#7}::operator()() const::{lambda(float)#1}, std::array<char*, 2ul> >(int, at::native::(anonymous namespace)::launch_clamp_scalar(at::TensorIteratorBase&, c10::Scalar, c10::Scalar, at::native::detail::ClampLimits)::{lambda()#1}::operator()() const::{lambda()#7}::operator()() const::{lambda(float)#1}, std::array<char*, 2ul>)",1,294.1103515625
128,133,relu5,"void at::native::vectorized_elementwise_kernel<4, at::native::(anonymous namespace)::launch_clamp_scalar(at::TensorIteratorBase&, c10::Scalar, c10::Scalar, at::native::detail::ClampLimits)::{lambda()#1}::operator()() const::{lambda()#7}::operator()() const::{lambda(float)#1}, std::array<char*, 2ul> >(int, at::native::(anonymous namespace)::launch_clamp_scalar(at::TensorIteratorBase&, c10::Scalar, c10::Scalar, at::native::detail::ClampLimits)::{lambda()#1}::operator()() const::{lambda()#7}::operator()() const::{lambda(float)#1}, std::array<char*, 2ul>)",1,68.447265625
128,133,relu6,"void at::native::vectorized_elementwise_kernel<4, at::native::(anonymous namespace)::launch_clamp_scalar(at::TensorIteratorBase&, c10::Scalar, c10::Scalar, at::native::detail::ClampLimits)::{lambda()#1}::operator()() const::{lambda()#7}::operator()() const::{lambda(float)#1}, std::array<char*, 2ul> >(int, at::native::(anonymous namespace)::launch_clamp_scalar(at::TensorIteratorBase&, c10::Scalar, c10::Scalar, at::native::detail::ClampLimits)::{lambda()#1}::operator()() const::{lambda()#7}::operator()() const::{lambda(float)#1}, std::array<char*, 2ul>)",1,148.255859375
128,133,relu7,"void at::native::vectorized_elementwise_kernel<4, at::native::(anonymous namespace)::launch_clamp_scalar(at::TensorIteratorBase&, c10::Scalar, c10::Scalar, at::native::detail::ClampLimits)::{lambda()#1}::operator()() const::{lambda()#7}::operator()() const::{lambda(float)#1}, std::array<char*, 2ul> >(int, at::native::(anonymous namespace)::launch_clamp_scalar(at::TensorIteratorBase&, c10::Scalar, c10::Scalar, at::native::detail::ClampLimits)::{lambda()#1}::operator()() const::{lambda()#7}::operator()() const::{lambda(float)#1}, std::array<char*, 2ul>)",1,2.3359375
128,139,conv1_7x7_s2,"void fft2d_c2r_32x32<float, true, false, 0u, false, false>(float*, float2 const*, int, int, int, int, int, int, int, int, int, float, float, cudnn::reduced_divisor, bool, float*, float*, int2, cudnnActivationStruct, int, int)",49,185.6383131377551
128,139,conv1_7x7_s2,"void fft2d_r2c_32x32<float, false, 0u, false>(float2*, float const*, int, int, int, int, int, int, int, int, int, cudnn::reduced_divisor, bool, int2, int, int)",49,38.88034119897959
128,139,conv1_7x7_s2,"void fft2d_r2c_32x32<float, false, 1u, true>(float2*, float const*, int, int, int, int, int, int, int, int, int, cudnn::reduced_divisor, bool, int2, int, int)",1,14.1435546875
128,139,conv1_7x7_s2,volta_gcgemm_32x32_nt,48,132.7663777669271
128,139,conv2_5x5,"void cudnn::winograd_nonfused::winogradForwardData9x9_5x5<float, float>(cudnn::winograd_nonfused::WinogradDataParams<float, float>)",1,857.9453125
128,139,conv2_5x5,"void cudnn::winograd_nonfused::winogradForwardFilter9x9_5x5<float, float>(cudnn::winograd_nonfused::WinogradFilterParams<float, float>)",1,9.6318359375
128,139,conv2_5x5,"void cudnn::winograd_nonfused::winogradForwardOutput9x9_5x5<float, float>(cudnn::winograd_nonfused::WinogradOutputParams<float, float>)",1,1145.142578125
128,139,conv2_5x5,volta_sgemm_128x64_nn,1,696.505859375
128,139,conv3_3x3_s2,_5x_cudnn_volta_scudnn_128x128_relu_medium_nn_v1,1,1032.4404296875
128,139,conv3_3x3_s2,"void cask__5x_cudnn::computeOffsetsKernel<false, false>(cask__5x_cudnn::ComputeOffsetsParams)",1,2.9755859375
128,139,conv4_1x1,_5x_cudnn_volta_scudnn_128x64_relu_small_nn_v1,1,530.4599609375
128,139,conv4_1x1,"void cask__5x_cudnn::computeOffsetsKernel<false, false>(cask__5x_cudnn::ComputeOffsetsParams)",1,2.84765625
128,139,conv5_3x3_s2,_5x_cudnn_volta_scudnn_128x64_relu_xregs_large_nn_v1,1,2186.57421875
128,139,conv5_3x3_s2,"void cask__5x_cudnn::computeOffsetsKernel<false, false>(cask__5x_cudnn::ComputeOffsetsParams)",1,2.9755859375
128,139,conv6_1x1,_5x_cudnn_volta_scudnn_128x128_relu_medium_nn_v1,1,480.5400390625
128,139,conv6_1x1,"void cask__5x_cudnn::computeOffsetsKernel<false, false>(cask__5x_cudnn::ComputeOffsetsParams)",1,3.072265625
128,139,fc1,Memset (Device),1,0.51171875
128,139,fc1,volta_sgemm_64x32_sliced1x4_tn,1,24.798828125
128,139,fc2,volta_sgemm_32x32_sliced1x4_tn,1,13.599609375
128,139,gap,"void at::native::reduce_kernel<512, 1, at::native::ReduceOp<float, at::native::MeanOps<float, float, float, float>, unsigned int, float, 4, 4> >(at::native::ReduceOp<float, at::native::MeanOps<float, float, float, float>, unsigned int, float, 4, 4>)",1,137.310546875
128,139,maxpool1,"void at::native::(anonymous namespace)::max_pool_forward_nchw<float, int>(int, float const*, long, long, long, int, int, int, int, int, int, int, int, int, int, float*, long*)",1,576.1884765625
128,139,relu1,"void at::native::vectorized_elementwise_kernel<4, at::native::(anonymous namespace)::launch_clamp_scalar(at::TensorIteratorBase&, c10::Scalar, c10::Scalar, at::native::detail::ClampLimits)::{lambda()#1}::operator()() const::{lambda()#7}::operator()() const::{lambda(float)#1}, std::array<char*, 2ul> >(int, at::native::(anonymous namespace)::launch_clamp_scalar(at::TensorIteratorBase&, c10::Scalar, c10::Scalar, at::native::detail::ClampLimits)::{lambda()#1}::operator()() const::{lambda()#7}::operator()() const::{lambda(float)#1}, std::array<char*, 2ul>)",1,610.8095703125
128,139,relu2,"void at::native::vectorized_elementwise_kernel<4, at::native::(anonymous namespace)::launch_clamp_scalar(at::TensorIteratorBase&, c10::Scalar, c10::Scalar, at::native::detail::ClampLimits)::{lambda()#1}::operator()() const::{lambda()#7}::operator()() const::{lambda(float)#1}, std::array<char*, 2ul> >(int, at::native::(anonymous namespace)::launch_clamp_scalar(at::TensorIteratorBase&, c10::Scalar, c10::Scalar, at::native::detail::ClampLimits)::{lambda()#1}::operator()() const::{lambda()#7}::operator()() const::{lambda(float)#1}, std::array<char*, 2ul>)",1,303.1005859375
128,139,relu3,"void at::native::vectorized_elementwise_kernel<4, at::native::(anonymous namespace)::launch_clamp_scalar(at::TensorIteratorBase&, c10::Scalar, c10::Scalar, at::native::detail::ClampLimits)::{lambda()#1}::operator()() const::{lambda()#7}::operator()() const::{lambda(float)#1}, std::array<char*, 2ul> >(int, at::native::(anonymous namespace)::launch_clamp_scalar(at::TensorIteratorBase&, c10::Scalar, c10::Scalar, at::native::detail::ClampLimits)::{lambda()#1}::operator()() const::{lambda()#7}::operator()() const::{lambda(float)#1}, std::array<char*, 2ul>)",1,153.439453125
128,139,relu4,"void at::native::vectorized_elementwise_kernel<4, at::native::(anonymous namespace)::launch_clamp_scalar(at::TensorIteratorBase&, c10::Scalar, c10::Scalar, at::native::detail::ClampLimits)::{lambda()#1}::operator()() const::{lambda()#7}::operator()() const::{lambda(float)#1}, std::array<char*, 2ul> >(int, at::native::(anonymous namespace)::launch_clamp_scalar(at::TensorIteratorBase&, c10::Scalar, c10::Scalar, at::native::detail::ClampLimits)::{lambda()#1}::operator()() const::{lambda()#7}::operator()() const::{lambda(float)#1}, std::array<char*, 2ul>)",1,306.8134765625
128,139,relu5,"void at::native::vectorized_elementwise_kernel<4, at::native::(anonymous namespace)::launch_clamp_scalar(at::TensorIteratorBase&, c10::Scalar, c10::Scalar, at::native::detail::ClampLimits)::{lambda()#1}::operator()() const::{lambda()#7}::operator()() const::{lambda(float)#1}, std::array<char*, 2ul> >(int, at::native::(anonymous namespace)::launch_clamp_scalar(at::TensorIteratorBase&, c10::Scalar, c10::Scalar, at::native::detail::ClampLimits)::{lambda()#1}::operator()() const::{lambda()#7}::operator()() const::{lambda(float)#1}, std::array<char*, 2ul>)",1,72.7041015625
128,139,relu6,"void at::native::vectorized_elementwise_kernel<4, at::native::(anonymous namespace)::launch_clamp_scalar(at::TensorIteratorBase&, c10::Scalar, c10::Scalar, at::native::detail::ClampLimits)::{lambda()#1}::operator()() const::{lambda()#7}::operator()() const::{lambda(float)#1}, std::array<char*, 2ul> >(int, at::native::(anonymous namespace)::launch_clamp_scalar(at::TensorIteratorBase&, c10::Scalar, c10::Scalar, at::native::detail::ClampLimits)::{lambda()#1}::operator()() const::{lambda()#7}::operator()() const::{lambda(float)#1}, std::array<char*, 2ul>)",1,154.71875
128,139,relu7,"void at::native::vectorized_elementwise_kernel<4, at::native::(anonymous namespace)::launch_clamp_scalar(at::TensorIteratorBase&, c10::Scalar, c10::Scalar, at::native::detail::ClampLimits)::{lambda()#1}::operator()() const::{lambda()#7}::operator()() const::{lambda(float)#1}, std::array<char*, 2ul> >(int, at::native::(anonymous namespace)::launch_clamp_scalar(at::TensorIteratorBase&, c10::Scalar, c10::Scalar, at::native::detail::ClampLimits)::{lambda()#1}::operator()() const::{lambda()#7}::operator()() const::{lambda(float)#1}, std::array<char*, 2ul>)",1,2.6884765625
128,256,conv1_7x7_s2,"void fft2d_c2r_32x32<float, true, false, 0u, false, false>(float*, float2 const*, int, int, int, int, int, int, int, int, int, float, float, cudnn::reduced_divisor, bool, float*, float*, int2, cudnnActivationStruct, int, int)",49,344.51050302933675
128,256,conv1_7x7_s2,"void fft2d_r2c_32x32<float, false, 0u, false>(float2*, float const*, int, int, int, int, int, int, int, int, int, cudnn::reduced_divisor, bool, int2, int, int)",49,73.85463169642857
128,256,conv1_7x7_s2,"void fft2d_r2c_32x32<float, false, 1u, true>(float2*, float const*, int, int, int, int, int, int, int, int, int, cudnn::reduced_divisor, bool, int2, int, int)",1,14.4638671875
128,256,conv1_7x7_s2,volta_gcgemm_32x32_nt,48,224.8475341796875
128,256,conv2_5x5,"void cudnn::winograd_nonfused::winogradForwardData9x9_5x5<float, float>(cudnn::winograd_nonfused::WinogradDataParams<float, float>)",1,1549.36328125
128,256,conv2_5x5,"void cudnn::winograd_nonfused::winogradForwardFilter9x9_5x5<float, float>(cudnn::winograd_nonfused::WinogradFilterParams<float, float>)",1,8.5439453125
128,256,conv2_5x5,"void cudnn::winograd_nonfused::winogradForwardOutput9x9_5x5<float, float>(cudnn::winograd_nonfused::WinogradOutputParams<float, float>)",1,1840.8173828125
128,256,conv2_5x5,volta_sgemm_128x64_nn,1,1236.6943359375
128,256,conv3_3x3_s2,_5x_cudnn_volta_scudnn_128x64_relu_xregs_large_nn_v1,1,1828.6904296875
128,256,conv3_3x3_s2,"void cask__5x_cudnn::computeOffsetsKernel<false, false>(cask__5x_cudnn::ComputeOffsetsParams)",1,2.7841796875
128,256,conv4_1x1,_5x_cudnn_volta_scudnn_128x64_relu_small_nn_v1,1,901.912109375
128,256,conv4_1x1,"void cask__5x_cudnn::computeOffsetsKernel<false, false>(cask__5x_cudnn::ComputeOffsetsParams)",1,2.81640625
128,256,conv5_3x3_s2,_5x_cudnn_volta_scudnn_128x64_relu_xregs_large_nn_v1,1,3733.9541015625
128,256,conv5_3x3_s2,"void cask__5x_cudnn::computeOffsetsKernel<false, false>(cask__5x_cudnn::ComputeOffsetsParams)",1,2.751953125
128,256,conv6_1x1,_5x_cudnn_volta_scudnn_128x128_relu_medium_nn_v1,1,823.9609375
128,256,conv6_1x1,"void cask__5x_cudnn::computeOffsetsKernel<false, false>(cask__5x_cudnn::ComputeOffsetsParams)",1,2.84765625
128,256,fc1,"void cublasLt::splitKreduce_kernel<32, 16, int, float, float, float, float, false, float, float, float, true, true, false>(cublasLt::cublasSplitKParams<float>, float const*, float const*, float*, float*, float const*, float const*, float const*, float const*, float*, void*, long, float*, int*, float*, float*, float const*, float const*, float const*, float const*, float const*)",1,5.3759765625
128,256,fc1,volta_sgemm_128x64_tn,1,26.3359375
128,256,fc2,"void cublasLt::splitKreduce_kernel<32, 16, int, float, float, float, float, false, float, float, float, true, true, false>(cublasLt::cublasSplitKParams<float>, float const*, float const*, float*, float*, float const*, float const*, float const*, float const*, float*, void*, long, float*, int*, float*, float*, float const*, float const*, float const*, float const*, float const*)",1,3.328125
128,256,fc2,volta_sgemm_32x128_tn,1,11.6162109375
128,256,gap,"void at::native::reduce_kernel<512, 1, at::native::ReduceOp<float, at::native::MeanOps<float, float, float, float>, unsigned int, float, 4, 4> >(at::native::ReduceOp<float, at::native::MeanOps<float, float, float, float>, unsigned int, float, 4, 4>)",1,226.685546875
128,256,maxpool1,"void at::native::(anonymous namespace)::max_pool_forward_nchw<float, int>(int, float const*, long, long, long, int, int, int, int, int, int, int, int, int, int, float*, long*)",1,993.1123046875
128,256,relu1,"void at::native::vectorized_elementwise_kernel<4, at::native::(anonymous namespace)::launch_clamp_scalar(at::TensorIteratorBase&, c10::Scalar, c10::Scalar, at::native::detail::ClampLimits)::{lambda()#1}::operator()() const::{lambda()#7}::operator()() const::{lambda(float)#1}, std::array<char*, 2ul> >(int, at::native::(anonymous namespace)::launch_clamp_scalar(at::TensorIteratorBase&, c10::Scalar, c10::Scalar, at::native::detail::ClampLimits)::{lambda()#1}::operator()() const::{lambda()#7}::operator()() const::{lambda(float)#1}, std::array<char*, 2ul>)",1,1125.623046875
128,256,relu2,"void at::native::vectorized_elementwise_kernel<4, at::native::(anonymous namespace)::launch_clamp_scalar(at::TensorIteratorBase&, c10::Scalar, c10::Scalar, at::native::detail::ClampLimits)::{lambda()#1}::operator()() const::{lambda()#7}::operator()() const::{lambda(float)#1}, std::array<char*, 2ul> >(int, at::native::(anonymous namespace)::launch_clamp_scalar(at::TensorIteratorBase&, c10::Scalar, c10::Scalar, at::native::detail::ClampLimits)::{lambda()#1}::operator()() const::{lambda()#7}::operator()() const::{lambda(float)#1}, std::array<char*, 2ul>)",1,561.2431640625
128,256,relu3,"void at::native::vectorized_elementwise_kernel<4, at::native::(anonymous namespace)::launch_clamp_scalar(at::TensorIteratorBase&, c10::Scalar, c10::Scalar, at::native::detail::ClampLimits)::{lambda()#1}::operator()() const::{lambda()#7}::operator()() const::{lambda(float)#1}, std::array<char*, 2ul> >(int, at::native::(anonymous namespace)::launch_clamp_scalar(at::TensorIteratorBase&, c10::Scalar, c10::Scalar, at::native::detail::ClampLimits)::{lambda()#1}::operator()() const::{lambda()#7}::operator()() const::{lambda(float)#1}, std::array<char*, 2ul>)",1,280.9580078125
128,256,relu4,"void at::native::vectorized_elementwise_kernel<4, at::native::(anonymous namespace)::launch_clamp_scalar(at::TensorIteratorBase&, c10::Scalar, c10::Scalar, at::native::detail::ClampLimits)::{lambda()#1}::operator()() const::{lambda()#7}::operator()() const::{lambda(float)#1}, std::array<char*, 2ul> >(int, at::native::(anonymous namespace)::launch_clamp_scalar(at::TensorIteratorBase&, c10::Scalar, c10::Scalar, at::native::detail::ClampLimits)::{lambda()#1}::operator()() const::{lambda()#7}::operator()() const::{lambda(float)#1}, std::array<char*, 2ul>)",1,567.35546875
128,256,relu5,"void at::native::vectorized_elementwise_kernel<4, at::native::(anonymous namespace)::launch_clamp_scalar(at::TensorIteratorBase&, c10::Scalar, c10::Scalar, at::native::detail::ClampLimits)::{lambda()#1}::operator()() const::{lambda()#7}::operator()() const::{lambda(float)#1}, std::array<char*, 2ul> >(int, at::native::(anonymous namespace)::launch_clamp_scalar(at::TensorIteratorBase&, c10::Scalar, c10::Scalar, at::native::detail::ClampLimits)::{lambda()#1}::operator()() const::{lambda()#7}::operator()() const::{lambda(float)#1}, std::array<char*, 2ul>)",1,137.5986328125
128,256,relu6,"void at::native::vectorized_elementwise_kernel<4, at::native::(anonymous namespace)::launch_clamp_scalar(at::TensorIteratorBase&, c10::Scalar, c10::Scalar, at::native::detail::ClampLimits)::{lambda()#1}::operator()() const::{lambda()#7}::operator()() const::{lambda(float)#1}, std::array<char*, 2ul> >(int, at::native::(anonymous namespace)::launch_clamp_scalar(at::TensorIteratorBase&, c10::Scalar, c10::Scalar, at::native::detail::ClampLimits)::{lambda()#1}::operator()() const::{lambda()#7}::operator()() const::{lambda(float)#1}, std::array<char*, 2ul>)",1,284.830078125
128,256,relu7,"void at::native::vectorized_elementwise_kernel<4, at::native::(anonymous namespace)::launch_clamp_scalar(at::TensorIteratorBase&, c10::Scalar, c10::Scalar, at::native::detail::ClampLimits)::{lambda()#1}::operator()() const::{lambda()#7}::operator()() const::{lambda(float)#1}, std::array<char*, 2ul> >(int, at::native::(anonymous namespace)::launch_clamp_scalar(at::TensorIteratorBase&, c10::Scalar, c10::Scalar, at::native::detail::ClampLimits)::{lambda()#1}::operator()() const::{lambda()#7}::operator()() const::{lambda(float)#1}, std::array<char*, 2ul>)",1,2.3037109375
208,1,conv1_7x7_s2,_5x_cudnn_volta_scudnn_128x32_relu_medium_nn_v1,1,32.671875
208,1,conv1_7x7_s2,"void cask__5x_cudnn::computeOffsetsKernel<false, false>(cask__5x_cudnn::ComputeOffsetsParams)",1,1.7275390625
208,1,conv2_5x5,_5x_cudnn_volta_scudnn_128x32_sliced1x4_ldg4_relu_exp_medium_nhwc_tn_v1,1,83.1357421875
208,1,conv2_5x5,"void cask__5x_cudnn::computeOffsetsKernel<false, false>(cask__5x_cudnn::ComputeOffsetsParams)",1,1.568359375
208,1,conv2_5x5,"void cudnn::engines_precompiled::nchwToNhwcKernel<float, float, float, false, true, (cudnnKernelDataType_t)0>(cudnn::engines_precompiled::nchw2nhwc_params_t<float>, float const*, float*)",2,2.89599609375
208,1,conv2_5x5,"void cudnn::engines_precompiled::nhwcToNchwKernel<float, float, float, true, false, (cudnnKernelDataType_t)0>(cudnn::engines_precompiled::nhwc2nchw_params_t<float>, float const*, float*)",1,3.2001953125
208,1,conv3_3x3_s2,_5x_cudnn_volta_scudnn_128x32_sliced1x4_ldg4_relu_exp_medium_nhwc_tn_v1,1,32.4482421875
208,1,conv3_3x3_s2,"void cask__5x_cudnn::computeOffsetsKernel<false, false>(cask__5x_cudnn::ComputeOffsetsParams)",1,1.5361328125
208,1,conv3_3x3_s2,"void cudnn::engines_precompiled::nchwToNhwcKernel<float, float, float, false, true, (cudnnKernelDataType_t)0>(cudnn::engines_precompiled::nchw2nhwc_params_t<float>, float const*, float*)",2,3.904296875
208,1,conv3_3x3_s2,"void cudnn::engines_precompiled::nhwcToNchwKernel<float, float, float, true, false, (cudnnKernelDataType_t)0>(cudnn::engines_precompiled::nhwc2nchw_params_t<float>, float const*, float*)",1,2.3037109375
208,1,conv4_1x1,volta_sgemm_128x64_nn,1,16.48046875
208,1,conv5_3x3_s2,_5x_cudnn_volta_scudnn_128x32_sliced1x4_ldg4_relu_exp_medium_nhwc_tn_v1,1,109.7587890625
208,1,conv5_3x3_s2,"void cask__5x_cudnn::computeOffsetsKernel<false, false>(cask__5x_cudnn::ComputeOffsetsParams)",1,1.82421875
208,1,conv5_3x3_s2,"void cudnn::engines_precompiled::nchwToNhwcKernel<float, float, float, false, true, (cudnnKernelDataType_t)0>(cudnn::engines_precompiled::nchw2nhwc_params_t<float>, float const*, float*)",2,12.3837890625
208,1,conv5_3x3_s2,"void cudnn::engines_precompiled::nhwcToNchwKernel<float, float, float, true, false, (cudnnKernelDataType_t)0>(cudnn::engines_precompiled::nhwc2nchw_params_t<float>, float const*, float*)",1,2.080078125
208,1,conv6_1x1,volta_sgemm_128x32_nn,1,20.89453125
208,1,fc1,"std::enable_if<!(false), void>::type internal::gemvx::kernel<int, int, float, float, float, float, false, true, true, false, 7, false, cublasGemvParamsEx<int, cublasGemvTensorStridedBatched<float const>, cublasGemvTensorStridedBatched<float const>, cublasGemvTensorStridedBatched<float>, float> >(cublasGemvParamsEx<int, cublasGemvTensorStridedBatched<float const>, cublasGemvTensorStridedBatched<float const>, cublasGemvTensorStridedBatched<float>, float>)",1,4.896484375
208,1,fc2,"std::enable_if<!(false), void>::type internal::gemvx::kernel<int, int, float, float, float, float, false, true, true, false, 7, false, cublasGemvParamsEx<int, cublasGemvTensorStridedBatched<float const>, cublasGemvTensorStridedBatched<float const>, cublasGemvTensorStridedBatched<float>, float> >(cublasGemvParamsEx<int, cublasGemvTensorStridedBatched<float const>, cublasGemvTensorStridedBatched<float const>, cublasGemvTensorStridedBatched<float>, float>)",1,3.2001953125
208,1,gap,"void at::native::reduce_kernel<512, 1, at::native::ReduceOp<float, at::native::MeanOps<float, float, float, float>, unsigned int, float, 4, 4> >(at::native::ReduceOp<float, at::native::MeanOps<float, float, float, float>, unsigned int, float, 4, 4>)",1,4.7998046875
208,1,maxpool1,"void at::native::(anonymous namespace)::max_pool_forward_nchw<float, int>(int, float const*, long, long, long, int, int, int, int, int, int, int, int, int, int, float*, long*)",1,8.1279296875
208,1,relu1,"void at::native::vectorized_elementwise_kernel<4, at::native::(anonymous namespace)::launch_clamp_scalar(at::TensorIteratorBase&, c10::Scalar, c10::Scalar, at::native::detail::ClampLimits)::{lambda()#1}::operator()() const::{lambda()#7}::operator()() const::{lambda(float)#1}, std::array<char*, 2ul> >(int, at::native::(anonymous namespace)::launch_clamp_scalar(at::TensorIteratorBase&, c10::Scalar, c10::Scalar, at::native::detail::ClampLimits)::{lambda()#1}::operator()() const::{lambda()#7}::operator()() const::{lambda(float)#1}, std::array<char*, 2ul>)",1,3.103515625
208,1,relu2,"void at::native::vectorized_elementwise_kernel<4, at::native::(anonymous namespace)::launch_clamp_scalar(at::TensorIteratorBase&, c10::Scalar, c10::Scalar, at::native::detail::ClampLimits)::{lambda()#1}::operator()() const::{lambda()#7}::operator()() const::{lambda(float)#1}, std::array<char*, 2ul> >(int, at::native::(anonymous namespace)::launch_clamp_scalar(at::TensorIteratorBase&, c10::Scalar, c10::Scalar, at::native::detail::ClampLimits)::{lambda()#1}::operator()() const::{lambda()#7}::operator()() const::{lambda(float)#1}, std::array<char*, 2ul>)",1,2.17578125
208,1,relu3,"void at::native::vectorized_elementwise_kernel<4, at::native::(anonymous namespace)::launch_clamp_scalar(at::TensorIteratorBase&, c10::Scalar, c10::Scalar, at::native::detail::ClampLimits)::{lambda()#1}::operator()() const::{lambda()#7}::operator()() const::{lambda(float)#1}, std::array<char*, 2ul> >(int, at::native::(anonymous namespace)::launch_clamp_scalar(at::TensorIteratorBase&, c10::Scalar, c10::Scalar, at::native::detail::ClampLimits)::{lambda()#1}::operator()() const::{lambda()#7}::operator()() const::{lambda(float)#1}, std::array<char*, 2ul>)",1,1.759765625
208,1,relu4,"void at::native::vectorized_elementwise_kernel<4, at::native::(anonymous namespace)::launch_clamp_scalar(at::TensorIteratorBase&, c10::Scalar, c10::Scalar, at::native::detail::ClampLimits)::{lambda()#1}::operator()() const::{lambda()#7}::operator()() const::{lambda(float)#1}, std::array<char*, 2ul> >(int, at::native::(anonymous namespace)::launch_clamp_scalar(at::TensorIteratorBase&, c10::Scalar, c10::Scalar, at::native::detail::ClampLimits)::{lambda()#1}::operator()() const::{lambda()#7}::operator()() const::{lambda(float)#1}, std::array<char*, 2ul>)",1,2.2080078125
208,1,relu5,"void at::native::vectorized_elementwise_kernel<4, at::native::(anonymous namespace)::launch_clamp_scalar(at::TensorIteratorBase&, c10::Scalar, c10::Scalar, at::native::detail::ClampLimits)::{lambda()#1}::operator()() const::{lambda()#7}::operator()() const::{lambda(float)#1}, std::array<char*, 2ul> >(int, at::native::(anonymous namespace)::launch_clamp_scalar(at::TensorIteratorBase&, c10::Scalar, c10::Scalar, at::native::detail::ClampLimits)::{lambda()#1}::operator()() const::{lambda()#7}::operator()() const::{lambda(float)#1}, std::array<char*, 2ul>)",1,1.568359375
208,1,relu6,"void at::native::vectorized_elementwise_kernel<4, at::native::(anonymous namespace)::launch_clamp_scalar(at::TensorIteratorBase&, c10::Scalar, c10::Scalar, at::native::detail::ClampLimits)::{lambda()#1}::operator()() const::{lambda()#7}::operator()() const::{lambda(float)#1}, std::array<char*, 2ul> >(int, at::native::(anonymous namespace)::launch_clamp_scalar(at::TensorIteratorBase&, c10::Scalar, c10::Scalar, at::native::detail::ClampLimits)::{lambda()#1}::operator()() const::{lambda()#7}::operator()() const::{lambda(float)#1}, std::array<char*, 2ul>)",1,1.919921875
208,1,relu7,"void at::native::vectorized_elementwise_kernel<4, at::native::(anonymous namespace)::launch_clamp_scalar(at::TensorIteratorBase&, c10::Scalar, c10::Scalar, at::native::detail::ClampLimits)::{lambda()#1}::operator()() const::{lambda()#7}::operator()() const::{lambda(float)#1}, std::array<char*, 2ul> >(int, at::native::(anonymous namespace)::launch_clamp_scalar(at::TensorIteratorBase&, c10::Scalar, c10::Scalar, at::native::detail::ClampLimits)::{lambda()#1}::operator()() const::{lambda()#7}::operator()() const::{lambda(float)#1}, std::array<char*, 2ul>)",1,1.4404296875
208,2,conv1_7x7_s2,_5x_cudnn_volta_scudnn_128x32_relu_medium_nn_v1,1,67.2001953125
208,2,conv1_7x7_s2,"void cask__5x_cudnn::computeOffsetsKernel<false, false>(cask__5x_cudnn::ComputeOffsetsParams)",1,1.984375
208,2,conv2_5x5,_5x_cudnn_volta_scudnn_128x32_sliced1x4_ldg4_relu_exp_medium_nhwc_tn_v1,1,143.9990234375
208,2,conv2_5x5,"void cask__5x_cudnn::computeOffsetsKernel<false, false>(cask__5x_cudnn::ComputeOffsetsParams)",1,1.8876953125
208,2,conv2_5x5,"void cudnn::engines_precompiled::nchwToNhwcKernel<float, float, float, false, true, (cudnnKernelDataType_t)0>(cudnn::engines_precompiled::nchw2nhwc_params_t<float>, float const*, float*)",2,4.4638671875
208,2,conv2_5x5,"void cudnn::engines_precompiled::nhwcToNchwKernel<float, float, float, true, false, (cudnnKernelDataType_t)0>(cudnn::engines_precompiled::nhwc2nchw_params_t<float>, float const*, float*)",1,5.0244140625
208,2,conv3_3x3_s2,_5x_cudnn_volta_scudnn_128x32_sliced1x4_ldg4_relu_exp_medium_nhwc_tn_v1,1,71.103515625
208,2,conv3_3x3_s2,"void cask__5x_cudnn::computeOffsetsKernel<false, false>(cask__5x_cudnn::ComputeOffsetsParams)",1,1.8564453125
208,2,conv3_3x3_s2,"void cudnn::engines_precompiled::nchwToNhwcKernel<float, float, float, false, true, (cudnnKernelDataType_t)0>(cudnn::engines_precompiled::nchw2nhwc_params_t<float>, float const*, float*)",2,5.1201171875
208,2,conv3_3x3_s2,"void cudnn::engines_precompiled::nhwcToNchwKernel<float, float, float, true, false, (cudnnKernelDataType_t)0>(cudnn::engines_precompiled::nhwc2nchw_params_t<float>, float const*, float*)",1,3.7119140625
208,2,conv4_1x1,_5x_cudnn_volta_scudnn_128x128_relu_medium_nn_v1,1,33.599609375
208,2,conv4_1x1,"void cask__5x_cudnn::computeOffsetsKernel<false, false>(cask__5x_cudnn::ComputeOffsetsParams)",1,1.6640625
208,2,conv5_3x3_s2,_5x_cudnn_volta_scudnn_128x32_sliced1x4_ldg4_relu_exp_medium_nhwc_tn_v1,1,127.19921875
208,2,conv5_3x3_s2,"void cask__5x_cudnn::computeOffsetsKernel<false, false>(cask__5x_cudnn::ComputeOffsetsParams)",1,1.8876953125
208,2,conv5_3x3_s2,"void cudnn::engines_precompiled::nchwToNhwcKernel<float, float, float, false, true, (cudnnKernelDataType_t)0>(cudnn::engines_precompiled::nchw2nhwc_params_t<float>, float const*, float*)",2,14.3681640625
208,2,conv5_3x3_s2,"void cudnn::engines_precompiled::nhwcToNchwKernel<float, float, float, true, false, (cudnnKernelDataType_t)0>(cudnn::engines_precompiled::nhwc2nchw_params_t<float>, float const*, float*)",1,2.65625
208,2,conv6_1x1,_5x_cudnn_volta_scudnn_128x64_relu_small_nn_v1,1,37.568359375
208,2,conv6_1x1,"void cask__5x_cudnn::computeOffsetsKernel<false, false>(cask__5x_cudnn::ComputeOffsetsParams)",1,1.8564453125
208,2,fc1,"void gemmSN_TN_kernel<float, 128, 16, 2, 4, 2, 2, true, cublasGemvTensorStridedBatched<float const>, cublasGemvTensorStridedBatched<float const>, cublasGemvTensorStridedBatched<float> >(cublasGemmSmallNParams<cublasGemvTensorStridedBatched<float const>, cublasGemvTensorStridedBatched<float const>, cublasGemvTensorStridedBatched<float>, float>)",1,6.5595703125
208,2,fc2,"void gemmSN_TN_kernel<float, 128, 16, 2, 4, 2, 2, true, cublasGemvTensorStridedBatched<float const>, cublasGemvTensorStridedBatched<float const>, cublasGemvTensorStridedBatched<float> >(cublasGemmSmallNParams<cublasGemvTensorStridedBatched<float const>, cublasGemvTensorStridedBatched<float const>, cublasGemvTensorStridedBatched<float>, float>)",1,3.51953125
208,2,gap,"void at::native::reduce_kernel<512, 1, at::native::ReduceOp<float, at::native::MeanOps<float, float, float, float>, unsigned int, float, 4, 4> >(at::native::ReduceOp<float, at::native::MeanOps<float, float, float, float>, unsigned int, float, 4, 4>)",1,5.4716796875
208,2,maxpool1,"void at::native::(anonymous namespace)::max_pool_forward_nchw<float, int>(int, float const*, long, long, long, int, int, int, int, int, int, int, int, int, int, float*, long*)",1,17.53515625
208,2,relu1,"void at::native::vectorized_elementwise_kernel<4, at::native::(anonymous namespace)::launch_clamp_scalar(at::TensorIteratorBase&, c10::Scalar, c10::Scalar, at::native::detail::ClampLimits)::{lambda()#1}::operator()() const::{lambda()#7}::operator()() const::{lambda(float)#1}, std::array<char*, 2ul> >(int, at::native::(anonymous namespace)::launch_clamp_scalar(at::TensorIteratorBase&, c10::Scalar, c10::Scalar, at::native::detail::ClampLimits)::{lambda()#1}::operator()() const::{lambda()#7}::operator()() const::{lambda(float)#1}, std::array<char*, 2ul>)",1,5.6962890625
208,2,relu2,"void at::native::vectorized_elementwise_kernel<4, at::native::(anonymous namespace)::launch_clamp_scalar(at::TensorIteratorBase&, c10::Scalar, c10::Scalar, at::native::detail::ClampLimits)::{lambda()#1}::operator()() const::{lambda()#7}::operator()() const::{lambda(float)#1}, std::array<char*, 2ul> >(int, at::native::(anonymous namespace)::launch_clamp_scalar(at::TensorIteratorBase&, c10::Scalar, c10::Scalar, at::native::detail::ClampLimits)::{lambda()#1}::operator()() const::{lambda()#7}::operator()() const::{lambda(float)#1}, std::array<char*, 2ul>)",1,3.48828125
208,2,relu3,"void at::native::vectorized_elementwise_kernel<4, at::native::(anonymous namespace)::launch_clamp_scalar(at::TensorIteratorBase&, c10::Scalar, c10::Scalar, at::native::detail::ClampLimits)::{lambda()#1}::operator()() const::{lambda()#7}::operator()() const::{lambda(float)#1}, std::array<char*, 2ul> >(int, at::native::(anonymous namespace)::launch_clamp_scalar(at::TensorIteratorBase&, c10::Scalar, c10::Scalar, at::native::detail::ClampLimits)::{lambda()#1}::operator()() const::{lambda()#7}::operator()() const::{lambda(float)#1}, std::array<char*, 2ul>)",1,2.400390625
208,2,relu4,"void at::native::vectorized_elementwise_kernel<4, at::native::(anonymous namespace)::launch_clamp_scalar(at::TensorIteratorBase&, c10::Scalar, c10::Scalar, at::native::detail::ClampLimits)::{lambda()#1}::operator()() const::{lambda()#7}::operator()() const::{lambda(float)#1}, std::array<char*, 2ul> >(int, at::native::(anonymous namespace)::launch_clamp_scalar(at::TensorIteratorBase&, c10::Scalar, c10::Scalar, at::native::detail::ClampLimits)::{lambda()#1}::operator()() const::{lambda()#7}::operator()() const::{lambda(float)#1}, std::array<char*, 2ul>)",1,3.583984375
208,2,relu5,"void at::native::vectorized_elementwise_kernel<4, at::native::(anonymous namespace)::launch_clamp_scalar(at::TensorIteratorBase&, c10::Scalar, c10::Scalar, at::native::detail::ClampLimits)::{lambda()#1}::operator()() const::{lambda()#7}::operator()() const::{lambda(float)#1}, std::array<char*, 2ul> >(int, at::native::(anonymous namespace)::launch_clamp_scalar(at::TensorIteratorBase&, c10::Scalar, c10::Scalar, at::native::detail::ClampLimits)::{lambda()#1}::operator()() const::{lambda()#7}::operator()() const::{lambda(float)#1}, std::array<char*, 2ul>)",1,1.919921875
208,2,relu6,"void at::native::vectorized_elementwise_kernel<4, at::native::(anonymous namespace)::launch_clamp_scalar(at::TensorIteratorBase&, c10::Scalar, c10::Scalar, at::native::detail::ClampLimits)::{lambda()#1}::operator()() const::{lambda()#7}::operator()() const::{lambda(float)#1}, std::array<char*, 2ul> >(int, at::native::(anonymous namespace)::launch_clamp_scalar(at::TensorIteratorBase&, c10::Scalar, c10::Scalar, at::native::detail::ClampLimits)::{lambda()#1}::operator()() const::{lambda()#7}::operator()() const::{lambda(float)#1}, std::array<char*, 2ul>)",1,2.6884765625
208,2,relu7,"void at::native::vectorized_elementwise_kernel<4, at::native::(anonymous namespace)::launch_clamp_scalar(at::TensorIteratorBase&, c10::Scalar, c10::Scalar, at::native::detail::ClampLimits)::{lambda()#1}::operator()() const::{lambda()#7}::operator()() const::{lambda(float)#1}, std::array<char*, 2ul> >(int, at::native::(anonymous namespace)::launch_clamp_scalar(at::TensorIteratorBase&, c10::Scalar, c10::Scalar, at::native::detail::ClampLimits)::{lambda()#1}::operator()() const::{lambda()#7}::operator()() const::{lambda(float)#1}, std::array<char*, 2ul>)",1,1.6962890625
208,4,conv1_7x7_s2,_5x_cudnn_volta_scudnn_128x32_relu_medium_nn_v1,1,122.3349609375
208,4,conv1_7x7_s2,"void cask__5x_cudnn::computeOffsetsKernel<false, false>(cask__5x_cudnn::ComputeOffsetsParams)",1,2.400390625
208,4,conv2_5x5,_5x_cudnn_volta_scudnn_128x64_relu_xregs_large_nn_v1,1,282.8779296875
208,4,conv2_5x5,"void cask__5x_cudnn::computeOffsetsKernel<false, false>(cask__5x_cudnn::ComputeOffsetsParams)",1,2.3359375
208,4,conv3_3x3_s2,_5x_cudnn_volta_scudnn_128x64_relu_xregs_large_nn_v1,1,139.4560546875
208,4,conv3_3x3_s2,"void cask__5x_cudnn::computeOffsetsKernel<false, false>(cask__5x_cudnn::ComputeOffsetsParams)",1,2.6240234375
208,4,conv4_1x1,_5x_cudnn_volta_scudnn_128x64_relu_small_nn_v1,1,56.7353515625
208,4,conv4_1x1,"void cask__5x_cudnn::computeOffsetsKernel<false, false>(cask__5x_cudnn::ComputeOffsetsParams)",1,2.2080078125
208,4,conv5_3x3_s2,_5x_cudnn_volta_scudnn_128x64_relu_small_nn_v1,1,305.341796875
208,4,conv5_3x3_s2,"void cask__5x_cudnn::computeOffsetsKernel<false, false>(cask__5x_cudnn::ComputeOffsetsParams)",1,2.3359375
208,4,conv6_1x1,_5x_cudnn_volta_scudnn_128x64_relu_small_nn_v1,1,70.015625
208,4,conv6_1x1,"void cask__5x_cudnn::computeOffsetsKernel<false, false>(cask__5x_cudnn::ComputeOffsetsParams)",1,2.2724609375
208,4,fc1,"void gemmSN_TN_kernel<float, 128, 16, 2, 4, 4, 4, true, cublasGemvTensorStridedBatched<float const>, cublasGemvTensorStridedBatched<float const>, cublasGemvTensorStridedBatched<float> >(cublasGemmSmallNParams<cublasGemvTensorStridedBatched<float const>, cublasGemvTensorStridedBatched<float const>, cublasGemvTensorStridedBatched<float>, float>)",1,6.81640625
208,4,fc2,"void gemmSN_TN_kernel<float, 128, 16, 2, 4, 4, 4, true, cublasGemvTensorStridedBatched<float const>, cublasGemvTensorStridedBatched<float const>, cublasGemvTensorStridedBatched<float> >(cublasGemmSmallNParams<cublasGemvTensorStridedBatched<float const>, cublasGemvTensorStridedBatched<float const>, cublasGemvTensorStridedBatched<float>, float>)",1,3.904296875
208,4,gap,"void at::native::reduce_kernel<512, 1, at::native::ReduceOp<float, at::native::MeanOps<float, float, float, float>, unsigned int, float, 4, 4> >(at::native::ReduceOp<float, at::native::MeanOps<float, float, float, float>, unsigned int, float, 4, 4>)",1,9.50390625
208,4,maxpool1,"void at::native::(anonymous namespace)::max_pool_forward_nchw<float, int>(int, float const*, long, long, long, int, int, int, int, int, int, int, int, int, int, float*, long*)",1,47.263671875
208,4,relu1,"void at::native::vectorized_elementwise_kernel<4, at::native::(anonymous namespace)::launch_clamp_scalar(at::TensorIteratorBase&, c10::Scalar, c10::Scalar, at::native::detail::ClampLimits)::{lambda()#1}::operator()() const::{lambda()#7}::operator()() const::{lambda(float)#1}, std::array<char*, 2ul> >(int, at::native::(anonymous namespace)::launch_clamp_scalar(at::TensorIteratorBase&, c10::Scalar, c10::Scalar, at::native::detail::ClampLimits)::{lambda()#1}::operator()() const::{lambda()#7}::operator()() const::{lambda(float)#1}, std::array<char*, 2ul>)",1,47.2001953125
208,4,relu2,"void at::native::vectorized_elementwise_kernel<4, at::native::(anonymous namespace)::launch_clamp_scalar(at::TensorIteratorBase&, c10::Scalar, c10::Scalar, at::native::detail::ClampLimits)::{lambda()#1}::operator()() const::{lambda()#7}::operator()() const::{lambda(float)#1}, std::array<char*, 2ul> >(int, at::native::(anonymous namespace)::launch_clamp_scalar(at::TensorIteratorBase&, c10::Scalar, c10::Scalar, at::native::detail::ClampLimits)::{lambda()#1}::operator()() const::{lambda()#7}::operator()() const::{lambda(float)#1}, std::array<char*, 2ul>)",1,7.0400390625
208,4,relu3,"void at::native::vectorized_elementwise_kernel<4, at::native::(anonymous namespace)::launch_clamp_scalar(at::TensorIteratorBase&, c10::Scalar, c10::Scalar, at::native::detail::ClampLimits)::{lambda()#1}::operator()() const::{lambda()#7}::operator()() const::{lambda(float)#1}, std::array<char*, 2ul> >(int, at::native::(anonymous namespace)::launch_clamp_scalar(at::TensorIteratorBase&, c10::Scalar, c10::Scalar, at::native::detail::ClampLimits)::{lambda()#1}::operator()() const::{lambda()#7}::operator()() const::{lambda(float)#1}, std::array<char*, 2ul>)",1,4.1279296875
208,4,relu4,"void at::native::vectorized_elementwise_kernel<4, at::native::(anonymous namespace)::launch_clamp_scalar(at::TensorIteratorBase&, c10::Scalar, c10::Scalar, at::native::detail::ClampLimits)::{lambda()#1}::operator()() const::{lambda()#7}::operator()() const::{lambda(float)#1}, std::array<char*, 2ul> >(int, at::native::(anonymous namespace)::launch_clamp_scalar(at::TensorIteratorBase&, c10::Scalar, c10::Scalar, at::native::detail::ClampLimits)::{lambda()#1}::operator()() const::{lambda()#7}::operator()() const::{lambda(float)#1}, std::array<char*, 2ul>)",1,6.65625
208,4,relu5,"void at::native::vectorized_elementwise_kernel<4, at::native::(anonymous namespace)::launch_clamp_scalar(at::TensorIteratorBase&, c10::Scalar, c10::Scalar, at::native::detail::ClampLimits)::{lambda()#1}::operator()() const::{lambda()#7}::operator()() const::{lambda(float)#1}, std::array<char*, 2ul> >(int, at::native::(anonymous namespace)::launch_clamp_scalar(at::TensorIteratorBase&, c10::Scalar, c10::Scalar, at::native::detail::ClampLimits)::{lambda()#1}::operator()() const::{lambda()#7}::operator()() const::{lambda(float)#1}, std::array<char*, 2ul>)",1,3.3603515625
208,4,relu6,"void at::native::vectorized_elementwise_kernel<4, at::native::(anonymous namespace)::launch_clamp_scalar(at::TensorIteratorBase&, c10::Scalar, c10::Scalar, at::native::detail::ClampLimits)::{lambda()#1}::operator()() const::{lambda()#7}::operator()() const::{lambda(float)#1}, std::array<char*, 2ul> >(int, at::native::(anonymous namespace)::launch_clamp_scalar(at::TensorIteratorBase&, c10::Scalar, c10::Scalar, at::native::detail::ClampLimits)::{lambda()#1}::operator()() const::{lambda()#7}::operator()() const::{lambda(float)#1}, std::array<char*, 2ul>)",1,4.064453125
208,4,relu7,"void at::native::vectorized_elementwise_kernel<4, at::native::(anonymous namespace)::launch_clamp_scalar(at::TensorIteratorBase&, c10::Scalar, c10::Scalar, at::native::detail::ClampLimits)::{lambda()#1}::operator()() const::{lambda()#7}::operator()() const::{lambda(float)#1}, std::array<char*, 2ul> >(int, at::native::(anonymous namespace)::launch_clamp_scalar(at::TensorIteratorBase&, c10::Scalar, c10::Scalar, at::native::detail::ClampLimits)::{lambda()#1}::operator()() const::{lambda()#7}::operator()() const::{lambda(float)#1}, std::array<char*, 2ul>)",1,1.6962890625
208,8,conv1_7x7_s2,_5x_cudnn_volta_scudnn_128x32_relu_medium_nn_v1,1,245.150390625
208,8,conv1_7x7_s2,"void cask__5x_cudnn::computeOffsetsKernel<false, false>(cask__5x_cudnn::ComputeOffsetsParams)",1,2.6884765625
208,8,conv2_5x5,_5x_cudnn_volta_scudnn_128x64_relu_xregs_large_nn_v1,1,517.6923828125
208,8,conv2_5x5,"void cask__5x_cudnn::computeOffsetsKernel<false, false>(cask__5x_cudnn::ComputeOffsetsParams)",1,2.6240234375
208,8,conv3_3x3_s2,_5x_cudnn_volta_scudnn_128x64_relu_xregs_large_nn_v1,1,232.2216796875
208,8,conv3_3x3_s2,"void cask__5x_cudnn::computeOffsetsKernel<false, false>(cask__5x_cudnn::ComputeOffsetsParams)",1,2.81640625
208,8,conv4_1x1,volta_sgemm_128x64_nn,1,93.7587890625
208,8,conv5_3x3_s2,_5x_cudnn_volta_scudnn_128x32_sliced1x4_ldg4_relu_exp_medium_nhwc_tn_v1,1,483.5478515625
208,8,conv5_3x3_s2,"void cask__5x_cudnn::computeOffsetsKernel<false, false>(cask__5x_cudnn::ComputeOffsetsParams)",1,2.9443359375
208,8,conv5_3x3_s2,"void cudnn::engines_precompiled::nchwToNhwcKernel<float, float, float, false, true, (cudnnKernelDataType_t)0>(cudnn::engines_precompiled::nchw2nhwc_params_t<float>, float const*, float*)",2,38.83203125
208,8,conv5_3x3_s2,"void cudnn::engines_precompiled::nhwcToNchwKernel<float, float, float, true, false, (cudnnKernelDataType_t)0>(cudnn::engines_precompiled::nhwc2nchw_params_t<float>, float const*, float*)",1,10.17578125
208,8,conv6_1x1,_5x_cudnn_volta_scudnn_128x64_relu_small_nn_v1,1,112.51171875
208,8,conv6_1x1,"void cask__5x_cudnn::computeOffsetsKernel<false, false>(cask__5x_cudnn::ComputeOffsetsParams)",1,2.3037109375
208,8,fc1,"void gemmSN_TN_kernel<float, 128, 16, 2, 4, 8, 9, false, cublasGemvTensorStridedBatched<float const>, cublasGemvTensorStridedBatched<float const>, cublasGemvTensorStridedBatched<float> >(cublasGemmSmallNParams<cublasGemvTensorStridedBatched<float const>, cublasGemvTensorStridedBatched<float const>, cublasGemvTensorStridedBatched<float>, float>)",1,10.9443359375
208,8,fc2,"void gemmSN_TN_kernel<float, 128, 16, 2, 4, 8, 9, false, cublasGemvTensorStridedBatched<float const>, cublasGemvTensorStridedBatched<float const>, cublasGemvTensorStridedBatched<float> >(cublasGemmSmallNParams<cublasGemvTensorStridedBatched<float const>, cublasGemvTensorStridedBatched<float const>, cublasGemvTensorStridedBatched<float>, float>)",1,6.080078125
208,8,gap,"void at::native::reduce_kernel<512, 1, at::native::ReduceOp<float, at::native::MeanOps<float, float, float, float>, unsigned int, float, 4, 4> >(at::native::ReduceOp<float, at::native::MeanOps<float, float, float, float>, unsigned int, float, 4, 4>)",1,16.1279296875
208,8,maxpool1,"void at::native::(anonymous namespace)::max_pool_forward_nchw<float, int>(int, float const*, long, long, long, int, int, int, int, int, int, int, int, int, int, float*, long*)",1,92.447265625
208,8,relu1,"void at::native::vectorized_elementwise_kernel<4, at::native::(anonymous namespace)::launch_clamp_scalar(at::TensorIteratorBase&, c10::Scalar, c10::Scalar, at::native::detail::ClampLimits)::{lambda()#1}::operator()() const::{lambda()#7}::operator()() const::{lambda(float)#1}, std::array<char*, 2ul> >(int, at::native::(anonymous namespace)::launch_clamp_scalar(at::TensorIteratorBase&, c10::Scalar, c10::Scalar, at::native::detail::ClampLimits)::{lambda()#1}::operator()() const::{lambda()#7}::operator()() const::{lambda(float)#1}, std::array<char*, 2ul>)",1,93.2470703125
208,8,relu2,"void at::native::vectorized_elementwise_kernel<4, at::native::(anonymous namespace)::launch_clamp_scalar(at::TensorIteratorBase&, c10::Scalar, c10::Scalar, at::native::detail::ClampLimits)::{lambda()#1}::operator()() const::{lambda()#7}::operator()() const::{lambda(float)#1}, std::array<char*, 2ul> >(int, at::native::(anonymous namespace)::launch_clamp_scalar(at::TensorIteratorBase&, c10::Scalar, c10::Scalar, at::native::detail::ClampLimits)::{lambda()#1}::operator()() const::{lambda()#7}::operator()() const::{lambda(float)#1}, std::array<char*, 2ul>)",1,47.328125
208,8,relu3,"void at::native::vectorized_elementwise_kernel<4, at::native::(anonymous namespace)::launch_clamp_scalar(at::TensorIteratorBase&, c10::Scalar, c10::Scalar, at::native::detail::ClampLimits)::{lambda()#1}::operator()() const::{lambda()#7}::operator()() const::{lambda(float)#1}, std::array<char*, 2ul> >(int, at::native::(anonymous namespace)::launch_clamp_scalar(at::TensorIteratorBase&, c10::Scalar, c10::Scalar, at::native::detail::ClampLimits)::{lambda()#1}::operator()() const::{lambda()#7}::operator()() const::{lambda(float)#1}, std::array<char*, 2ul>)",1,8.0
208,8,relu4,"void at::native::vectorized_elementwise_kernel<4, at::native::(anonymous namespace)::launch_clamp_scalar(at::TensorIteratorBase&, c10::Scalar, c10::Scalar, at::native::detail::ClampLimits)::{lambda()#1}::operator()() const::{lambda()#7}::operator()() const::{lambda(float)#1}, std::array<char*, 2ul> >(int, at::native::(anonymous namespace)::launch_clamp_scalar(at::TensorIteratorBase&, c10::Scalar, c10::Scalar, at::native::detail::ClampLimits)::{lambda()#1}::operator()() const::{lambda()#7}::operator()() const::{lambda(float)#1}, std::array<char*, 2ul>)",1,48.0947265625
208,8,relu5,"void at::native::vectorized_elementwise_kernel<4, at::native::(anonymous namespace)::launch_clamp_scalar(at::TensorIteratorBase&, c10::Scalar, c10::Scalar, at::native::detail::ClampLimits)::{lambda()#1}::operator()() const::{lambda()#7}::operator()() const::{lambda(float)#1}, std::array<char*, 2ul> >(int, at::native::(anonymous namespace)::launch_clamp_scalar(at::TensorIteratorBase&, c10::Scalar, c10::Scalar, at::native::detail::ClampLimits)::{lambda()#1}::operator()() const::{lambda()#7}::operator()() const::{lambda(float)#1}, std::array<char*, 2ul>)",1,4.798828125
208,8,relu6,"void at::native::vectorized_elementwise_kernel<4, at::native::(anonymous namespace)::launch_clamp_scalar(at::TensorIteratorBase&, c10::Scalar, c10::Scalar, at::native::detail::ClampLimits)::{lambda()#1}::operator()() const::{lambda()#7}::operator()() const::{lambda(float)#1}, std::array<char*, 2ul> >(int, at::native::(anonymous namespace)::launch_clamp_scalar(at::TensorIteratorBase&, c10::Scalar, c10::Scalar, at::native::detail::ClampLimits)::{lambda()#1}::operator()() const::{lambda()#7}::operator()() const::{lambda(float)#1}, std::array<char*, 2ul>)",1,7.5830078125
208,8,relu7,"void at::native::vectorized_elementwise_kernel<4, at::native::(anonymous namespace)::launch_clamp_scalar(at::TensorIteratorBase&, c10::Scalar, c10::Scalar, at::native::detail::ClampLimits)::{lambda()#1}::operator()() const::{lambda()#7}::operator()() const::{lambda(float)#1}, std::array<char*, 2ul> >(int, at::native::(anonymous namespace)::launch_clamp_scalar(at::TensorIteratorBase&, c10::Scalar, c10::Scalar, at::native::detail::ClampLimits)::{lambda()#1}::operator()() const::{lambda()#7}::operator()() const::{lambda(float)#1}, std::array<char*, 2ul>)",1,1.919921875
208,16,conv1_7x7_s2,_5x_cudnn_volta_scudnn_128x32_relu_medium_nn_v1,1,495.3564453125
208,16,conv1_7x7_s2,"void cask__5x_cudnn::computeOffsetsKernel<false, false>(cask__5x_cudnn::ComputeOffsetsParams)",1,2.751953125
208,16,conv2_5x5,_5x_cudnn_volta_scudnn_128x64_relu_small_nn_v1,1,971.447265625
208,16,conv2_5x5,"void cask__5x_cudnn::computeOffsetsKernel<false, false>(cask__5x_cudnn::ComputeOffsetsParams)",1,3.103515625
208,16,conv3_3x3_s2,_5x_cudnn_volta_scudnn_128x64_relu_small_nn_v1,1,423.3876953125
208,16,conv3_3x3_s2,"void cask__5x_cudnn::computeOffsetsKernel<false, false>(cask__5x_cudnn::ComputeOffsetsParams)",1,2.9443359375
208,16,conv4_1x1,_5x_cudnn_volta_scudnn_128x128_relu_medium_nn_v1,1,218.9736328125
208,16,conv4_1x1,"void cask__5x_cudnn::computeOffsetsKernel<false, false>(cask__5x_cudnn::ComputeOffsetsParams)",1,2.912109375
208,16,conv5_3x3_s2,_5x_cudnn_volta_scudnn_128x64_relu_small_nn_v1,1,956.375
208,16,conv5_3x3_s2,"void cask__5x_cudnn::computeOffsetsKernel<false, false>(cask__5x_cudnn::ComputeOffsetsParams)",1,3.263671875
208,16,conv6_1x1,_5x_cudnn_volta_scudnn_128x128_relu_medium_nn_v1,1,220.0615234375
208,16,conv6_1x1,"void cask__5x_cudnn::computeOffsetsKernel<false, false>(cask__5x_cudnn::ComputeOffsetsParams)",1,2.5595703125
208,16,fc1,"void gemmSN_TN_kernel<float, 128, 16, 2, 4, 8, 9, false, cublasGemvTensorStridedBatched<float const>, cublasGemvTensorStridedBatched<float const>, cublasGemvTensorStridedBatched<float> >(cublasGemmSmallNParams<cublasGemvTensorStridedBatched<float const>, cublasGemvTensorStridedBatched<float const>, cublasGemvTensorStridedBatched<float>, float>)",1,12.896484375
208,16,fc2,"void gemmSN_TN_kernel<float, 128, 16, 2, 4, 8, 9, false, cublasGemvTensorStridedBatched<float const>, cublasGemvTensorStridedBatched<float const>, cublasGemvTensorStridedBatched<float> >(cublasGemmSmallNParams<cublasGemvTensorStridedBatched<float const>, cublasGemvTensorStridedBatched<float const>, cublasGemvTensorStridedBatched<float>, float>)",1,6.080078125
208,16,gap,"void at::native::reduce_kernel<512, 1, at::native::ReduceOp<float, at::native::MeanOps<float, float, float, float>, unsigned int, float, 4, 4> >(at::native::ReduceOp<float, at::native::MeanOps<float, float, float, float>, unsigned int, float, 4, 4>)",1,43.072265625
208,16,maxpool1,"void at::native::(anonymous namespace)::max_pool_forward_nchw<float, int>(int, float const*, long, long, long, int, int, int, int, int, int, int, int, int, int, float*, long*)",1,181.501953125
208,16,relu1,"void at::native::vectorized_elementwise_kernel<4, at::native::(anonymous namespace)::launch_clamp_scalar(at::TensorIteratorBase&, c10::Scalar, c10::Scalar, at::native::detail::ClampLimits)::{lambda()#1}::operator()() const::{lambda()#7}::operator()() const::{lambda(float)#1}, std::array<char*, 2ul> >(int, at::native::(anonymous namespace)::launch_clamp_scalar(at::TensorIteratorBase&, c10::Scalar, c10::Scalar, at::native::detail::ClampLimits)::{lambda()#1}::operator()() const::{lambda()#7}::operator()() const::{lambda(float)#1}, std::array<char*, 2ul>)",1,185.24609375
208,16,relu2,"void at::native::vectorized_elementwise_kernel<4, at::native::(anonymous namespace)::launch_clamp_scalar(at::TensorIteratorBase&, c10::Scalar, c10::Scalar, at::native::detail::ClampLimits)::{lambda()#1}::operator()() const::{lambda()#7}::operator()() const::{lambda(float)#1}, std::array<char*, 2ul> >(int, at::native::(anonymous namespace)::launch_clamp_scalar(at::TensorIteratorBase&, c10::Scalar, c10::Scalar, at::native::detail::ClampLimits)::{lambda()#1}::operator()() const::{lambda()#7}::operator()() const::{lambda(float)#1}, std::array<char*, 2ul>)",1,93.21484375
208,16,relu3,"void at::native::vectorized_elementwise_kernel<4, at::native::(anonymous namespace)::launch_clamp_scalar(at::TensorIteratorBase&, c10::Scalar, c10::Scalar, at::native::detail::ClampLimits)::{lambda()#1}::operator()() const::{lambda()#7}::operator()() const::{lambda(float)#1}, std::array<char*, 2ul> >(int, at::native::(anonymous namespace)::launch_clamp_scalar(at::TensorIteratorBase&, c10::Scalar, c10::Scalar, at::native::detail::ClampLimits)::{lambda()#1}::operator()() const::{lambda()#7}::operator()() const::{lambda(float)#1}, std::array<char*, 2ul>)",1,44.896484375
208,16,relu4,"void at::native::vectorized_elementwise_kernel<4, at::native::(anonymous namespace)::launch_clamp_scalar(at::TensorIteratorBase&, c10::Scalar, c10::Scalar, at::native::detail::ClampLimits)::{lambda()#1}::operator()() const::{lambda()#7}::operator()() const::{lambda(float)#1}, std::array<char*, 2ul> >(int, at::native::(anonymous namespace)::launch_clamp_scalar(at::TensorIteratorBase&, c10::Scalar, c10::Scalar, at::native::detail::ClampLimits)::{lambda()#1}::operator()() const::{lambda()#7}::operator()() const::{lambda(float)#1}, std::array<char*, 2ul>)",1,93.119140625
208,16,relu5,"void at::native::vectorized_elementwise_kernel<4, at::native::(anonymous namespace)::launch_clamp_scalar(at::TensorIteratorBase&, c10::Scalar, c10::Scalar, at::native::detail::ClampLimits)::{lambda()#1}::operator()() const::{lambda()#7}::operator()() const::{lambda(float)#1}, std::array<char*, 2ul> >(int, at::native::(anonymous namespace)::launch_clamp_scalar(at::TensorIteratorBase&, c10::Scalar, c10::Scalar, at::native::detail::ClampLimits)::{lambda()#1}::operator()() const::{lambda()#7}::operator()() const::{lambda(float)#1}, std::array<char*, 2ul>)",1,13.6318359375
208,16,relu6,"void at::native::vectorized_elementwise_kernel<4, at::native::(anonymous namespace)::launch_clamp_scalar(at::TensorIteratorBase&, c10::Scalar, c10::Scalar, at::native::detail::ClampLimits)::{lambda()#1}::operator()() const::{lambda()#7}::operator()() const::{lambda(float)#1}, std::array<char*, 2ul> >(int, at::native::(anonymous namespace)::launch_clamp_scalar(at::TensorIteratorBase&, c10::Scalar, c10::Scalar, at::native::detail::ClampLimits)::{lambda()#1}::operator()() const::{lambda()#7}::operator()() const::{lambda(float)#1}, std::array<char*, 2ul>)",1,41.470703125
208,16,relu7,"void at::native::vectorized_elementwise_kernel<4, at::native::(anonymous namespace)::launch_clamp_scalar(at::TensorIteratorBase&, c10::Scalar, c10::Scalar, at::native::detail::ClampLimits)::{lambda()#1}::operator()() const::{lambda()#7}::operator()() const::{lambda(float)#1}, std::array<char*, 2ul> >(int, at::native::(anonymous namespace)::launch_clamp_scalar(at::TensorIteratorBase&, c10::Scalar, c10::Scalar, at::native::detail::ClampLimits)::{lambda()#1}::operator()() const::{lambda()#7}::operator()() const::{lambda(float)#1}, std::array<char*, 2ul>)",1,2.2080078125
208,32,conv1_7x7_s2,_5x_cudnn_volta_scudnn_128x32_relu_medium_nn_v1,1,1035.89453125
208,32,conv1_7x7_s2,"void cask__5x_cudnn::computeOffsetsKernel<false, false>(cask__5x_cudnn::ComputeOffsetsParams)",1,2.9443359375
208,32,conv2_5x5,"void cudnn::winograd_nonfused::winogradForwardData9x9_5x5<float, float>(cudnn::winograd_nonfused::WinogradDataParams<float, float>)",1,376.98828125
208,32,conv2_5x5,"void cudnn::winograd_nonfused::winogradForwardFilter9x9_5x5<float, float>(cudnn::winograd_nonfused::WinogradFilterParams<float, float>)",1,9.4404296875
208,32,conv2_5x5,"void cudnn::winograd_nonfused::winogradForwardOutput9x9_5x5<float, float>(cudnn::winograd_nonfused::WinogradOutputParams<float, float>)",1,479.6123046875
208,32,conv2_5x5,volta_sgemm_128x64_nn,1,355.548828125
208,32,conv3_3x3_s2,_5x_cudnn_volta_scudnn_128x128_relu_medium_nn_v1,1,805.75390625
208,32,conv3_3x3_s2,"void cask__5x_cudnn::computeOffsetsKernel<false, false>(cask__5x_cudnn::ComputeOffsetsParams)",1,3.1357421875
208,32,conv4_1x1,_5x_cudnn_volta_scudnn_128x64_relu_small_nn_v1,1,373.1806640625
208,32,conv4_1x1,"void cask__5x_cudnn::computeOffsetsKernel<false, false>(cask__5x_cudnn::ComputeOffsetsParams)",1,3.0400390625
208,32,conv5_3x3_s2,_5x_cudnn_volta_scudnn_128x64_relu_xregs_large_nn_v1,1,1682.353515625
208,32,conv5_3x3_s2,"void cask__5x_cudnn::computeOffsetsKernel<false, false>(cask__5x_cudnn::ComputeOffsetsParams)",1,3.2001953125
208,32,conv6_1x1,_5x_cudnn_volta_scudnn_128x128_relu_medium_nn_v1,1,385.373046875
208,32,conv6_1x1,"void cask__5x_cudnn::computeOffsetsKernel<false, false>(cask__5x_cudnn::ComputeOffsetsParams)",1,3.16796875
208,32,fc1,"void cublasLt::splitKreduce_kernel<32, 16, int, float, float, float, float, false, float, float, float, true, true, false>(cublasLt::cublasSplitKParams<float>, float const*, float const*, float*, float*, float const*, float const*, float const*, float const*, float*, void*, long, float*, int*, float*, float*, float const*, float const*, float const*, float const*, float const*)",1,3.83984375
208,32,fc1,volta_sgemm_64x32_sliced1x4_tn,1,14.0791015625
208,32,fc2,volta_sgemm_32x32_sliced1x4_tn,1,15.8720703125
208,32,gap,"void at::native::reduce_kernel<512, 1, at::native::ReduceOp<float, at::native::MeanOps<float, float, float, float>, unsigned int, float, 4, 4> >(at::native::ReduceOp<float, at::native::MeanOps<float, float, float, float>, unsigned int, float, 4, 4>)",1,79.8076171875
208,32,maxpool1,"void at::native::(anonymous namespace)::max_pool_forward_nchw<float, int>(int, float const*, long, long, long, int, int, int, int, int, int, int, int, int, int, float*, long*)",1,367.548828125
208,32,relu1,"void at::native::vectorized_elementwise_kernel<4, at::native::(anonymous namespace)::launch_clamp_scalar(at::TensorIteratorBase&, c10::Scalar, c10::Scalar, at::native::detail::ClampLimits)::{lambda()#1}::operator()() const::{lambda()#7}::operator()() const::{lambda(float)#1}, std::array<char*, 2ul> >(int, at::native::(anonymous namespace)::launch_clamp_scalar(at::TensorIteratorBase&, c10::Scalar, c10::Scalar, at::native::detail::ClampLimits)::{lambda()#1}::operator()() const::{lambda()#7}::operator()() const::{lambda(float)#1}, std::array<char*, 2ul>)",1,371.837890625
208,32,relu2,"void at::native::vectorized_elementwise_kernel<4, at::native::(anonymous namespace)::launch_clamp_scalar(at::TensorIteratorBase&, c10::Scalar, c10::Scalar, at::native::detail::ClampLimits)::{lambda()#1}::operator()() const::{lambda()#7}::operator()() const::{lambda(float)#1}, std::array<char*, 2ul> >(int, at::native::(anonymous namespace)::launch_clamp_scalar(at::TensorIteratorBase&, c10::Scalar, c10::Scalar, at::native::detail::ClampLimits)::{lambda()#1}::operator()() const::{lambda()#7}::operator()() const::{lambda(float)#1}, std::array<char*, 2ul>)",1,180.9912109375
208,32,relu3,"void at::native::vectorized_elementwise_kernel<4, at::native::(anonymous namespace)::launch_clamp_scalar(at::TensorIteratorBase&, c10::Scalar, c10::Scalar, at::native::detail::ClampLimits)::{lambda()#1}::operator()() const::{lambda()#7}::operator()() const::{lambda(float)#1}, std::array<char*, 2ul> >(int, at::native::(anonymous namespace)::launch_clamp_scalar(at::TensorIteratorBase&, c10::Scalar, c10::Scalar, at::native::detail::ClampLimits)::{lambda()#1}::operator()() const::{lambda()#7}::operator()() const::{lambda(float)#1}, std::array<char*, 2ul>)",1,93.21484375
208,32,relu4,"void at::native::vectorized_elementwise_kernel<4, at::native::(anonymous namespace)::launch_clamp_scalar(at::TensorIteratorBase&, c10::Scalar, c10::Scalar, at::native::detail::ClampLimits)::{lambda()#1}::operator()() const::{lambda()#7}::operator()() const::{lambda(float)#1}, std::array<char*, 2ul> >(int, at::native::(anonymous namespace)::launch_clamp_scalar(at::TensorIteratorBase&, c10::Scalar, c10::Scalar, at::native::detail::ClampLimits)::{lambda()#1}::operator()() const::{lambda()#7}::operator()() const::{lambda(float)#1}, std::array<char*, 2ul>)",1,186.1748046875
208,32,relu5,"void at::native::vectorized_elementwise_kernel<4, at::native::(anonymous namespace)::launch_clamp_scalar(at::TensorIteratorBase&, c10::Scalar, c10::Scalar, at::native::detail::ClampLimits)::{lambda()#1}::operator()() const::{lambda()#7}::operator()() const::{lambda(float)#1}, std::array<char*, 2ul> >(int, at::native::(anonymous namespace)::launch_clamp_scalar(at::TensorIteratorBase&, c10::Scalar, c10::Scalar, at::native::detail::ClampLimits)::{lambda()#1}::operator()() const::{lambda()#7}::operator()() const::{lambda(float)#1}, std::array<char*, 2ul>)",1,41.21484375
208,32,relu6,"void at::native::vectorized_elementwise_kernel<4, at::native::(anonymous namespace)::launch_clamp_scalar(at::TensorIteratorBase&, c10::Scalar, c10::Scalar, at::native::detail::ClampLimits)::{lambda()#1}::operator()() const::{lambda()#7}::operator()() const::{lambda(float)#1}, std::array<char*, 2ul> >(int, at::native::(anonymous namespace)::launch_clamp_scalar(at::TensorIteratorBase&, c10::Scalar, c10::Scalar, at::native::detail::ClampLimits)::{lambda()#1}::operator()() const::{lambda()#7}::operator()() const::{lambda(float)#1}, std::array<char*, 2ul>)",1,94.3671875
208,32,relu7,"void at::native::vectorized_elementwise_kernel<4, at::native::(anonymous namespace)::launch_clamp_scalar(at::TensorIteratorBase&, c10::Scalar, c10::Scalar, at::native::detail::ClampLimits)::{lambda()#1}::operator()() const::{lambda()#7}::operator()() const::{lambda(float)#1}, std::array<char*, 2ul> >(int, at::native::(anonymous namespace)::launch_clamp_scalar(at::TensorIteratorBase&, c10::Scalar, c10::Scalar, at::native::detail::ClampLimits)::{lambda()#1}::operator()() const::{lambda()#7}::operator()() const::{lambda(float)#1}, std::array<char*, 2ul>)",1,2.240234375
208,64,conv1_7x7_s2,_5x_cudnn_volta_scudnn_128x32_relu_medium_nn_v1,1,2168.013671875
208,64,conv1_7x7_s2,"void cask__5x_cudnn::computeOffsetsKernel<false, false>(cask__5x_cudnn::ComputeOffsetsParams)",1,3.0400390625
208,64,conv2_5x5,"void cudnn::winograd_nonfused::winogradForwardData9x9_5x5<float, float>(cudnn::winograd_nonfused::WinogradDataParams<float, float>)",1,765.2099609375
208,64,conv2_5x5,"void cudnn::winograd_nonfused::winogradForwardFilter9x9_5x5<float, float>(cudnn::winograd_nonfused::WinogradFilterParams<float, float>)",1,9.984375
208,64,conv2_5x5,"void cudnn::winograd_nonfused::winogradForwardOutput9x9_5x5<float, float>(cudnn::winograd_nonfused::WinogradOutputParams<float, float>)",1,973.4638671875
208,64,conv2_5x5,volta_sgemm_128x64_nn,1,690.1376953125
208,64,conv3_3x3_s2,_5x_cudnn_volta_scudnn_128x128_relu_medium_nn_v1,1,1521.3310546875
208,64,conv3_3x3_s2,"void cask__5x_cudnn::computeOffsetsKernel<false, false>(cask__5x_cudnn::ComputeOffsetsParams)",1,3.263671875
208,64,conv4_1x1,_5x_cudnn_volta_scudnn_128x64_relu_small_nn_v1,1,751.9619140625
208,64,conv4_1x1,"void cask__5x_cudnn::computeOffsetsKernel<false, false>(cask__5x_cudnn::ComputeOffsetsParams)",1,3.16796875
208,64,conv5_3x3_s2,_5x_cudnn_volta_scudnn_128x64_relu_xregs_large_nn_v1,1,2893.478515625
208,64,conv5_3x3_s2,"void cask__5x_cudnn::computeOffsetsKernel<false, false>(cask__5x_cudnn::ComputeOffsetsParams)",1,3.328125
208,64,conv6_1x1,_5x_cudnn_volta_scudnn_128x128_relu_medium_nn_v1,1,623.578125
208,64,conv6_1x1,"void cask__5x_cudnn::computeOffsetsKernel<false, false>(cask__5x_cudnn::ComputeOffsetsParams)",1,2.84765625
208,64,fc1,"void cublasLt::splitKreduce_kernel<32, 16, int, float, float, float, float, false, float, float, float, true, true, false>(cublasLt::cublasSplitKParams<float>, float const*, float const*, float*, float*, float const*, float const*, float const*, float const*, float*, void*, long, float*, int*, float*, float*, float const*, float const*, float const*, float const*, float const*)",1,3.3603515625
208,64,fc1,volta_sgemm_64x32_sliced1x4_tn,1,14.65625
208,64,fc2,volta_sgemm_32x32_sliced1x4_tn,1,14.2724609375
208,64,gap,"void at::native::reduce_kernel<512, 1, at::native::ReduceOp<float, at::native::MeanOps<float, float, float, float>, unsigned int, float, 4, 4> >(at::native::ReduceOp<float, at::native::MeanOps<float, float, float, float>, unsigned int, float, 4, 4>)",1,120.4150390625
208,64,maxpool1,"void at::native::(anonymous namespace)::max_pool_forward_nchw<float, int>(int, float const*, long, long, long, int, int, int, int, int, int, int, int, int, int, float*, long*)",1,757.4013671875
208,64,relu1,"void at::native::vectorized_elementwise_kernel<4, at::native::(anonymous namespace)::launch_clamp_scalar(at::TensorIteratorBase&, c10::Scalar, c10::Scalar, at::native::detail::ClampLimits)::{lambda()#1}::operator()() const::{lambda()#7}::operator()() const::{lambda(float)#1}, std::array<char*, 2ul> >(int, at::native::(anonymous namespace)::launch_clamp_scalar(at::TensorIteratorBase&, c10::Scalar, c10::Scalar, at::native::detail::ClampLimits)::{lambda()#1}::operator()() const::{lambda()#7}::operator()() const::{lambda(float)#1}, std::array<char*, 2ul>)",1,738.330078125
208,64,relu2,"void at::native::vectorized_elementwise_kernel<4, at::native::(anonymous namespace)::launch_clamp_scalar(at::TensorIteratorBase&, c10::Scalar, c10::Scalar, at::native::detail::ClampLimits)::{lambda()#1}::operator()() const::{lambda()#7}::operator()() const::{lambda(float)#1}, std::array<char*, 2ul> >(int, at::native::(anonymous namespace)::launch_clamp_scalar(at::TensorIteratorBase&, c10::Scalar, c10::Scalar, at::native::detail::ClampLimits)::{lambda()#1}::operator()() const::{lambda()#7}::operator()() const::{lambda(float)#1}, std::array<char*, 2ul>)",1,364.796875
208,64,relu3,"void at::native::vectorized_elementwise_kernel<4, at::native::(anonymous namespace)::launch_clamp_scalar(at::TensorIteratorBase&, c10::Scalar, c10::Scalar, at::native::detail::ClampLimits)::{lambda()#1}::operator()() const::{lambda()#7}::operator()() const::{lambda(float)#1}, std::array<char*, 2ul> >(int, at::native::(anonymous namespace)::launch_clamp_scalar(at::TensorIteratorBase&, c10::Scalar, c10::Scalar, at::native::detail::ClampLimits)::{lambda()#1}::operator()() const::{lambda()#7}::operator()() const::{lambda(float)#1}, std::array<char*, 2ul>)",1,184.638671875
208,64,relu4,"void at::native::vectorized_elementwise_kernel<4, at::native::(anonymous namespace)::launch_clamp_scalar(at::TensorIteratorBase&, c10::Scalar, c10::Scalar, at::native::detail::ClampLimits)::{lambda()#1}::operator()() const::{lambda()#7}::operator()() const::{lambda(float)#1}, std::array<char*, 2ul> >(int, at::native::(anonymous namespace)::launch_clamp_scalar(at::TensorIteratorBase&, c10::Scalar, c10::Scalar, at::native::detail::ClampLimits)::{lambda()#1}::operator()() const::{lambda()#7}::operator()() const::{lambda(float)#1}, std::array<char*, 2ul>)",1,370.3974609375
208,64,relu5,"void at::native::vectorized_elementwise_kernel<4, at::native::(anonymous namespace)::launch_clamp_scalar(at::TensorIteratorBase&, c10::Scalar, c10::Scalar, at::native::detail::ClampLimits)::{lambda()#1}::operator()() const::{lambda()#7}::operator()() const::{lambda(float)#1}, std::array<char*, 2ul> >(int, at::native::(anonymous namespace)::launch_clamp_scalar(at::TensorIteratorBase&, c10::Scalar, c10::Scalar, at::native::detail::ClampLimits)::{lambda()#1}::operator()() const::{lambda()#7}::operator()() const::{lambda(float)#1}, std::array<char*, 2ul>)",1,86.9443359375
208,64,relu6,"void at::native::vectorized_elementwise_kernel<4, at::native::(anonymous namespace)::launch_clamp_scalar(at::TensorIteratorBase&, c10::Scalar, c10::Scalar, at::native::detail::ClampLimits)::{lambda()#1}::operator()() const::{lambda()#7}::operator()() const::{lambda(float)#1}, std::array<char*, 2ul> >(int, at::native::(anonymous namespace)::launch_clamp_scalar(at::TensorIteratorBase&, c10::Scalar, c10::Scalar, at::native::detail::ClampLimits)::{lambda()#1}::operator()() const::{lambda()#7}::operator()() const::{lambda(float)#1}, std::array<char*, 2ul>)",1,187.6474609375
208,64,relu7,"void at::native::vectorized_elementwise_kernel<4, at::native::(anonymous namespace)::launch_clamp_scalar(at::TensorIteratorBase&, c10::Scalar, c10::Scalar, at::native::detail::ClampLimits)::{lambda()#1}::operator()() const::{lambda()#7}::operator()() const::{lambda(float)#1}, std::array<char*, 2ul> >(int, at::native::(anonymous namespace)::launch_clamp_scalar(at::TensorIteratorBase&, c10::Scalar, c10::Scalar, at::native::detail::ClampLimits)::{lambda()#1}::operator()() const::{lambda()#7}::operator()() const::{lambda(float)#1}, std::array<char*, 2ul>)",1,2.015625
208,111,conv1_7x7_s2,"void fft2d_c2r_32x32<float, true, false, 0u, false, false>(float*, float2 const*, int, int, int, int, int, int, int, int, int, float, float, cudnn::reduced_divisor, bool, float*, float*, int2, cudnnActivationStruct, int, int)",127,155.03323388287401
208,111,conv1_7x7_s2,"void fft2d_r2c_32x32<float, false, 0u, false>(float2*, float const*, int, int, int, int, int, int, int, int, int, cudnn::reduced_divisor, bool, int2, int, int)",127,39.870786171259844
208,111,conv1_7x7_s2,"void fft2d_r2c_32x32<float, false, 1u, true>(float2*, float const*, int, int, int, int, int, int, int, int, int, cudnn::reduced_divisor, bool, int2, int, int)",1,14.1123046875
208,111,conv1_7x7_s2,volta_gcgemm_32x32_nt,126,117.17334759424604
208,111,conv2_5x5,"void cudnn::winograd_nonfused::winogradForwardData9x9_5x5<float, float>(cudnn::winograd_nonfused::WinogradDataParams<float, float>)",1,1251.5732421875
208,111,conv2_5x5,"void cudnn::winograd_nonfused::winogradForwardFilter9x9_5x5<float, float>(cudnn::winograd_nonfused::WinogradFilterParams<float, float>)",1,8.51171875
208,111,conv2_5x5,"void cudnn::winograd_nonfused::winogradForwardOutput9x9_5x5<float, float>(cudnn::winograd_nonfused::WinogradOutputParams<float, float>)",1,1573.619140625
208,111,conv2_5x5,volta_sgemm_128x64_nn,1,1239.0302734375
208,111,conv3_3x3_s2,_5x_cudnn_volta_scudnn_128x128_relu_medium_nn_v1,1,2073.1982421875
208,111,conv3_3x3_s2,"void cask__5x_cudnn::computeOffsetsKernel<false, false>(cask__5x_cudnn::ComputeOffsetsParams)",1,2.751953125
208,111,conv4_1x1,_5x_cudnn_volta_scudnn_128x64_relu_small_nn_v1,1,1139.7353515625
208,111,conv4_1x1,"void cask__5x_cudnn::computeOffsetsKernel<false, false>(cask__5x_cudnn::ComputeOffsetsParams)",1,2.6884765625
208,111,conv5_3x3_s2,_5x_cudnn_volta_scudnn_128x128_relu_medium_nn_v1,1,4280.892578125
208,111,conv5_3x3_s2,"void cask__5x_cudnn::computeOffsetsKernel<false, false>(cask__5x_cudnn::ComputeOffsetsParams)",1,2.81640625
208,111,conv6_1x1,_5x_cudnn_volta_scudnn_128x128_relu_medium_nn_v1,1,989.4638671875
208,111,conv6_1x1,"void cask__5x_cudnn::computeOffsetsKernel<false, false>(cask__5x_cudnn::ComputeOffsetsParams)",1,2.7197265625
208,111,fc1,"void cublasLt::splitKreduce_kernel<32, 16, int, float, float, float, float, false, float, float, float, true, true, false>(cublasLt::cublasSplitKParams<float>, float const*, float const*, float*, float*, float const*, float const*, float const*, float const*, float*, void*, long, float*, int*, float*, float*, float const*, float const*, float const*, float const*, float const*)",1,3.6484375
208,111,fc1,volta_sgemm_128x32_tn,1,19.51953125
208,111,fc2,"void cublasLt::splitKreduce_kernel<32, 16, int, float, float, float, float, false, float, float, float, true, true, false>(cublasLt::cublasSplitKParams<float>, float const*, float const*, float*, float*, float const*, float const*, float const*, float const*, float*, void*, long, float*, int*, float*, float*, float const*, float const*, float const*, float const*, float const*)",1,2.84765625
208,111,fc2,volta_sgemm_128x32_tn,1,9.568359375
208,111,gap,"void at::native::reduce_kernel<512, 1, at::native::ReduceOp<float, at::native::MeanOps<float, float, float, float>, unsigned int, float, 4, 4> >(at::native::ReduceOp<float, at::native::MeanOps<float, float, float, float>, unsigned int, float, 4, 4>)",1,195.90234375
208,111,maxpool1,"void at::native::(anonymous namespace)::max_pool_forward_nchw<float, int>(int, float const*, long, long, long, int, int, int, int, int, int, int, int, int, int, float*, long*)",1,1165.20703125
208,111,relu1,"void at::native::vectorized_elementwise_kernel<4, at::native::(anonymous namespace)::launch_clamp_scalar(at::TensorIteratorBase&, c10::Scalar, c10::Scalar, at::native::detail::ClampLimits)::{lambda()#1}::operator()() const::{lambda()#7}::operator()() const::{lambda(float)#1}, std::array<char*, 2ul> >(int, at::native::(anonymous namespace)::launch_clamp_scalar(at::TensorIteratorBase&, c10::Scalar, c10::Scalar, at::native::detail::ClampLimits)::{lambda()#1}::operator()() const::{lambda()#7}::operator()() const::{lambda(float)#1}, std::array<char*, 2ul>)",1,1297.140625
208,111,relu2,"void at::native::vectorized_elementwise_kernel<4, at::native::(anonymous namespace)::launch_clamp_scalar(at::TensorIteratorBase&, c10::Scalar, c10::Scalar, at::native::detail::ClampLimits)::{lambda()#1}::operator()() const::{lambda()#7}::operator()() const::{lambda(float)#1}, std::array<char*, 2ul> >(int, at::native::(anonymous namespace)::launch_clamp_scalar(at::TensorIteratorBase&, c10::Scalar, c10::Scalar, at::native::detail::ClampLimits)::{lambda()#1}::operator()() const::{lambda()#7}::operator()() const::{lambda(float)#1}, std::array<char*, 2ul>)",1,644.1865234375
208,111,relu3,"void at::native::vectorized_elementwise_kernel<4, at::native::(anonymous namespace)::launch_clamp_scalar(at::TensorIteratorBase&, c10::Scalar, c10::Scalar, at::native::detail::ClampLimits)::{lambda()#1}::operator()() const::{lambda()#7}::operator()() const::{lambda(float)#1}, std::array<char*, 2ul> >(int, at::native::(anonymous namespace)::launch_clamp_scalar(at::TensorIteratorBase&, c10::Scalar, c10::Scalar, at::native::detail::ClampLimits)::{lambda()#1}::operator()() const::{lambda()#7}::operator()() const::{lambda(float)#1}, std::array<char*, 2ul>)",1,324.0615234375
208,111,relu4,"void at::native::vectorized_elementwise_kernel<4, at::native::(anonymous namespace)::launch_clamp_scalar(at::TensorIteratorBase&, c10::Scalar, c10::Scalar, at::native::detail::ClampLimits)::{lambda()#1}::operator()() const::{lambda()#7}::operator()() const::{lambda(float)#1}, std::array<char*, 2ul> >(int, at::native::(anonymous namespace)::launch_clamp_scalar(at::TensorIteratorBase&, c10::Scalar, c10::Scalar, at::native::detail::ClampLimits)::{lambda()#1}::operator()() const::{lambda()#7}::operator()() const::{lambda(float)#1}, std::array<char*, 2ul>)",1,647.513671875
208,111,relu5,"void at::native::vectorized_elementwise_kernel<4, at::native::(anonymous namespace)::launch_clamp_scalar(at::TensorIteratorBase&, c10::Scalar, c10::Scalar, at::native::detail::ClampLimits)::{lambda()#1}::operator()() const::{lambda()#7}::operator()() const::{lambda(float)#1}, std::array<char*, 2ul> >(int, at::native::(anonymous namespace)::launch_clamp_scalar(at::TensorIteratorBase&, c10::Scalar, c10::Scalar, at::native::detail::ClampLimits)::{lambda()#1}::operator()() const::{lambda()#7}::operator()() const::{lambda(float)#1}, std::array<char*, 2ul>)",1,156.607421875
208,111,relu6,"void at::native::vectorized_elementwise_kernel<4, at::native::(anonymous namespace)::launch_clamp_scalar(at::TensorIteratorBase&, c10::Scalar, c10::Scalar, at::native::detail::ClampLimits)::{lambda()#1}::operator()() const::{lambda()#7}::operator()() const::{lambda(float)#1}, std::array<char*, 2ul> >(int, at::native::(anonymous namespace)::launch_clamp_scalar(at::TensorIteratorBase&, c10::Scalar, c10::Scalar, at::native::detail::ClampLimits)::{lambda()#1}::operator()() const::{lambda()#7}::operator()() const::{lambda(float)#1}, std::array<char*, 2ul>)",1,324.4453125
208,111,relu7,"void at::native::vectorized_elementwise_kernel<4, at::native::(anonymous namespace)::launch_clamp_scalar(at::TensorIteratorBase&, c10::Scalar, c10::Scalar, at::native::detail::ClampLimits)::{lambda()#1}::operator()() const::{lambda()#7}::operator()() const::{lambda(float)#1}, std::array<char*, 2ul> >(int, at::native::(anonymous namespace)::launch_clamp_scalar(at::TensorIteratorBase&, c10::Scalar, c10::Scalar, at::native::detail::ClampLimits)::{lambda()#1}::operator()() const::{lambda()#7}::operator()() const::{lambda(float)#1}, std::array<char*, 2ul>)",1,2.17578125
208,128,conv1_7x7_s2,"void fft2d_c2r_32x32<float, true, false, 0u, false, false>(float*, float2 const*, int, int, int, int, int, int, int, int, int, float, float, cudnn::reduced_divisor, bool, float*, float*, int2, cudnnActivationStruct, int, int)",127,184.53873185285434
208,128,conv1_7x7_s2,"void fft2d_r2c_32x32<float, false, 0u, false>(float2*, float const*, int, int, int, int, int, int, int, int, int, cudnn::reduced_divisor, bool, int2, int, int)",127,41.79016209399607
208,128,conv1_7x7_s2,"void fft2d_r2c_32x32<float, false, 1u, true>(float2*, float const*, int, int, int, int, int, int, int, int, int, cudnn::reduced_divisor, bool, int2, int, int)",1,14.9755859375
208,128,conv1_7x7_s2,volta_gcgemm_32x32_nt,126,134.5145011780754
208,128,conv2_5x5,"void cudnn::winograd_nonfused::winogradForwardData9x9_5x5<float, float>(cudnn::winograd_nonfused::WinogradDataParams<float, float>)",1,1476.404296875
208,128,conv2_5x5,"void cudnn::winograd_nonfused::winogradForwardFilter9x9_5x5<float, float>(cudnn::winograd_nonfused::WinogradFilterParams<float, float>)",1,9.15234375
208,128,conv2_5x5,"void cudnn::winograd_nonfused::winogradForwardOutput9x9_5x5<float, float>(cudnn::winograd_nonfused::WinogradOutputParams<float, float>)",1,1845.712890625
208,128,conv2_5x5,volta_sgemm_128x64_nn,1,1392.916015625
208,128,conv3_3x3_s2,_5x_cudnn_volta_scudnn_128x128_relu_medium_nn_v1,1,2510.15625
208,128,conv3_3x3_s2,"void cask__5x_cudnn::computeOffsetsKernel<false, false>(cask__5x_cudnn::ComputeOffsetsParams)",1,2.8798828125
208,128,conv4_1x1,_5x_cudnn_volta_scudnn_128x64_relu_small_nn_v1,1,1340.212890625
208,128,conv4_1x1,"void cask__5x_cudnn::computeOffsetsKernel<false, false>(cask__5x_cudnn::ComputeOffsetsParams)",1,2.8798828125
208,128,conv5_3x3_s2,_5x_cudnn_volta_scudnn_128x128_relu_medium_nn_v1,1,5079.7021484375
208,128,conv5_3x3_s2,"void cask__5x_cudnn::computeOffsetsKernel<false, false>(cask__5x_cudnn::ComputeOffsetsParams)",1,2.912109375
208,128,conv6_1x1,_5x_cudnn_volta_scudnn_128x128_relu_medium_nn_v1,1,1176.0869140625
208,128,conv6_1x1,"void cask__5x_cudnn::computeOffsetsKernel<false, false>(cask__5x_cudnn::ComputeOffsetsParams)",1,2.9443359375
208,128,fc1,"void cublasLt::splitKreduce_kernel<32, 16, int, float, float, float, float, false, float, float, float, true, true, false>(cublasLt::cublasSplitKParams<float>, float const*, float const*, float*, float*, float const*, float const*, float const*, float const*, float*, void*, long, float*, int*, float*, float*, float const*, float const*, float const*, float const*, float const*)",1,3.7763671875
208,128,fc1,volta_sgemm_128x32_tn,1,20.4482421875
208,128,fc2,"void cublasLt::splitKreduce_kernel<32, 16, int, float, float, float, float, false, float, float, float, true, true, false>(cublasLt::cublasSplitKParams<float>, float const*, float const*, float*, float*, float const*, float const*, float const*, float const*, float*, void*, long, float*, int*, float*, float*, float const*, float const*, float const*, float const*, float const*)",1,3.072265625
208,128,fc2,volta_sgemm_32x128_tn,1,10.3681640625
208,128,gap,"void at::native::reduce_kernel<512, 1, at::native::ReduceOp<float, at::native::MeanOps<float, float, float, float>, unsigned int, float, 4, 4> >(at::native::ReduceOp<float, at::native::MeanOps<float, float, float, float>, unsigned int, float, 4, 4>)",1,222.3984375
208,128,maxpool1,"void at::native::(anonymous namespace)::max_pool_forward_nchw<float, int>(int, float const*, long, long, long, int, int, int, int, int, int, int, int, int, int, float*, long*)",1,1371.125
208,128,relu1,"void at::native::vectorized_elementwise_kernel<4, at::native::(anonymous namespace)::launch_clamp_scalar(at::TensorIteratorBase&, c10::Scalar, c10::Scalar, at::native::detail::ClampLimits)::{lambda()#1}::operator()() const::{lambda()#7}::operator()() const::{lambda(float)#1}, std::array<char*, 2ul> >(int, at::native::(anonymous namespace)::launch_clamp_scalar(at::TensorIteratorBase&, c10::Scalar, c10::Scalar, at::native::detail::ClampLimits)::{lambda()#1}::operator()() const::{lambda()#7}::operator()() const::{lambda(float)#1}, std::array<char*, 2ul>)",1,1485.01171875
208,128,relu2,"void at::native::vectorized_elementwise_kernel<4, at::native::(anonymous namespace)::launch_clamp_scalar(at::TensorIteratorBase&, c10::Scalar, c10::Scalar, at::native::detail::ClampLimits)::{lambda()#1}::operator()() const::{lambda()#7}::operator()() const::{lambda(float)#1}, std::array<char*, 2ul> >(int, at::native::(anonymous namespace)::launch_clamp_scalar(at::TensorIteratorBase&, c10::Scalar, c10::Scalar, at::native::detail::ClampLimits)::{lambda()#1}::operator()() const::{lambda()#7}::operator()() const::{lambda(float)#1}, std::array<char*, 2ul>)",1,741.498046875
208,128,relu3,"void at::native::vectorized_elementwise_kernel<4, at::native::(anonymous namespace)::launch_clamp_scalar(at::TensorIteratorBase&, c10::Scalar, c10::Scalar, at::native::detail::ClampLimits)::{lambda()#1}::operator()() const::{lambda()#7}::operator()() const::{lambda(float)#1}, std::array<char*, 2ul> >(int, at::native::(anonymous namespace)::launch_clamp_scalar(at::TensorIteratorBase&, c10::Scalar, c10::Scalar, at::native::detail::ClampLimits)::{lambda()#1}::operator()() const::{lambda()#7}::operator()() const::{lambda(float)#1}, std::array<char*, 2ul>)",1,373.021484375
208,128,relu4,"void at::native::vectorized_elementwise_kernel<4, at::native::(anonymous namespace)::launch_clamp_scalar(at::TensorIteratorBase&, c10::Scalar, c10::Scalar, at::native::detail::ClampLimits)::{lambda()#1}::operator()() const::{lambda()#7}::operator()() const::{lambda(float)#1}, std::array<char*, 2ul> >(int, at::native::(anonymous namespace)::launch_clamp_scalar(at::TensorIteratorBase&, c10::Scalar, c10::Scalar, at::native::detail::ClampLimits)::{lambda()#1}::operator()() const::{lambda()#7}::operator()() const::{lambda(float)#1}, std::array<char*, 2ul>)",1,744.76171875
208,128,relu5,"void at::native::vectorized_elementwise_kernel<4, at::native::(anonymous namespace)::launch_clamp_scalar(at::TensorIteratorBase&, c10::Scalar, c10::Scalar, at::native::detail::ClampLimits)::{lambda()#1}::operator()() const::{lambda()#7}::operator()() const::{lambda(float)#1}, std::array<char*, 2ul> >(int, at::native::(anonymous namespace)::launch_clamp_scalar(at::TensorIteratorBase&, c10::Scalar, c10::Scalar, at::native::detail::ClampLimits)::{lambda()#1}::operator()() const::{lambda()#7}::operator()() const::{lambda(float)#1}, std::array<char*, 2ul>)",1,183.6142578125
208,128,relu6,"void at::native::vectorized_elementwise_kernel<4, at::native::(anonymous namespace)::launch_clamp_scalar(at::TensorIteratorBase&, c10::Scalar, c10::Scalar, at::native::detail::ClampLimits)::{lambda()#1}::operator()() const::{lambda()#7}::operator()() const::{lambda(float)#1}, std::array<char*, 2ul> >(int, at::native::(anonymous namespace)::launch_clamp_scalar(at::TensorIteratorBase&, c10::Scalar, c10::Scalar, at::native::detail::ClampLimits)::{lambda()#1}::operator()() const::{lambda()#7}::operator()() const::{lambda(float)#1}, std::array<char*, 2ul>)",1,373.3408203125
208,128,relu7,"void at::native::vectorized_elementwise_kernel<4, at::native::(anonymous namespace)::launch_clamp_scalar(at::TensorIteratorBase&, c10::Scalar, c10::Scalar, at::native::detail::ClampLimits)::{lambda()#1}::operator()() const::{lambda()#7}::operator()() const::{lambda(float)#1}, std::array<char*, 2ul> >(int, at::native::(anonymous namespace)::launch_clamp_scalar(at::TensorIteratorBase&, c10::Scalar, c10::Scalar, at::native::detail::ClampLimits)::{lambda()#1}::operator()() const::{lambda()#7}::operator()() const::{lambda(float)#1}, std::array<char*, 2ul>)",1,2.1123046875
208,133,conv1_7x7_s2,"void fft2d_c2r_32x32<float, true, false, 0u, false, false>(float*, float2 const*, int, int, int, int, int, int, int, int, int, float, float, cudnn::reduced_divisor, bool, float*, float*, int2, cudnnActivationStruct, int, int)",127,192.609390378937
208,133,conv1_7x7_s2,"void fft2d_r2c_32x32<float, false, 0u, false>(float2*, float const*, int, int, int, int, int, int, int, int, int, cudnn::reduced_divisor, bool, int2, int, int)",127,40.83466873769685
208,133,conv1_7x7_s2,"void fft2d_r2c_32x32<float, false, 1u, true>(float2*, float const*, int, int, int, int, int, int, int, int, int, cudnn::reduced_divisor, bool, int2, int, int)",1,14.8798828125
208,133,conv1_7x7_s2,volta_gcgemm_32x32_nt,126,145.07893880208334
208,133,conv2_5x5,"void cudnn::winograd_nonfused::winogradForwardData9x9_5x5<float, float>(cudnn::winograd_nonfused::WinogradDataParams<float, float>)",1,1554.1953125
208,133,conv2_5x5,"void cudnn::winograd_nonfused::winogradForwardFilter9x9_5x5<float, float>(cudnn::winograd_nonfused::WinogradFilterParams<float, float>)",1,8.51171875
208,133,conv2_5x5,"void cudnn::winograd_nonfused::winogradForwardOutput9x9_5x5<float, float>(cudnn::winograd_nonfused::WinogradOutputParams<float, float>)",1,1984.0146484375
208,133,conv2_5x5,volta_sgemm_128x64_nn,1,1591.7626953125
208,133,conv3_3x3_s2,_5x_cudnn_volta_scudnn_128x128_relu_medium_nn_v1,1,2546.505859375
208,133,conv3_3x3_s2,"void cask__5x_cudnn::computeOffsetsKernel<false, false>(cask__5x_cudnn::ComputeOffsetsParams)",1,2.81640625
208,133,conv4_1x1,_5x_cudnn_volta_scudnn_128x64_relu_small_nn_v1,1,1359.63671875
208,133,conv4_1x1,"void cask__5x_cudnn::computeOffsetsKernel<false, false>(cask__5x_cudnn::ComputeOffsetsParams)",1,2.81640625
208,133,conv5_3x3_s2,_5x_cudnn_volta_scudnn_128x128_relu_medium_nn_v1,1,4955.5419921875
208,133,conv5_3x3_s2,"void cask__5x_cudnn::computeOffsetsKernel<false, false>(cask__5x_cudnn::ComputeOffsetsParams)",1,2.84765625
208,133,conv6_1x1,_5x_cudnn_volta_scudnn_128x128_relu_medium_nn_v1,1,1208.4384765625
208,133,conv6_1x1,"void cask__5x_cudnn::computeOffsetsKernel<false, false>(cask__5x_cudnn::ComputeOffsetsParams)",1,2.7841796875
208,133,fc1,Memset (Device),1,0.5439453125
208,133,fc1,volta_sgemm_64x32_sliced1x4_tn,1,23.6484375
208,133,fc2,volta_sgemm_32x32_sliced1x4_tn,1,12.9912109375
208,133,gap,"void at::native::reduce_kernel<512, 1, at::native::ReduceOp<float, at::native::MeanOps<float, float, float, float>, unsigned int, float, 4, 4> >(at::native::ReduceOp<float, at::native::MeanOps<float, float, float, float>, unsigned int, float, 4, 4>)",1,227.0703125
208,133,maxpool1,"void at::native::(anonymous namespace)::max_pool_forward_nchw<float, int>(int, float const*, long, long, long, int, int, int, int, int, int, int, int, int, int, float*, long*)",1,1404.1484375
208,133,relu1,"void at::native::vectorized_elementwise_kernel<4, at::native::(anonymous namespace)::launch_clamp_scalar(at::TensorIteratorBase&, c10::Scalar, c10::Scalar, at::native::detail::ClampLimits)::{lambda()#1}::operator()() const::{lambda()#7}::operator()() const::{lambda(float)#1}, std::array<char*, 2ul> >(int, at::native::(anonymous namespace)::launch_clamp_scalar(at::TensorIteratorBase&, c10::Scalar, c10::Scalar, at::native::detail::ClampLimits)::{lambda()#1}::operator()() const::{lambda()#7}::operator()() const::{lambda(float)#1}, std::array<char*, 2ul>)",1,1554.03515625
208,133,relu2,"void at::native::vectorized_elementwise_kernel<4, at::native::(anonymous namespace)::launch_clamp_scalar(at::TensorIteratorBase&, c10::Scalar, c10::Scalar, at::native::detail::ClampLimits)::{lambda()#1}::operator()() const::{lambda()#7}::operator()() const::{lambda(float)#1}, std::array<char*, 2ul> >(int, at::native::(anonymous namespace)::launch_clamp_scalar(at::TensorIteratorBase&, c10::Scalar, c10::Scalar, at::native::detail::ClampLimits)::{lambda()#1}::operator()() const::{lambda()#7}::operator()() const::{lambda(float)#1}, std::array<char*, 2ul>)",1,771.4501953125
208,133,relu3,"void at::native::vectorized_elementwise_kernel<4, at::native::(anonymous namespace)::launch_clamp_scalar(at::TensorIteratorBase&, c10::Scalar, c10::Scalar, at::native::detail::ClampLimits)::{lambda()#1}::operator()() const::{lambda()#7}::operator()() const::{lambda(float)#1}, std::array<char*, 2ul> >(int, at::native::(anonymous namespace)::launch_clamp_scalar(at::TensorIteratorBase&, c10::Scalar, c10::Scalar, at::native::detail::ClampLimits)::{lambda()#1}::operator()() const::{lambda()#7}::operator()() const::{lambda(float)#1}, std::array<char*, 2ul>)",1,387.0693359375
208,133,relu4,"void at::native::vectorized_elementwise_kernel<4, at::native::(anonymous namespace)::launch_clamp_scalar(at::TensorIteratorBase&, c10::Scalar, c10::Scalar, at::native::detail::ClampLimits)::{lambda()#1}::operator()() const::{lambda()#7}::operator()() const::{lambda(float)#1}, std::array<char*, 2ul> >(int, at::native::(anonymous namespace)::launch_clamp_scalar(at::TensorIteratorBase&, c10::Scalar, c10::Scalar, at::native::detail::ClampLimits)::{lambda()#1}::operator()() const::{lambda()#7}::operator()() const::{lambda(float)#1}, std::array<char*, 2ul>)",1,778.392578125
208,133,relu5,"void at::native::vectorized_elementwise_kernel<4, at::native::(anonymous namespace)::launch_clamp_scalar(at::TensorIteratorBase&, c10::Scalar, c10::Scalar, at::native::detail::ClampLimits)::{lambda()#1}::operator()() const::{lambda()#7}::operator()() const::{lambda(float)#1}, std::array<char*, 2ul> >(int, at::native::(anonymous namespace)::launch_clamp_scalar(at::TensorIteratorBase&, c10::Scalar, c10::Scalar, at::native::detail::ClampLimits)::{lambda()#1}::operator()() const::{lambda()#7}::operator()() const::{lambda(float)#1}, std::array<char*, 2ul>)",1,192.126953125
208,133,relu6,"void at::native::vectorized_elementwise_kernel<4, at::native::(anonymous namespace)::launch_clamp_scalar(at::TensorIteratorBase&, c10::Scalar, c10::Scalar, at::native::detail::ClampLimits)::{lambda()#1}::operator()() const::{lambda()#7}::operator()() const::{lambda(float)#1}, std::array<char*, 2ul> >(int, at::native::(anonymous namespace)::launch_clamp_scalar(at::TensorIteratorBase&, c10::Scalar, c10::Scalar, at::native::detail::ClampLimits)::{lambda()#1}::operator()() const::{lambda()#7}::operator()() const::{lambda(float)#1}, std::array<char*, 2ul>)",1,389.2451171875
208,133,relu7,"void at::native::vectorized_elementwise_kernel<4, at::native::(anonymous namespace)::launch_clamp_scalar(at::TensorIteratorBase&, c10::Scalar, c10::Scalar, at::native::detail::ClampLimits)::{lambda()#1}::operator()() const::{lambda()#7}::operator()() const::{lambda(float)#1}, std::array<char*, 2ul> >(int, at::native::(anonymous namespace)::launch_clamp_scalar(at::TensorIteratorBase&, c10::Scalar, c10::Scalar, at::native::detail::ClampLimits)::{lambda()#1}::operator()() const::{lambda()#7}::operator()() const::{lambda(float)#1}, std::array<char*, 2ul>)",1,2.431640625
208,139,conv1_7x7_s2,"void fft2d_c2r_32x32<float, true, false, 0u, false, false>(float*, float2 const*, int, int, int, int, int, int, int, int, int, float, float, cudnn::reduced_divisor, bool, float*, float*, int2, cudnnActivationStruct, int, int)",127,199.80773252952756
208,139,conv1_7x7_s2,"void fft2d_r2c_32x32<float, false, 0u, false>(float2*, float const*, int, int, int, int, int, int, int, int, int, cudnn::reduced_divisor, bool, int2, int, int)",127,40.47966135580709
208,139,conv1_7x7_s2,"void fft2d_r2c_32x32<float, false, 1u, true>(float2*, float const*, int, int, int, int, int, int, int, int, int, cudnn::reduced_divisor, bool, int2, int, int)",1,14.84765625
208,139,conv1_7x7_s2,volta_gcgemm_32x32_nt,126,141.70796906001985
208,139,conv2_5x5,"void cudnn::winograd_nonfused::winogradForwardData9x9_5x5<float, float>(cudnn::winograd_nonfused::WinogradDataParams<float, float>)",1,1630.2578125
208,139,conv2_5x5,"void cudnn::winograd_nonfused::winogradForwardFilter9x9_5x5<float, float>(cudnn::winograd_nonfused::WinogradFilterParams<float, float>)",1,8.576171875
208,139,conv2_5x5,"void cudnn::winograd_nonfused::winogradForwardOutput9x9_5x5<float, float>(cudnn::winograd_nonfused::WinogradOutputParams<float, float>)",1,2039.0859375
208,139,conv2_5x5,volta_sgemm_128x64_nn,1,1595.7939453125
208,139,conv3_3x3_s2,_5x_cudnn_volta_scudnn_128x128_relu_medium_nn_v1,1,2712.328125
208,139,conv3_3x3_s2,"void cask__5x_cudnn::computeOffsetsKernel<false, false>(cask__5x_cudnn::ComputeOffsetsParams)",1,2.7841796875
208,139,conv4_1x1,_5x_cudnn_volta_scudnn_128x64_relu_small_nn_v1,1,1428.5322265625
208,139,conv4_1x1,"void cask__5x_cudnn::computeOffsetsKernel<false, false>(cask__5x_cudnn::ComputeOffsetsParams)",1,2.751953125
208,139,conv5_3x3_s2,_5x_cudnn_volta_scudnn_128x128_relu_medium_nn_v1,1,5452.0478515625
208,139,conv5_3x3_s2,"void cask__5x_cudnn::computeOffsetsKernel<false, false>(cask__5x_cudnn::ComputeOffsetsParams)",1,2.81640625
208,139,conv6_1x1,_5x_cudnn_volta_scudnn_128x128_relu_medium_nn_v1,1,1270.4853515625
208,139,conv6_1x1,"void cask__5x_cudnn::computeOffsetsKernel<false, false>(cask__5x_cudnn::ComputeOffsetsParams)",1,2.81640625
208,139,fc1,Memset (Device),1,0.51171875
208,139,fc1,volta_sgemm_64x32_sliced1x4_tn,1,23.3603515625
208,139,fc2,volta_sgemm_32x32_sliced1x4_tn,1,12.927734375
208,139,gap,"void at::native::reduce_kernel<512, 1, at::native::ReduceOp<float, at::native::MeanOps<float, float, float, float>, unsigned int, float, 4, 4> >(at::native::ReduceOp<float, at::native::MeanOps<float, float, float, float>, unsigned int, float, 4, 4>)",1,235.7099609375
208,139,maxpool1,"void at::native::(anonymous namespace)::max_pool_forward_nchw<float, int>(int, float const*, long, long, long, int, int, int, int, int, int, int, int, int, int, float*, long*)",1,1477.2353515625
208,139,relu1,"void at::native::vectorized_elementwise_kernel<4, at::native::(anonymous namespace)::launch_clamp_scalar(at::TensorIteratorBase&, c10::Scalar, c10::Scalar, at::native::detail::ClampLimits)::{lambda()#1}::operator()() const::{lambda()#7}::operator()() const::{lambda(float)#1}, std::array<char*, 2ul> >(int, at::native::(anonymous namespace)::launch_clamp_scalar(at::TensorIteratorBase&, c10::Scalar, c10::Scalar, at::native::detail::ClampLimits)::{lambda()#1}::operator()() const::{lambda()#7}::operator()() const::{lambda(float)#1}, std::array<char*, 2ul>)",1,1621.4580078125
208,139,relu2,"void at::native::vectorized_elementwise_kernel<4, at::native::(anonymous namespace)::launch_clamp_scalar(at::TensorIteratorBase&, c10::Scalar, c10::Scalar, at::native::detail::ClampLimits)::{lambda()#1}::operator()() const::{lambda()#7}::operator()() const::{lambda(float)#1}, std::array<char*, 2ul> >(int, at::native::(anonymous namespace)::launch_clamp_scalar(at::TensorIteratorBase&, c10::Scalar, c10::Scalar, at::native::detail::ClampLimits)::{lambda()#1}::operator()() const::{lambda()#7}::operator()() const::{lambda(float)#1}, std::array<char*, 2ul>)",1,806.3935546875
208,139,relu3,"void at::native::vectorized_elementwise_kernel<4, at::native::(anonymous namespace)::launch_clamp_scalar(at::TensorIteratorBase&, c10::Scalar, c10::Scalar, at::native::detail::ClampLimits)::{lambda()#1}::operator()() const::{lambda()#7}::operator()() const::{lambda(float)#1}, std::array<char*, 2ul> >(int, at::native::(anonymous namespace)::launch_clamp_scalar(at::TensorIteratorBase&, c10::Scalar, c10::Scalar, at::native::detail::ClampLimits)::{lambda()#1}::operator()() const::{lambda()#7}::operator()() const::{lambda(float)#1}, std::array<char*, 2ul>)",1,404.732421875
208,139,relu4,"void at::native::vectorized_elementwise_kernel<4, at::native::(anonymous namespace)::launch_clamp_scalar(at::TensorIteratorBase&, c10::Scalar, c10::Scalar, at::native::detail::ClampLimits)::{lambda()#1}::operator()() const::{lambda()#7}::operator()() const::{lambda(float)#1}, std::array<char*, 2ul> >(int, at::native::(anonymous namespace)::launch_clamp_scalar(at::TensorIteratorBase&, c10::Scalar, c10::Scalar, at::native::detail::ClampLimits)::{lambda()#1}::operator()() const::{lambda()#7}::operator()() const::{lambda(float)#1}, std::array<char*, 2ul>)",1,811.3212890625
208,139,relu5,"void at::native::vectorized_elementwise_kernel<4, at::native::(anonymous namespace)::launch_clamp_scalar(at::TensorIteratorBase&, c10::Scalar, c10::Scalar, at::native::detail::ClampLimits)::{lambda()#1}::operator()() const::{lambda()#7}::operator()() const::{lambda(float)#1}, std::array<char*, 2ul> >(int, at::native::(anonymous namespace)::launch_clamp_scalar(at::TensorIteratorBase&, c10::Scalar, c10::Scalar, at::native::detail::ClampLimits)::{lambda()#1}::operator()() const::{lambda()#7}::operator()() const::{lambda(float)#1}, std::array<char*, 2ul>)",1,193.9833984375
208,139,relu6,"void at::native::vectorized_elementwise_kernel<4, at::native::(anonymous namespace)::launch_clamp_scalar(at::TensorIteratorBase&, c10::Scalar, c10::Scalar, at::native::detail::ClampLimits)::{lambda()#1}::operator()() const::{lambda()#7}::operator()() const::{lambda(float)#1}, std::array<char*, 2ul> >(int, at::native::(anonymous namespace)::launch_clamp_scalar(at::TensorIteratorBase&, c10::Scalar, c10::Scalar, at::native::detail::ClampLimits)::{lambda()#1}::operator()() const::{lambda()#7}::operator()() const::{lambda(float)#1}, std::array<char*, 2ul>)",1,405.4677734375
208,139,relu7,"void at::native::vectorized_elementwise_kernel<4, at::native::(anonymous namespace)::launch_clamp_scalar(at::TensorIteratorBase&, c10::Scalar, c10::Scalar, at::native::detail::ClampLimits)::{lambda()#1}::operator()() const::{lambda()#7}::operator()() const::{lambda(float)#1}, std::array<char*, 2ul> >(int, at::native::(anonymous namespace)::launch_clamp_scalar(at::TensorIteratorBase&, c10::Scalar, c10::Scalar, at::native::detail::ClampLimits)::{lambda()#1}::operator()() const::{lambda()#7}::operator()() const::{lambda(float)#1}, std::array<char*, 2ul>)",1,2.6240234375
208,256,conv1_7x7_s2,"void fft2d_c2r_32x32<float, true, false, 0u, false, false>(float*, float2 const*, int, int, int, int, int, int, int, int, int, float, float, cudnn::reduced_divisor, bool, float*, float*, int2, cudnnActivationStruct, int, int)",127,376.05963182824803
208,256,conv1_7x7_s2,"void fft2d_r2c_32x32<float, false, 0u, false>(float2*, float const*, int, int, int, int, int, int, int, int, int, cudnn::reduced_divisor, bool, int2, int, int)",127,83.54400682824803
208,256,conv1_7x7_s2,"void fft2d_r2c_32x32<float, false, 1u, true>(float2*, float const*, int, int, int, int, int, int, int, int, int, cudnn::reduced_divisor, bool, int2, int, int)",1,17.0244140625
208,256,conv1_7x7_s2,volta_gcgemm_32x32_nt,126,237.36447482638889
208,256,conv2_5x5,"void cudnn::winograd_nonfused::winogradForwardData9x9_5x5<float, float>(cudnn::winograd_nonfused::WinogradDataParams<float, float>)",1,2929.86328125
208,256,conv2_5x5,"void cudnn::winograd_nonfused::winogradForwardFilter9x9_5x5<float, float>(cudnn::winograd_nonfused::WinogradFilterParams<float, float>)",1,8.83203125
208,256,conv2_5x5,"void cudnn::winograd_nonfused::winogradForwardOutput9x9_5x5<float, float>(cudnn::winograd_nonfused::WinogradOutputParams<float, float>)",1,3687.77734375
208,256,conv2_5x5,volta_sgemm_128x64_nn,1,2805.0966796875
208,256,conv3_3x3_s2,_5x_cudnn_volta_scudnn_128x64_relu_xregs_large_nn_v1,1,5223.1884765625
208,256,conv3_3x3_s2,"void cask__5x_cudnn::computeOffsetsKernel<false, false>(cask__5x_cudnn::ComputeOffsetsParams)",1,3.072265625
208,256,conv4_1x1,_5x_cudnn_volta_scudnn_128x64_relu_small_nn_v1,1,2659.75390625
208,256,conv4_1x1,"void cask__5x_cudnn::computeOffsetsKernel<false, false>(cask__5x_cudnn::ComputeOffsetsParams)",1,2.81640625
208,256,conv5_3x3_s2,_5x_cudnn_volta_scudnn_128x64_relu_xregs_large_nn_v1,1,10707.9423828125
208,256,conv5_3x3_s2,"void cask__5x_cudnn::computeOffsetsKernel<false, false>(cask__5x_cudnn::ComputeOffsetsParams)",1,2.9755859375
208,256,conv6_1x1,_5x_cudnn_volta_scudnn_128x128_relu_medium_nn_v1,1,2663.017578125
208,256,conv6_1x1,"void cask__5x_cudnn::computeOffsetsKernel<false, false>(cask__5x_cudnn::ComputeOffsetsParams)",1,3.328125
208,256,fc1,"void cublasLt::splitKreduce_kernel<32, 16, int, float, float, float, float, false, float, float, float, true, true, false>(cublasLt::cublasSplitKParams<float>, float const*, float const*, float*, float*, float const*, float const*, float const*, float const*, float*, void*, long, float*, int*, float*, float*, float const*, float const*, float const*, float const*, float const*)",1,6.65625
208,256,fc1,volta_sgemm_128x64_tn,1,31.6796875
208,256,fc2,"void cublasLt::splitKreduce_kernel<32, 16, int, float, float, float, float, false, float, float, float, true, true, false>(cublasLt::cublasSplitKParams<float>, float const*, float const*, float*, float*, float const*, float const*, float const*, float const*, float*, void*, long, float*, int*, float*, float*, float const*, float const*, float const*, float const*, float const*)",1,4.1279296875
208,256,fc2,volta_sgemm_32x128_tn,1,14.2724609375
208,256,gap,"void at::native::reduce_kernel<512, 1, at::native::ReduceOp<float, at::native::MeanOps<float, float, float, float>, unsigned int, float, 4, 4> >(at::native::ReduceOp<float, at::native::MeanOps<float, float, float, float>, unsigned int, float, 4, 4>)",1,461.01953125
208,256,maxpool1,"void at::native::(anonymous namespace)::max_pool_forward_nchw<float, int>(int, float const*, long, long, long, int, int, int, int, int, int, int, int, int, int, float*, long*)",1,2731.78515625
208,256,relu1,"void at::native::vectorized_elementwise_kernel<4, at::native::(anonymous namespace)::launch_clamp_scalar(at::TensorIteratorBase&, c10::Scalar, c10::Scalar, at::native::detail::ClampLimits)::{lambda()#1}::operator()() const::{lambda()#7}::operator()() const::{lambda(float)#1}, std::array<char*, 2ul> >(int, at::native::(anonymous namespace)::launch_clamp_scalar(at::TensorIteratorBase&, c10::Scalar, c10::Scalar, at::native::detail::ClampLimits)::{lambda()#1}::operator()() const::{lambda()#7}::operator()() const::{lambda(float)#1}, std::array<char*, 2ul>)",1,2973.2236328125
208,256,relu2,"void at::native::vectorized_elementwise_kernel<4, at::native::(anonymous namespace)::launch_clamp_scalar(at::TensorIteratorBase&, c10::Scalar, c10::Scalar, at::native::detail::ClampLimits)::{lambda()#1}::operator()() const::{lambda()#7}::operator()() const::{lambda(float)#1}, std::array<char*, 2ul> >(int, at::native::(anonymous namespace)::launch_clamp_scalar(at::TensorIteratorBase&, c10::Scalar, c10::Scalar, at::native::detail::ClampLimits)::{lambda()#1}::operator()() const::{lambda()#7}::operator()() const::{lambda(float)#1}, std::array<char*, 2ul>)",1,1485.9404296875
208,256,relu3,"void at::native::vectorized_elementwise_kernel<4, at::native::(anonymous namespace)::launch_clamp_scalar(at::TensorIteratorBase&, c10::Scalar, c10::Scalar, at::native::detail::ClampLimits)::{lambda()#1}::operator()() const::{lambda()#7}::operator()() const::{lambda(float)#1}, std::array<char*, 2ul> >(int, at::native::(anonymous namespace)::launch_clamp_scalar(at::TensorIteratorBase&, c10::Scalar, c10::Scalar, at::native::detail::ClampLimits)::{lambda()#1}::operator()() const::{lambda()#7}::operator()() const::{lambda(float)#1}, std::array<char*, 2ul>)",1,743.8984375
208,256,relu4,"void at::native::vectorized_elementwise_kernel<4, at::native::(anonymous namespace)::launch_clamp_scalar(at::TensorIteratorBase&, c10::Scalar, c10::Scalar, at::native::detail::ClampLimits)::{lambda()#1}::operator()() const::{lambda()#7}::operator()() const::{lambda(float)#1}, std::array<char*, 2ul> >(int, at::native::(anonymous namespace)::launch_clamp_scalar(at::TensorIteratorBase&, c10::Scalar, c10::Scalar, at::native::detail::ClampLimits)::{lambda()#1}::operator()() const::{lambda()#7}::operator()() const::{lambda(float)#1}, std::array<char*, 2ul>)",1,1488.1787109375
208,256,relu5,"void at::native::vectorized_elementwise_kernel<4, at::native::(anonymous namespace)::launch_clamp_scalar(at::TensorIteratorBase&, c10::Scalar, c10::Scalar, at::native::detail::ClampLimits)::{lambda()#1}::operator()() const::{lambda()#7}::operator()() const::{lambda(float)#1}, std::array<char*, 2ul> >(int, at::native::(anonymous namespace)::launch_clamp_scalar(at::TensorIteratorBase&, c10::Scalar, c10::Scalar, at::native::detail::ClampLimits)::{lambda()#1}::operator()() const::{lambda()#7}::operator()() const::{lambda(float)#1}, std::array<char*, 2ul>)",1,364.701171875
208,256,relu6,"void at::native::vectorized_elementwise_kernel<4, at::native::(anonymous namespace)::launch_clamp_scalar(at::TensorIteratorBase&, c10::Scalar, c10::Scalar, at::native::detail::ClampLimits)::{lambda()#1}::operator()() const::{lambda()#7}::operator()() const::{lambda(float)#1}, std::array<char*, 2ul> >(int, at::native::(anonymous namespace)::launch_clamp_scalar(at::TensorIteratorBase&, c10::Scalar, c10::Scalar, at::native::detail::ClampLimits)::{lambda()#1}::operator()() const::{lambda()#7}::operator()() const::{lambda(float)#1}, std::array<char*, 2ul>)",1,739.2900390625
208,256,relu7,"void at::native::vectorized_elementwise_kernel<4, at::native::(anonymous namespace)::launch_clamp_scalar(at::TensorIteratorBase&, c10::Scalar, c10::Scalar, at::native::detail::ClampLimits)::{lambda()#1}::operator()() const::{lambda()#7}::operator()() const::{lambda(float)#1}, std::array<char*, 2ul> >(int, at::native::(anonymous namespace)::launch_clamp_scalar(at::TensorIteratorBase&, c10::Scalar, c10::Scalar, at::native::detail::ClampLimits)::{lambda()#1}::operator()() const::{lambda()#7}::operator()() const::{lambda(float)#1}, std::array<char*, 2ul>)",1,2.81640625
224,1,conv1_7x7_s2,_5x_cudnn_volta_scudnn_128x32_relu_medium_nn_v1,1,32.9912109375
224,1,conv1_7x7_s2,"void cask__5x_cudnn::computeOffsetsKernel<false, false>(cask__5x_cudnn::ComputeOffsetsParams)",1,1.8564453125
224,1,conv2_5x5,_5x_cudnn_volta_scudnn_128x32_sliced1x4_ldg4_relu_exp_medium_nhwc_tn_v1,1,88.3828125
224,1,conv2_5x5,"void cask__5x_cudnn::computeOffsetsKernel<false, false>(cask__5x_cudnn::ComputeOffsetsParams)",1,1.6318359375
224,1,conv2_5x5,"void cudnn::engines_precompiled::nchwToNhwcKernel<float, float, float, false, true, (cudnnKernelDataType_t)0>(cudnn::engines_precompiled::nchw2nhwc_params_t<float>, float const*, float*)",2,3.02392578125
224,1,conv2_5x5,"void cudnn::engines_precompiled::nhwcToNchwKernel<float, float, float, true, false, (cudnnKernelDataType_t)0>(cudnn::engines_precompiled::nhwc2nchw_params_t<float>, float const*, float*)",1,3.51953125
224,1,conv3_3x3_s2,_5x_cudnn_volta_scudnn_128x32_sliced1x4_ldg4_relu_exp_medium_nhwc_tn_v1,1,33.919921875
224,1,conv3_3x3_s2,"void cask__5x_cudnn::computeOffsetsKernel<false, false>(cask__5x_cudnn::ComputeOffsetsParams)",1,1.599609375
224,1,conv3_3x3_s2,"void cudnn::engines_precompiled::nchwToNhwcKernel<float, float, float, false, true, (cudnnKernelDataType_t)0>(cudnn::engines_precompiled::nchw2nhwc_params_t<float>, float const*, float*)",2,4.04736328125
224,1,conv3_3x3_s2,"void cudnn::engines_precompiled::nhwcToNchwKernel<float, float, float, true, false, (cudnnKernelDataType_t)0>(cudnn::engines_precompiled::nhwc2nchw_params_t<float>, float const*, float*)",1,2.3671875
224,1,conv4_1x1,volta_sgemm_128x64_nn,1,17.15234375
224,1,conv5_3x3_s2,_5x_cudnn_volta_scudnn_128x32_sliced1x4_ldg4_relu_exp_medium_nhwc_tn_v1,1,114.078125
224,1,conv5_3x3_s2,"void cask__5x_cudnn::computeOffsetsKernel<false, false>(cask__5x_cudnn::ComputeOffsetsParams)",1,1.759765625
224,1,conv5_3x3_s2,"void cudnn::engines_precompiled::nchwToNhwcKernel<float, float, float, false, true, (cudnnKernelDataType_t)0>(cudnn::engines_precompiled::nchw2nhwc_params_t<float>, float const*, float*)",2,12.8798828125
224,1,conv5_3x3_s2,"void cudnn::engines_precompiled::nhwcToNchwKernel<float, float, float, true, false, (cudnnKernelDataType_t)0>(cudnn::engines_precompiled::nhwc2nchw_params_t<float>, float const*, float*)",1,2.17578125
224,1,conv6_1x1,volta_sgemm_128x32_nn,1,21.6640625
224,1,fc1,"std::enable_if<!(false), void>::type internal::gemvx::kernel<int, int, float, float, float, float, false, true, true, false, 7, false, cublasGemvParamsEx<int, cublasGemvTensorStridedBatched<float const>, cublasGemvTensorStridedBatched<float const>, cublasGemvTensorStridedBatched<float>, float> >(cublasGemvParamsEx<int, cublasGemvTensorStridedBatched<float const>, cublasGemvTensorStridedBatched<float const>, cublasGemvTensorStridedBatched<float>, float>)",1,5.15234375
224,1,fc2,"std::enable_if<!(false), void>::type internal::gemvx::kernel<int, int, float, float, float, float, false, true, true, false, 7, false, cublasGemvParamsEx<int, cublasGemvTensorStridedBatched<float const>, cublasGemvTensorStridedBatched<float const>, cublasGemvTensorStridedBatched<float>, float> >(cublasGemvParamsEx<int, cublasGemvTensorStridedBatched<float const>, cublasGemvTensorStridedBatched<float const>, cublasGemvTensorStridedBatched<float>, float>)",1,3.3916015625
224,1,gap,"void at::native::reduce_kernel<512, 1, at::native::ReduceOp<float, at::native::MeanOps<float, float, float, float>, unsigned int, float, 4, 4> >(at::native::ReduceOp<float, at::native::MeanOps<float, float, float, float>, unsigned int, float, 4, 4>)",1,4.9599609375
224,1,maxpool1,"void at::native::(anonymous namespace)::max_pool_forward_nchw<float, int>(int, float const*, long, long, long, int, int, int, int, int, int, int, int, int, int, float*, long*)",1,9.15234375
224,1,relu1,"void at::native::vectorized_elementwise_kernel<4, at::native::(anonymous namespace)::launch_clamp_scalar(at::TensorIteratorBase&, c10::Scalar, c10::Scalar, at::native::detail::ClampLimits)::{lambda()#1}::operator()() const::{lambda()#7}::operator()() const::{lambda(float)#1}, std::array<char*, 2ul> >(int, at::native::(anonymous namespace)::launch_clamp_scalar(at::TensorIteratorBase&, c10::Scalar, c10::Scalar, at::native::detail::ClampLimits)::{lambda()#1}::operator()() const::{lambda()#7}::operator()() const::{lambda(float)#1}, std::array<char*, 2ul>)",1,3.583984375
224,1,relu2,"void at::native::vectorized_elementwise_kernel<4, at::native::(anonymous namespace)::launch_clamp_scalar(at::TensorIteratorBase&, c10::Scalar, c10::Scalar, at::native::detail::ClampLimits)::{lambda()#1}::operator()() const::{lambda()#7}::operator()() const::{lambda(float)#1}, std::array<char*, 2ul> >(int, at::native::(anonymous namespace)::launch_clamp_scalar(at::TensorIteratorBase&, c10::Scalar, c10::Scalar, at::native::detail::ClampLimits)::{lambda()#1}::operator()() const::{lambda()#7}::operator()() const::{lambda(float)#1}, std::array<char*, 2ul>)",1,2.431640625
224,1,relu3,"void at::native::vectorized_elementwise_kernel<4, at::native::(anonymous namespace)::launch_clamp_scalar(at::TensorIteratorBase&, c10::Scalar, c10::Scalar, at::native::detail::ClampLimits)::{lambda()#1}::operator()() const::{lambda()#7}::operator()() const::{lambda(float)#1}, std::array<char*, 2ul> >(int, at::native::(anonymous namespace)::launch_clamp_scalar(at::TensorIteratorBase&, c10::Scalar, c10::Scalar, at::native::detail::ClampLimits)::{lambda()#1}::operator()() const::{lambda()#7}::operator()() const::{lambda(float)#1}, std::array<char*, 2ul>)",1,1.9521484375
224,1,relu4,"void at::native::vectorized_elementwise_kernel<4, at::native::(anonymous namespace)::launch_clamp_scalar(at::TensorIteratorBase&, c10::Scalar, c10::Scalar, at::native::detail::ClampLimits)::{lambda()#1}::operator()() const::{lambda()#7}::operator()() const::{lambda(float)#1}, std::array<char*, 2ul> >(int, at::native::(anonymous namespace)::launch_clamp_scalar(at::TensorIteratorBase&, c10::Scalar, c10::Scalar, at::native::detail::ClampLimits)::{lambda()#1}::operator()() const::{lambda()#7}::operator()() const::{lambda(float)#1}, std::array<char*, 2ul>)",1,2.49609375
224,1,relu5,"void at::native::vectorized_elementwise_kernel<4, at::native::(anonymous namespace)::launch_clamp_scalar(at::TensorIteratorBase&, c10::Scalar, c10::Scalar, at::native::detail::ClampLimits)::{lambda()#1}::operator()() const::{lambda()#7}::operator()() const::{lambda(float)#1}, std::array<char*, 2ul> >(int, at::native::(anonymous namespace)::launch_clamp_scalar(at::TensorIteratorBase&, c10::Scalar, c10::Scalar, at::native::detail::ClampLimits)::{lambda()#1}::operator()() const::{lambda()#7}::operator()() const::{lambda(float)#1}, std::array<char*, 2ul>)",1,1.6318359375
224,1,relu6,"void at::native::vectorized_elementwise_kernel<4, at::native::(anonymous namespace)::launch_clamp_scalar(at::TensorIteratorBase&, c10::Scalar, c10::Scalar, at::native::detail::ClampLimits)::{lambda()#1}::operator()() const::{lambda()#7}::operator()() const::{lambda(float)#1}, std::array<char*, 2ul> >(int, at::native::(anonymous namespace)::launch_clamp_scalar(at::TensorIteratorBase&, c10::Scalar, c10::Scalar, at::native::detail::ClampLimits)::{lambda()#1}::operator()() const::{lambda()#7}::operator()() const::{lambda(float)#1}, std::array<char*, 2ul>)",1,2.2080078125
224,1,relu7,"void at::native::vectorized_elementwise_kernel<4, at::native::(anonymous namespace)::launch_clamp_scalar(at::TensorIteratorBase&, c10::Scalar, c10::Scalar, at::native::detail::ClampLimits)::{lambda()#1}::operator()() const::{lambda()#7}::operator()() const::{lambda(float)#1}, std::array<char*, 2ul> >(int, at::native::(anonymous namespace)::launch_clamp_scalar(at::TensorIteratorBase&, c10::Scalar, c10::Scalar, at::native::detail::ClampLimits)::{lambda()#1}::operator()() const::{lambda()#7}::operator()() const::{lambda(float)#1}, std::array<char*, 2ul>)",1,1.50390625
224,2,conv1_7x7_s2,_5x_cudnn_volta_scudnn_128x32_relu_medium_nn_v1,1,80.3505859375
224,2,conv1_7x7_s2,"void cask__5x_cudnn::computeOffsetsKernel<false, false>(cask__5x_cudnn::ComputeOffsetsParams)",1,2.4638671875
224,2,conv2_5x5,_5x_cudnn_volta_scudnn_128x32_sliced1x4_ldg4_relu_exp_medium_nhwc_tn_v1,1,167.7109375
224,2,conv2_5x5,"void cask__5x_cudnn::computeOffsetsKernel<false, false>(cask__5x_cudnn::ComputeOffsetsParams)",1,2.2080078125
224,2,conv2_5x5,"void cudnn::engines_precompiled::nchwToNhwcKernel<float, float, float, false, true, (cudnnKernelDataType_t)0>(cudnn::engines_precompiled::nchw2nhwc_params_t<float>, float const*, float*)",2,5.1201171875
224,2,conv2_5x5,"void cudnn::engines_precompiled::nhwcToNchwKernel<float, float, float, true, false, (cudnnKernelDataType_t)0>(cudnn::engines_precompiled::nhwc2nchw_params_t<float>, float const*, float*)",1,6.2724609375
224,2,conv3_3x3_s2,_5x_cudnn_volta_scudnn_128x64_relu_small_nn_v1,1,84.9912109375
224,2,conv3_3x3_s2,"void cask__5x_cudnn::computeOffsetsKernel<false, false>(cask__5x_cudnn::ComputeOffsetsParams)",1,2.1123046875
224,2,conv4_1x1,volta_sgemm_64x64_nn,1,36.3515625
224,2,conv5_3x3_s2,_5x_cudnn_volta_scudnn_128x32_sliced1x4_ldg4_relu_exp_medium_nhwc_tn_v1,1,148.8310546875
224,2,conv5_3x3_s2,"void cask__5x_cudnn::computeOffsetsKernel<false, false>(cask__5x_cudnn::ComputeOffsetsParams)",1,2.3681640625
224,2,conv5_3x3_s2,"void cudnn::engines_precompiled::nchwToNhwcKernel<float, float, float, false, true, (cudnnKernelDataType_t)0>(cudnn::engines_precompiled::nchw2nhwc_params_t<float>, float const*, float*)",2,16.35205078125
224,2,conv5_3x3_s2,"void cudnn::engines_precompiled::nhwcToNchwKernel<float, float, float, true, false, (cudnnKernelDataType_t)0>(cudnn::engines_precompiled::nhwc2nchw_params_t<float>, float const*, float*)",1,3.7119140625
224,2,conv6_1x1,_5x_cudnn_volta_scudnn_128x64_relu_small_nn_v1,1,43.5185546875
224,2,conv6_1x1,"void cask__5x_cudnn::computeOffsetsKernel<false, false>(cask__5x_cudnn::ComputeOffsetsParams)",1,2.1123046875
224,2,fc1,"void gemmSN_TN_kernel<float, 128, 16, 2, 4, 2, 2, true, cublasGemvTensorStridedBatched<float const>, cublasGemvTensorStridedBatched<float const>, cublasGemvTensorStridedBatched<float> >(cublasGemmSmallNParams<cublasGemvTensorStridedBatched<float const>, cublasGemvTensorStridedBatched<float const>, cublasGemvTensorStridedBatched<float>, float>)",1,6.7197265625
224,2,fc2,"void gemmSN_TN_kernel<float, 128, 16, 2, 4, 2, 2, true, cublasGemvTensorStridedBatched<float const>, cublasGemvTensorStridedBatched<float const>, cublasGemvTensorStridedBatched<float> >(cublasGemmSmallNParams<cublasGemvTensorStridedBatched<float const>, cublasGemvTensorStridedBatched<float const>, cublasGemvTensorStridedBatched<float>, float>)",1,4.1923828125
224,2,gap,"void at::native::reduce_kernel<512, 1, at::native::ReduceOp<float, at::native::MeanOps<float, float, float, float>, unsigned int, float, 4, 4> >(at::native::ReduceOp<float, at::native::MeanOps<float, float, float, float>, unsigned int, float, 4, 4>)",1,6.3681640625
224,2,maxpool1,"void at::native::(anonymous namespace)::max_pool_forward_nchw<float, int>(int, float const*, long, long, long, int, int, int, int, int, int, int, int, int, int, float*, long*)",1,24.4482421875
224,2,relu1,"void at::native::vectorized_elementwise_kernel<4, at::native::(anonymous namespace)::launch_clamp_scalar(at::TensorIteratorBase&, c10::Scalar, c10::Scalar, at::native::detail::ClampLimits)::{lambda()#1}::operator()() const::{lambda()#7}::operator()() const::{lambda(float)#1}, std::array<char*, 2ul> >(int, at::native::(anonymous namespace)::launch_clamp_scalar(at::TensorIteratorBase&, c10::Scalar, c10::Scalar, at::native::detail::ClampLimits)::{lambda()#1}::operator()() const::{lambda()#7}::operator()() const::{lambda(float)#1}, std::array<char*, 2ul>)",1,7.744140625
224,2,relu2,"void at::native::vectorized_elementwise_kernel<4, at::native::(anonymous namespace)::launch_clamp_scalar(at::TensorIteratorBase&, c10::Scalar, c10::Scalar, at::native::detail::ClampLimits)::{lambda()#1}::operator()() const::{lambda()#7}::operator()() const::{lambda(float)#1}, std::array<char*, 2ul> >(int, at::native::(anonymous namespace)::launch_clamp_scalar(at::TensorIteratorBase&, c10::Scalar, c10::Scalar, at::native::detail::ClampLimits)::{lambda()#1}::operator()() const::{lambda()#7}::operator()() const::{lambda(float)#1}, std::array<char*, 2ul>)",1,4.447265625
224,2,relu3,"void at::native::vectorized_elementwise_kernel<4, at::native::(anonymous namespace)::launch_clamp_scalar(at::TensorIteratorBase&, c10::Scalar, c10::Scalar, at::native::detail::ClampLimits)::{lambda()#1}::operator()() const::{lambda()#7}::operator()() const::{lambda(float)#1}, std::array<char*, 2ul> >(int, at::native::(anonymous namespace)::launch_clamp_scalar(at::TensorIteratorBase&, c10::Scalar, c10::Scalar, at::native::detail::ClampLimits)::{lambda()#1}::operator()() const::{lambda()#7}::operator()() const::{lambda(float)#1}, std::array<char*, 2ul>)",1,3.1357421875
224,2,relu4,"void at::native::vectorized_elementwise_kernel<4, at::native::(anonymous namespace)::launch_clamp_scalar(at::TensorIteratorBase&, c10::Scalar, c10::Scalar, at::native::detail::ClampLimits)::{lambda()#1}::operator()() const::{lambda()#7}::operator()() const::{lambda(float)#1}, std::array<char*, 2ul> >(int, at::native::(anonymous namespace)::launch_clamp_scalar(at::TensorIteratorBase&, c10::Scalar, c10::Scalar, at::native::detail::ClampLimits)::{lambda()#1}::operator()() const::{lambda()#7}::operator()() const::{lambda(float)#1}, std::array<char*, 2ul>)",1,4.51171875
224,2,relu5,"void at::native::vectorized_elementwise_kernel<4, at::native::(anonymous namespace)::launch_clamp_scalar(at::TensorIteratorBase&, c10::Scalar, c10::Scalar, at::native::detail::ClampLimits)::{lambda()#1}::operator()() const::{lambda()#7}::operator()() const::{lambda(float)#1}, std::array<char*, 2ul> >(int, at::native::(anonymous namespace)::launch_clamp_scalar(at::TensorIteratorBase&, c10::Scalar, c10::Scalar, at::native::detail::ClampLimits)::{lambda()#1}::operator()() const::{lambda()#7}::operator()() const::{lambda(float)#1}, std::array<char*, 2ul>)",1,2.6884765625
224,2,relu6,"void at::native::vectorized_elementwise_kernel<4, at::native::(anonymous namespace)::launch_clamp_scalar(at::TensorIteratorBase&, c10::Scalar, c10::Scalar, at::native::detail::ClampLimits)::{lambda()#1}::operator()() const::{lambda()#7}::operator()() const::{lambda(float)#1}, std::array<char*, 2ul> >(int, at::native::(anonymous namespace)::launch_clamp_scalar(at::TensorIteratorBase&, c10::Scalar, c10::Scalar, at::native::detail::ClampLimits)::{lambda()#1}::operator()() const::{lambda()#7}::operator()() const::{lambda(float)#1}, std::array<char*, 2ul>)",1,3.0078125
224,2,relu7,"void at::native::vectorized_elementwise_kernel<4, at::native::(anonymous namespace)::launch_clamp_scalar(at::TensorIteratorBase&, c10::Scalar, c10::Scalar, at::native::detail::ClampLimits)::{lambda()#1}::operator()() const::{lambda()#7}::operator()() const::{lambda(float)#1}, std::array<char*, 2ul> >(int, at::native::(anonymous namespace)::launch_clamp_scalar(at::TensorIteratorBase&, c10::Scalar, c10::Scalar, at::native::detail::ClampLimits)::{lambda()#1}::operator()() const::{lambda()#7}::operator()() const::{lambda(float)#1}, std::array<char*, 2ul>)",1,1.984375
224,4,conv1_7x7_s2,_5x_cudnn_volta_scudnn_128x32_relu_medium_nn_v1,1,134.7509765625
224,4,conv1_7x7_s2,"void cask__5x_cudnn::computeOffsetsKernel<false, false>(cask__5x_cudnn::ComputeOffsetsParams)",1,2.5595703125
224,4,conv2_5x5,_5x_cudnn_volta_scudnn_128x64_relu_xregs_large_nn_v1,1,294.6220703125
224,4,conv2_5x5,"void cask__5x_cudnn::computeOffsetsKernel<false, false>(cask__5x_cudnn::ComputeOffsetsParams)",1,2.431640625
224,4,conv3_3x3_s2,_5x_cudnn_volta_scudnn_128x64_relu_xregs_large_nn_v1,1,143.806640625
224,4,conv3_3x3_s2,"void cask__5x_cudnn::computeOffsetsKernel<false, false>(cask__5x_cudnn::ComputeOffsetsParams)",1,2.9755859375
224,4,conv4_1x1,_5x_cudnn_volta_scudnn_128x64_relu_small_nn_v1,1,58.3359375
224,4,conv4_1x1,"void cask__5x_cudnn::computeOffsetsKernel<false, false>(cask__5x_cudnn::ComputeOffsetsParams)",1,2.3037109375
224,4,conv5_3x3_s2,_5x_cudnn_volta_scudnn_128x64_relu_small_nn_v1,1,312.2216796875
224,4,conv5_3x3_s2,"void cask__5x_cudnn::computeOffsetsKernel<false, false>(cask__5x_cudnn::ComputeOffsetsParams)",1,2.3681640625
224,4,conv6_1x1,_5x_cudnn_volta_scudnn_128x64_relu_small_nn_v1,1,71.2626953125
224,4,conv6_1x1,"void cask__5x_cudnn::computeOffsetsKernel<false, false>(cask__5x_cudnn::ComputeOffsetsParams)",1,2.3037109375
224,4,fc1,"void gemmSN_TN_kernel<float, 128, 16, 2, 4, 4, 4, true, cublasGemvTensorStridedBatched<float const>, cublasGemvTensorStridedBatched<float const>, cublasGemvTensorStridedBatched<float> >(cublasGemmSmallNParams<cublasGemvTensorStridedBatched<float const>, cublasGemvTensorStridedBatched<float const>, cublasGemvTensorStridedBatched<float>, float>)",1,7.0078125
224,4,fc2,"void gemmSN_TN_kernel<float, 128, 16, 2, 4, 4, 4, true, cublasGemvTensorStridedBatched<float const>, cublasGemvTensorStridedBatched<float const>, cublasGemvTensorStridedBatched<float> >(cublasGemmSmallNParams<cublasGemvTensorStridedBatched<float const>, cublasGemvTensorStridedBatched<float const>, cublasGemvTensorStridedBatched<float>, float>)",1,3.8720703125
224,4,gap,"void at::native::reduce_kernel<512, 1, at::native::ReduceOp<float, at::native::MeanOps<float, float, float, float>, unsigned int, float, 4, 4> >(at::native::ReduceOp<float, at::native::MeanOps<float, float, float, float>, unsigned int, float, 4, 4>)",1,9.2802734375
224,4,maxpool1,"void at::native::(anonymous namespace)::max_pool_forward_nchw<float, int>(int, float const*, long, long, long, int, int, int, int, int, int, int, int, int, int, float*, long*)",1,54.49609375
224,4,relu1,"void at::native::vectorized_elementwise_kernel<4, at::native::(anonymous namespace)::launch_clamp_scalar(at::TensorIteratorBase&, c10::Scalar, c10::Scalar, at::native::detail::ClampLimits)::{lambda()#1}::operator()() const::{lambda()#7}::operator()() const::{lambda(float)#1}, std::array<char*, 2ul> >(int, at::native::(anonymous namespace)::launch_clamp_scalar(at::TensorIteratorBase&, c10::Scalar, c10::Scalar, at::native::detail::ClampLimits)::{lambda()#1}::operator()() const::{lambda()#7}::operator()() const::{lambda(float)#1}, std::array<char*, 2ul>)",1,54.7841796875
224,4,relu2,"void at::native::vectorized_elementwise_kernel<4, at::native::(anonymous namespace)::launch_clamp_scalar(at::TensorIteratorBase&, c10::Scalar, c10::Scalar, at::native::detail::ClampLimits)::{lambda()#1}::operator()() const::{lambda()#7}::operator()() const::{lambda(float)#1}, std::array<char*, 2ul> >(int, at::native::(anonymous namespace)::launch_clamp_scalar(at::TensorIteratorBase&, c10::Scalar, c10::Scalar, at::native::detail::ClampLimits)::{lambda()#1}::operator()() const::{lambda()#7}::operator()() const::{lambda(float)#1}, std::array<char*, 2ul>)",1,7.6484375
224,4,relu3,"void at::native::vectorized_elementwise_kernel<4, at::native::(anonymous namespace)::launch_clamp_scalar(at::TensorIteratorBase&, c10::Scalar, c10::Scalar, at::native::detail::ClampLimits)::{lambda()#1}::operator()() const::{lambda()#7}::operator()() const::{lambda(float)#1}, std::array<char*, 2ul> >(int, at::native::(anonymous namespace)::launch_clamp_scalar(at::TensorIteratorBase&, c10::Scalar, c10::Scalar, at::native::detail::ClampLimits)::{lambda()#1}::operator()() const::{lambda()#7}::operator()() const::{lambda(float)#1}, std::array<char*, 2ul>)",1,4.83203125
224,4,relu4,"void at::native::vectorized_elementwise_kernel<4, at::native::(anonymous namespace)::launch_clamp_scalar(at::TensorIteratorBase&, c10::Scalar, c10::Scalar, at::native::detail::ClampLimits)::{lambda()#1}::operator()() const::{lambda()#7}::operator()() const::{lambda(float)#1}, std::array<char*, 2ul> >(int, at::native::(anonymous namespace)::launch_clamp_scalar(at::TensorIteratorBase&, c10::Scalar, c10::Scalar, at::native::detail::ClampLimits)::{lambda()#1}::operator()() const::{lambda()#7}::operator()() const::{lambda(float)#1}, std::array<char*, 2ul>)",1,9.3115234375
224,4,relu5,"void at::native::vectorized_elementwise_kernel<4, at::native::(anonymous namespace)::launch_clamp_scalar(at::TensorIteratorBase&, c10::Scalar, c10::Scalar, at::native::detail::ClampLimits)::{lambda()#1}::operator()() const::{lambda()#7}::operator()() const::{lambda(float)#1}, std::array<char*, 2ul> >(int, at::native::(anonymous namespace)::launch_clamp_scalar(at::TensorIteratorBase&, c10::Scalar, c10::Scalar, at::native::detail::ClampLimits)::{lambda()#1}::operator()() const::{lambda()#7}::operator()() const::{lambda(float)#1}, std::array<char*, 2ul>)",1,3.1357421875
224,4,relu6,"void at::native::vectorized_elementwise_kernel<4, at::native::(anonymous namespace)::launch_clamp_scalar(at::TensorIteratorBase&, c10::Scalar, c10::Scalar, at::native::detail::ClampLimits)::{lambda()#1}::operator()() const::{lambda()#7}::operator()() const::{lambda(float)#1}, std::array<char*, 2ul> >(int, at::native::(anonymous namespace)::launch_clamp_scalar(at::TensorIteratorBase&, c10::Scalar, c10::Scalar, at::native::detail::ClampLimits)::{lambda()#1}::operator()() const::{lambda()#7}::operator()() const::{lambda(float)#1}, std::array<char*, 2ul>)",1,4.6083984375
224,4,relu7,"void at::native::vectorized_elementwise_kernel<4, at::native::(anonymous namespace)::launch_clamp_scalar(at::TensorIteratorBase&, c10::Scalar, c10::Scalar, at::native::detail::ClampLimits)::{lambda()#1}::operator()() const::{lambda()#7}::operator()() const::{lambda(float)#1}, std::array<char*, 2ul> >(int, at::native::(anonymous namespace)::launch_clamp_scalar(at::TensorIteratorBase&, c10::Scalar, c10::Scalar, at::native::detail::ClampLimits)::{lambda()#1}::operator()() const::{lambda()#7}::operator()() const::{lambda(float)#1}, std::array<char*, 2ul>)",1,1.759765625
224,8,conv1_7x7_s2,_5x_cudnn_volta_scudnn_128x32_relu_medium_nn_v1,1,292.6943359375
224,8,conv1_7x7_s2,"void cask__5x_cudnn::computeOffsetsKernel<false, false>(cask__5x_cudnn::ComputeOffsetsParams)",1,2.81640625
224,8,conv2_5x5,_5x_cudnn_volta_scudnn_128x64_relu_xregs_large_nn_v1,1,547.0224609375
224,8,conv2_5x5,"void cask__5x_cudnn::computeOffsetsKernel<false, false>(cask__5x_cudnn::ComputeOffsetsParams)",1,3.0400390625
224,8,conv3_3x3_s2,_5x_cudnn_volta_scudnn_128x64_relu_xregs_large_nn_v1,1,244.1201171875
224,8,conv3_3x3_s2,"void cask__5x_cudnn::computeOffsetsKernel<false, false>(cask__5x_cudnn::ComputeOffsetsParams)",1,3.0400390625
224,8,conv4_1x1,_5x_cudnn_volta_scudnn_128x64_relu_small_nn_v1,1,106.9716796875
224,8,conv4_1x1,"void cask__5x_cudnn::computeOffsetsKernel<false, false>(cask__5x_cudnn::ComputeOffsetsParams)",1,2.84765625
224,8,conv5_3x3_s2,_5x_cudnn_volta_scudnn_128x32_sliced1x4_ldg4_relu_exp_medium_nhwc_tn_v1,1,509.7109375
224,8,conv5_3x3_s2,"void cask__5x_cudnn::computeOffsetsKernel<false, false>(cask__5x_cudnn::ComputeOffsetsParams)",1,3.103515625
224,8,conv5_3x3_s2,"void cudnn::engines_precompiled::nchwToNhwcKernel<float, float, float, false, true, (cudnnKernelDataType_t)0>(cudnn::engines_precompiled::nchw2nhwc_params_t<float>, float const*, float*)",2,43.4384765625
224,8,conv5_3x3_s2,"void cudnn::engines_precompiled::nhwcToNchwKernel<float, float, float, true, false, (cudnnKernelDataType_t)0>(cudnn::engines_precompiled::nhwc2nchw_params_t<float>, float const*, float*)",1,10.2080078125
224,8,conv6_1x1,_5x_cudnn_volta_scudnn_128x128_relu_medium_nn_v1,1,145.435546875
224,8,conv6_1x1,"void cask__5x_cudnn::computeOffsetsKernel<false, false>(cask__5x_cudnn::ComputeOffsetsParams)",1,2.4638671875
224,8,fc1,"void gemmSN_TN_kernel<float, 128, 16, 2, 4, 8, 9, false, cublasGemvTensorStridedBatched<float const>, cublasGemvTensorStridedBatched<float const>, cublasGemvTensorStridedBatched<float> >(cublasGemmSmallNParams<cublasGemvTensorStridedBatched<float const>, cublasGemvTensorStridedBatched<float const>, cublasGemvTensorStridedBatched<float>, float>)",1,11.2626953125
224,8,fc2,"void gemmSN_TN_kernel<float, 128, 16, 2, 4, 8, 9, false, cublasGemvTensorStridedBatched<float const>, cublasGemvTensorStridedBatched<float const>, cublasGemvTensorStridedBatched<float> >(cublasGemmSmallNParams<cublasGemvTensorStridedBatched<float const>, cublasGemvTensorStridedBatched<float const>, cublasGemvTensorStridedBatched<float>, float>)",1,6.240234375
224,8,gap,"void at::native::reduce_kernel<512, 1, at::native::ReduceOp<float, at::native::MeanOps<float, float, float, float>, unsigned int, float, 4, 4> >(at::native::ReduceOp<float, at::native::MeanOps<float, float, float, float>, unsigned int, float, 4, 4>)",1,16.1923828125
224,8,maxpool1,"void at::native::(anonymous namespace)::max_pool_forward_nchw<float, int>(int, float const*, long, long, long, int, int, int, int, int, int, int, int, int, int, float*, long*)",1,107.484375
224,8,relu1,"void at::native::vectorized_elementwise_kernel<4, at::native::(anonymous namespace)::launch_clamp_scalar(at::TensorIteratorBase&, c10::Scalar, c10::Scalar, at::native::detail::ClampLimits)::{lambda()#1}::operator()() const::{lambda()#7}::operator()() const::{lambda(float)#1}, std::array<char*, 2ul> >(int, at::native::(anonymous namespace)::launch_clamp_scalar(at::TensorIteratorBase&, c10::Scalar, c10::Scalar, at::native::detail::ClampLimits)::{lambda()#1}::operator()() const::{lambda()#7}::operator()() const::{lambda(float)#1}, std::array<char*, 2ul>)",1,107.5166015625
224,8,relu2,"void at::native::vectorized_elementwise_kernel<4, at::native::(anonymous namespace)::launch_clamp_scalar(at::TensorIteratorBase&, c10::Scalar, c10::Scalar, at::native::detail::ClampLimits)::{lambda()#1}::operator()() const::{lambda()#7}::operator()() const::{lambda(float)#1}, std::array<char*, 2ul> >(int, at::native::(anonymous namespace)::launch_clamp_scalar(at::TensorIteratorBase&, c10::Scalar, c10::Scalar, at::native::detail::ClampLimits)::{lambda()#1}::operator()() const::{lambda()#7}::operator()() const::{lambda(float)#1}, std::array<char*, 2ul>)",1,54.173828125
224,8,relu3,"void at::native::vectorized_elementwise_kernel<4, at::native::(anonymous namespace)::launch_clamp_scalar(at::TensorIteratorBase&, c10::Scalar, c10::Scalar, at::native::detail::ClampLimits)::{lambda()#1}::operator()() const::{lambda()#7}::operator()() const::{lambda(float)#1}, std::array<char*, 2ul> >(int, at::native::(anonymous namespace)::launch_clamp_scalar(at::TensorIteratorBase&, c10::Scalar, c10::Scalar, at::native::detail::ClampLimits)::{lambda()#1}::operator()() const::{lambda()#7}::operator()() const::{lambda(float)#1}, std::array<char*, 2ul>)",1,12.22265625
224,8,relu4,"void at::native::vectorized_elementwise_kernel<4, at::native::(anonymous namespace)::launch_clamp_scalar(at::TensorIteratorBase&, c10::Scalar, c10::Scalar, at::native::detail::ClampLimits)::{lambda()#1}::operator()() const::{lambda()#7}::operator()() const::{lambda(float)#1}, std::array<char*, 2ul> >(int, at::native::(anonymous namespace)::launch_clamp_scalar(at::TensorIteratorBase&, c10::Scalar, c10::Scalar, at::native::detail::ClampLimits)::{lambda()#1}::operator()() const::{lambda()#7}::operator()() const::{lambda(float)#1}, std::array<char*, 2ul>)",1,50.8154296875
224,8,relu5,"void at::native::vectorized_elementwise_kernel<4, at::native::(anonymous namespace)::launch_clamp_scalar(at::TensorIteratorBase&, c10::Scalar, c10::Scalar, at::native::detail::ClampLimits)::{lambda()#1}::operator()() const::{lambda()#7}::operator()() const::{lambda(float)#1}, std::array<char*, 2ul> >(int, at::native::(anonymous namespace)::launch_clamp_scalar(at::TensorIteratorBase&, c10::Scalar, c10::Scalar, at::native::detail::ClampLimits)::{lambda()#1}::operator()() const::{lambda()#7}::operator()() const::{lambda(float)#1}, std::array<char*, 2ul>)",1,5.4072265625
224,8,relu6,"void at::native::vectorized_elementwise_kernel<4, at::native::(anonymous namespace)::launch_clamp_scalar(at::TensorIteratorBase&, c10::Scalar, c10::Scalar, at::native::detail::ClampLimits)::{lambda()#1}::operator()() const::{lambda()#7}::operator()() const::{lambda(float)#1}, std::array<char*, 2ul> >(int, at::native::(anonymous namespace)::launch_clamp_scalar(at::TensorIteratorBase&, c10::Scalar, c10::Scalar, at::native::detail::ClampLimits)::{lambda()#1}::operator()() const::{lambda()#7}::operator()() const::{lambda(float)#1}, std::array<char*, 2ul>)",1,10.591796875
224,8,relu7,"void at::native::vectorized_elementwise_kernel<4, at::native::(anonymous namespace)::launch_clamp_scalar(at::TensorIteratorBase&, c10::Scalar, c10::Scalar, at::native::detail::ClampLimits)::{lambda()#1}::operator()() const::{lambda()#7}::operator()() const::{lambda(float)#1}, std::array<char*, 2ul> >(int, at::native::(anonymous namespace)::launch_clamp_scalar(at::TensorIteratorBase&, c10::Scalar, c10::Scalar, at::native::detail::ClampLimits)::{lambda()#1}::operator()() const::{lambda()#7}::operator()() const::{lambda(float)#1}, std::array<char*, 2ul>)",1,2.015625
224,16,conv1_7x7_s2,_5x_cudnn_volta_scudnn_128x32_relu_medium_nn_v1,1,618.4248046875
224,16,conv1_7x7_s2,"void cask__5x_cudnn::computeOffsetsKernel<false, false>(cask__5x_cudnn::ComputeOffsetsParams)",1,3.0400390625
224,16,conv2_5x5,_5x_cudnn_volta_scudnn_128x64_relu_small_nn_v1,1,1172.8818359375
224,16,conv2_5x5,"void cask__5x_cudnn::computeOffsetsKernel<false, false>(cask__5x_cudnn::ComputeOffsetsParams)",1,3.328125
224,16,conv3_3x3_s2,_5x_cudnn_volta_scudnn_128x64_relu_xregs_large_nn_v1,1,447.7392578125
224,16,conv3_3x3_s2,"void cask__5x_cudnn::computeOffsetsKernel<false, false>(cask__5x_cudnn::ComputeOffsetsParams)",1,3.2001953125
224,16,conv4_1x1,_5x_cudnn_volta_scudnn_128x128_relu_medium_nn_v1,1,213.5009765625
224,16,conv4_1x1,"void cask__5x_cudnn::computeOffsetsKernel<false, false>(cask__5x_cudnn::ComputeOffsetsParams)",1,3.1357421875
224,16,conv5_3x3_s2,_5x_cudnn_volta_scudnn_128x64_relu_small_nn_v1,1,1047.8916015625
224,16,conv5_3x3_s2,"void cask__5x_cudnn::computeOffsetsKernel<false, false>(cask__5x_cudnn::ComputeOffsetsParams)",1,3.2958984375
224,16,conv6_1x1,_5x_cudnn_volta_scudnn_128x64_relu_small_nn_v1,1,212.0302734375
224,16,conv6_1x1,"void cask__5x_cudnn::computeOffsetsKernel<false, false>(cask__5x_cudnn::ComputeOffsetsParams)",1,2.81640625
224,16,fc1,"void gemmSN_TN_kernel<float, 128, 16, 2, 4, 8, 9, false, cublasGemvTensorStridedBatched<float const>, cublasGemvTensorStridedBatched<float const>, cublasGemvTensorStridedBatched<float> >(cublasGemmSmallNParams<cublasGemvTensorStridedBatched<float const>, cublasGemvTensorStridedBatched<float const>, cublasGemvTensorStridedBatched<float>, float>)",1,14.5283203125
224,16,fc2,"void gemmSN_TN_kernel<float, 128, 16, 2, 4, 8, 9, false, cublasGemvTensorStridedBatched<float const>, cublasGemvTensorStridedBatched<float const>, cublasGemvTensorStridedBatched<float> >(cublasGemmSmallNParams<cublasGemvTensorStridedBatched<float const>, cublasGemvTensorStridedBatched<float const>, cublasGemvTensorStridedBatched<float>, float>)",1,6.84765625
224,16,gap,"void at::native::reduce_kernel<512, 1, at::native::ReduceOp<float, at::native::MeanOps<float, float, float, float>, unsigned int, float, 4, 4> >(at::native::ReduceOp<float, at::native::MeanOps<float, float, float, float>, unsigned int, float, 4, 4>)",1,43.2314453125
224,16,maxpool1,"void at::native::(anonymous namespace)::max_pool_forward_nchw<float, int>(int, float const*, long, long, long, int, int, int, int, int, int, int, int, int, int, float*, long*)",1,219.677734375
224,16,relu1,"void at::native::vectorized_elementwise_kernel<4, at::native::(anonymous namespace)::launch_clamp_scalar(at::TensorIteratorBase&, c10::Scalar, c10::Scalar, at::native::detail::ClampLimits)::{lambda()#1}::operator()() const::{lambda()#7}::operator()() const::{lambda(float)#1}, std::array<char*, 2ul> >(int, at::native::(anonymous namespace)::launch_clamp_scalar(at::TensorIteratorBase&, c10::Scalar, c10::Scalar, at::native::detail::ClampLimits)::{lambda()#1}::operator()() const::{lambda()#7}::operator()() const::{lambda(float)#1}, std::array<char*, 2ul>)",1,216.4140625
224,16,relu2,"void at::native::vectorized_elementwise_kernel<4, at::native::(anonymous namespace)::launch_clamp_scalar(at::TensorIteratorBase&, c10::Scalar, c10::Scalar, at::native::detail::ClampLimits)::{lambda()#1}::operator()() const::{lambda()#7}::operator()() const::{lambda(float)#1}, std::array<char*, 2ul> >(int, at::native::(anonymous namespace)::launch_clamp_scalar(at::TensorIteratorBase&, c10::Scalar, c10::Scalar, at::native::detail::ClampLimits)::{lambda()#1}::operator()() const::{lambda()#7}::operator()() const::{lambda(float)#1}, std::array<char*, 2ul>)",1,107.4541015625
224,16,relu3,"void at::native::vectorized_elementwise_kernel<4, at::native::(anonymous namespace)::launch_clamp_scalar(at::TensorIteratorBase&, c10::Scalar, c10::Scalar, at::native::detail::ClampLimits)::{lambda()#1}::operator()() const::{lambda()#7}::operator()() const::{lambda(float)#1}, std::array<char*, 2ul> >(int, at::native::(anonymous namespace)::launch_clamp_scalar(at::TensorIteratorBase&, c10::Scalar, c10::Scalar, at::native::detail::ClampLimits)::{lambda()#1}::operator()() const::{lambda()#7}::operator()() const::{lambda(float)#1}, std::array<char*, 2ul>)",1,52.064453125
224,16,relu4,"void at::native::vectorized_elementwise_kernel<4, at::native::(anonymous namespace)::launch_clamp_scalar(at::TensorIteratorBase&, c10::Scalar, c10::Scalar, at::native::detail::ClampLimits)::{lambda()#1}::operator()() const::{lambda()#7}::operator()() const::{lambda(float)#1}, std::array<char*, 2ul> >(int, at::native::(anonymous namespace)::launch_clamp_scalar(at::TensorIteratorBase&, c10::Scalar, c10::Scalar, at::native::detail::ClampLimits)::{lambda()#1}::operator()() const::{lambda()#7}::operator()() const::{lambda(float)#1}, std::array<char*, 2ul>)",1,107.6474609375
224,16,relu5,"void at::native::vectorized_elementwise_kernel<4, at::native::(anonymous namespace)::launch_clamp_scalar(at::TensorIteratorBase&, c10::Scalar, c10::Scalar, at::native::detail::ClampLimits)::{lambda()#1}::operator()() const::{lambda()#7}::operator()() const::{lambda(float)#1}, std::array<char*, 2ul> >(int, at::native::(anonymous namespace)::launch_clamp_scalar(at::TensorIteratorBase&, c10::Scalar, c10::Scalar, at::native::detail::ClampLimits)::{lambda()#1}::operator()() const::{lambda()#7}::operator()() const::{lambda(float)#1}, std::array<char*, 2ul>)",1,15.904296875
224,16,relu6,"void at::native::vectorized_elementwise_kernel<4, at::native::(anonymous namespace)::launch_clamp_scalar(at::TensorIteratorBase&, c10::Scalar, c10::Scalar, at::native::detail::ClampLimits)::{lambda()#1}::operator()() const::{lambda()#7}::operator()() const::{lambda(float)#1}, std::array<char*, 2ul> >(int, at::native::(anonymous namespace)::launch_clamp_scalar(at::TensorIteratorBase&, c10::Scalar, c10::Scalar, at::native::detail::ClampLimits)::{lambda()#1}::operator()() const::{lambda()#7}::operator()() const::{lambda(float)#1}, std::array<char*, 2ul>)",1,48.798828125
224,16,relu7,"void at::native::vectorized_elementwise_kernel<4, at::native::(anonymous namespace)::launch_clamp_scalar(at::TensorIteratorBase&, c10::Scalar, c10::Scalar, at::native::detail::ClampLimits)::{lambda()#1}::operator()() const::{lambda()#7}::operator()() const::{lambda(float)#1}, std::array<char*, 2ul> >(int, at::native::(anonymous namespace)::launch_clamp_scalar(at::TensorIteratorBase&, c10::Scalar, c10::Scalar, at::native::detail::ClampLimits)::{lambda()#1}::operator()() const::{lambda()#7}::operator()() const::{lambda(float)#1}, std::array<char*, 2ul>)",1,2.6240234375
224,32,conv1_7x7_s2,_5x_cudnn_volta_scudnn_128x32_relu_medium_nn_v1,1,1189.205078125
224,32,conv1_7x7_s2,"void cask__5x_cudnn::computeOffsetsKernel<false, false>(cask__5x_cudnn::ComputeOffsetsParams)",1,3.1357421875
224,32,conv2_5x5,"void cudnn::winograd_nonfused::winogradForwardData9x9_5x5<float, float>(cudnn::winograd_nonfused::WinogradDataParams<float, float>)",1,578.970703125
224,32,conv2_5x5,"void cudnn::winograd_nonfused::winogradForwardFilter9x9_5x5<float, float>(cudnn::winograd_nonfused::WinogradFilterParams<float, float>)",1,9.82421875
224,32,conv2_5x5,"void cudnn::winograd_nonfused::winogradForwardOutput9x9_5x5<float, float>(cudnn::winograd_nonfused::WinogradOutputParams<float, float>)",1,795.544921875
224,32,conv2_5x5,volta_sgemm_128x64_nn,1,503.70703125
224,32,conv3_3x3_s2,_5x_cudnn_volta_scudnn_128x64_relu_xregs_large_nn_v1,1,850.935546875
224,32,conv3_3x3_s2,"void cask__5x_cudnn::computeOffsetsKernel<false, false>(cask__5x_cudnn::ComputeOffsetsParams)",1,3.3603515625
224,32,conv4_1x1,_5x_cudnn_volta_scudnn_128x64_relu_small_nn_v1,1,422.0771484375
224,32,conv4_1x1,"void cask__5x_cudnn::computeOffsetsKernel<false, false>(cask__5x_cudnn::ComputeOffsetsParams)",1,3.072265625
224,32,conv5_3x3_s2,_5x_cudnn_volta_scudnn_128x64_relu_xregs_large_nn_v1,1,1686.033203125
224,32,conv5_3x3_s2,"void cask__5x_cudnn::computeOffsetsKernel<false, false>(cask__5x_cudnn::ComputeOffsetsParams)",1,3.1357421875
224,32,conv6_1x1,_5x_cudnn_volta_scudnn_128x128_relu_medium_nn_v1,1,386.2373046875
224,32,conv6_1x1,"void cask__5x_cudnn::computeOffsetsKernel<false, false>(cask__5x_cudnn::ComputeOffsetsParams)",1,3.16796875
224,32,fc1,"void cublasLt::splitKreduce_kernel<32, 16, int, float, float, float, float, false, float, float, float, true, true, false>(cublasLt::cublasSplitKParams<float>, float const*, float const*, float*, float*, float const*, float const*, float const*, float const*, float*, void*, long, float*, int*, float*, float*, float const*, float const*, float const*, float const*, float const*)",1,3.806640625
224,32,fc1,volta_sgemm_64x32_sliced1x4_tn,1,13.919921875
224,32,fc2,volta_sgemm_32x32_sliced1x4_tn,1,15.8720703125
224,32,gap,"void at::native::reduce_kernel<512, 1, at::native::ReduceOp<float, at::native::MeanOps<float, float, float, float>, unsigned int, float, 4, 4> >(at::native::ReduceOp<float, at::native::MeanOps<float, float, float, float>, unsigned int, float, 4, 4>)",1,71.4560546875
224,32,maxpool1,"void at::native::(anonymous namespace)::max_pool_forward_nchw<float, int>(int, float const*, long, long, long, int, int, int, int, int, int, int, int, int, int, float*, long*)",1,423.6767578125
224,32,relu1,"void at::native::vectorized_elementwise_kernel<4, at::native::(anonymous namespace)::launch_clamp_scalar(at::TensorIteratorBase&, c10::Scalar, c10::Scalar, at::native::detail::ClampLimits)::{lambda()#1}::operator()() const::{lambda()#7}::operator()() const::{lambda(float)#1}, std::array<char*, 2ul> >(int, at::native::(anonymous namespace)::launch_clamp_scalar(at::TensorIteratorBase&, c10::Scalar, c10::Scalar, at::native::detail::ClampLimits)::{lambda()#1}::operator()() const::{lambda()#7}::operator()() const::{lambda(float)#1}, std::array<char*, 2ul>)",1,425.98046875
224,32,relu2,"void at::native::vectorized_elementwise_kernel<4, at::native::(anonymous namespace)::launch_clamp_scalar(at::TensorIteratorBase&, c10::Scalar, c10::Scalar, at::native::detail::ClampLimits)::{lambda()#1}::operator()() const::{lambda()#7}::operator()() const::{lambda(float)#1}, std::array<char*, 2ul> >(int, at::native::(anonymous namespace)::launch_clamp_scalar(at::TensorIteratorBase&, c10::Scalar, c10::Scalar, at::native::detail::ClampLimits)::{lambda()#1}::operator()() const::{lambda()#7}::operator()() const::{lambda(float)#1}, std::array<char*, 2ul>)",1,209.853515625
224,32,relu3,"void at::native::vectorized_elementwise_kernel<4, at::native::(anonymous namespace)::launch_clamp_scalar(at::TensorIteratorBase&, c10::Scalar, c10::Scalar, at::native::detail::ClampLimits)::{lambda()#1}::operator()() const::{lambda()#7}::operator()() const::{lambda(float)#1}, std::array<char*, 2ul> >(int, at::native::(anonymous namespace)::launch_clamp_scalar(at::TensorIteratorBase&, c10::Scalar, c10::Scalar, at::native::detail::ClampLimits)::{lambda()#1}::operator()() const::{lambda()#7}::operator()() const::{lambda(float)#1}, std::array<char*, 2ul>)",1,106.3671875
224,32,relu4,"void at::native::vectorized_elementwise_kernel<4, at::native::(anonymous namespace)::launch_clamp_scalar(at::TensorIteratorBase&, c10::Scalar, c10::Scalar, at::native::detail::ClampLimits)::{lambda()#1}::operator()() const::{lambda()#7}::operator()() const::{lambda(float)#1}, std::array<char*, 2ul> >(int, at::native::(anonymous namespace)::launch_clamp_scalar(at::TensorIteratorBase&, c10::Scalar, c10::Scalar, at::native::detail::ClampLimits)::{lambda()#1}::operator()() const::{lambda()#7}::operator()() const::{lambda(float)#1}, std::array<char*, 2ul>)",1,215.4541015625
224,32,relu5,"void at::native::vectorized_elementwise_kernel<4, at::native::(anonymous namespace)::launch_clamp_scalar(at::TensorIteratorBase&, c10::Scalar, c10::Scalar, at::native::detail::ClampLimits)::{lambda()#1}::operator()() const::{lambda()#7}::operator()() const::{lambda(float)#1}, std::array<char*, 2ul> >(int, at::native::(anonymous namespace)::launch_clamp_scalar(at::TensorIteratorBase&, c10::Scalar, c10::Scalar, at::native::detail::ClampLimits)::{lambda()#1}::operator()() const::{lambda()#7}::operator()() const::{lambda(float)#1}, std::array<char*, 2ul>)",1,49.1201171875
224,32,relu6,"void at::native::vectorized_elementwise_kernel<4, at::native::(anonymous namespace)::launch_clamp_scalar(at::TensorIteratorBase&, c10::Scalar, c10::Scalar, at::native::detail::ClampLimits)::{lambda()#1}::operator()() const::{lambda()#7}::operator()() const::{lambda(float)#1}, std::array<char*, 2ul> >(int, at::native::(anonymous namespace)::launch_clamp_scalar(at::TensorIteratorBase&, c10::Scalar, c10::Scalar, at::native::detail::ClampLimits)::{lambda()#1}::operator()() const::{lambda()#7}::operator()() const::{lambda(float)#1}, std::array<char*, 2ul>)",1,109.6630859375
224,32,relu7,"void at::native::vectorized_elementwise_kernel<4, at::native::(anonymous namespace)::launch_clamp_scalar(at::TensorIteratorBase&, c10::Scalar, c10::Scalar, at::native::detail::ClampLimits)::{lambda()#1}::operator()() const::{lambda()#7}::operator()() const::{lambda(float)#1}, std::array<char*, 2ul> >(int, at::native::(anonymous namespace)::launch_clamp_scalar(at::TensorIteratorBase&, c10::Scalar, c10::Scalar, at::native::detail::ClampLimits)::{lambda()#1}::operator()() const::{lambda()#7}::operator()() const::{lambda(float)#1}, std::array<char*, 2ul>)",1,2.2724609375
224,64,conv1_7x7_s2,_5x_cudnn_volta_scudnn_128x32_relu_medium_nn_v1,1,2548.80859375
224,64,conv1_7x7_s2,"void cask__5x_cudnn::computeOffsetsKernel<false, false>(cask__5x_cudnn::ComputeOffsetsParams)",1,3.2001953125
224,64,conv2_5x5,"void cudnn::winograd_nonfused::winogradForwardData9x9_5x5<float, float>(cudnn::winograd_nonfused::WinogradDataParams<float, float>)",1,1151.541015625
224,64,conv2_5x5,"void cudnn::winograd_nonfused::winogradForwardFilter9x9_5x5<float, float>(cudnn::winograd_nonfused::WinogradFilterParams<float, float>)",1,9.18359375
224,64,conv2_5x5,"void cudnn::winograd_nonfused::winogradForwardOutput9x9_5x5<float, float>(cudnn::winograd_nonfused::WinogradOutputParams<float, float>)",1,1518.6416015625
224,64,conv2_5x5,volta_sgemm_128x64_nn,1,962.5517578125
224,64,conv3_3x3_s2,_5x_cudnn_volta_scudnn_128x64_relu_xregs_large_nn_v1,1,1579.9228515625
224,64,conv3_3x3_s2,"void cask__5x_cudnn::computeOffsetsKernel<false, false>(cask__5x_cudnn::ComputeOffsetsParams)",1,3.0390625
224,64,conv4_1x1,_5x_cudnn_volta_scudnn_128x64_relu_small_nn_v1,1,780.6328125
224,64,conv4_1x1,"void cask__5x_cudnn::computeOffsetsKernel<false, false>(cask__5x_cudnn::ComputeOffsetsParams)",1,2.912109375
224,64,conv5_3x3_s2,_5x_cudnn_volta_scudnn_128x128_relu_medium_nn_v1,1,2949.25390625
224,64,conv5_3x3_s2,"void cask__5x_cudnn::computeOffsetsKernel<false, false>(cask__5x_cudnn::ComputeOffsetsParams)",1,3.0078125
224,64,conv6_1x1,_5x_cudnn_volta_scudnn_128x128_relu_medium_nn_v1,1,718.841796875
224,64,conv6_1x1,"void cask__5x_cudnn::computeOffsetsKernel<false, false>(cask__5x_cudnn::ComputeOffsetsParams)",1,3.0078125
224,64,fc1,"void cublasLt::splitKreduce_kernel<32, 16, int, float, float, float, float, false, float, float, float, true, true, false>(cublasLt::cublasSplitKParams<float>, float const*, float const*, float*, float*, float const*, float const*, float const*, float const*, float*, void*, long, float*, int*, float*, float*, float const*, float const*, float const*, float const*, float const*)",1,3.51953125
224,64,fc1,volta_sgemm_64x32_sliced1x4_tn,1,15.328125
224,64,fc2,volta_sgemm_32x32_sliced1x4_tn,1,14.9755859375
224,64,gap,"void at::native::reduce_kernel<512, 1, at::native::ReduceOp<float, at::native::MeanOps<float, float, float, float>, unsigned int, float, 4, 4> >(at::native::ReduceOp<float, at::native::MeanOps<float, float, float, float>, unsigned int, float, 4, 4>)",1,117.7265625
224,64,maxpool1,"void at::native::(anonymous namespace)::max_pool_forward_nchw<float, int>(int, float const*, long, long, long, int, int, int, int, int, int, int, int, int, int, float*, long*)",1,886.7451171875
224,64,relu1,"void at::native::vectorized_elementwise_kernel<4, at::native::(anonymous namespace)::launch_clamp_scalar(at::TensorIteratorBase&, c10::Scalar, c10::Scalar, at::native::detail::ClampLimits)::{lambda()#1}::operator()() const::{lambda()#7}::operator()() const::{lambda(float)#1}, std::array<char*, 2ul> >(int, at::native::(anonymous namespace)::launch_clamp_scalar(at::TensorIteratorBase&, c10::Scalar, c10::Scalar, at::native::detail::ClampLimits)::{lambda()#1}::operator()() const::{lambda()#7}::operator()() const::{lambda(float)#1}, std::array<char*, 2ul>)",1,855.4169921875
224,64,relu2,"void at::native::vectorized_elementwise_kernel<4, at::native::(anonymous namespace)::launch_clamp_scalar(at::TensorIteratorBase&, c10::Scalar, c10::Scalar, at::native::detail::ClampLimits)::{lambda()#1}::operator()() const::{lambda()#7}::operator()() const::{lambda(float)#1}, std::array<char*, 2ul> >(int, at::native::(anonymous namespace)::launch_clamp_scalar(at::TensorIteratorBase&, c10::Scalar, c10::Scalar, at::native::detail::ClampLimits)::{lambda()#1}::operator()() const::{lambda()#7}::operator()() const::{lambda(float)#1}, std::array<char*, 2ul>)",1,425.5009765625
224,64,relu3,"void at::native::vectorized_elementwise_kernel<4, at::native::(anonymous namespace)::launch_clamp_scalar(at::TensorIteratorBase&, c10::Scalar, c10::Scalar, at::native::detail::ClampLimits)::{lambda()#1}::operator()() const::{lambda()#7}::operator()() const::{lambda(float)#1}, std::array<char*, 2ul> >(int, at::native::(anonymous namespace)::launch_clamp_scalar(at::TensorIteratorBase&, c10::Scalar, c10::Scalar, at::native::detail::ClampLimits)::{lambda()#1}::operator()() const::{lambda()#7}::operator()() const::{lambda(float)#1}, std::array<char*, 2ul>)",1,215.3896484375
224,64,relu4,"void at::native::vectorized_elementwise_kernel<4, at::native::(anonymous namespace)::launch_clamp_scalar(at::TensorIteratorBase&, c10::Scalar, c10::Scalar, at::native::detail::ClampLimits)::{lambda()#1}::operator()() const::{lambda()#7}::operator()() const::{lambda(float)#1}, std::array<char*, 2ul> >(int, at::native::(anonymous namespace)::launch_clamp_scalar(at::TensorIteratorBase&, c10::Scalar, c10::Scalar, at::native::detail::ClampLimits)::{lambda()#1}::operator()() const::{lambda()#7}::operator()() const::{lambda(float)#1}, std::array<char*, 2ul>)",1,431.1962890625
224,64,relu5,"void at::native::vectorized_elementwise_kernel<4, at::native::(anonymous namespace)::launch_clamp_scalar(at::TensorIteratorBase&, c10::Scalar, c10::Scalar, at::native::detail::ClampLimits)::{lambda()#1}::operator()() const::{lambda()#7}::operator()() const::{lambda(float)#1}, std::array<char*, 2ul> >(int, at::native::(anonymous namespace)::launch_clamp_scalar(at::TensorIteratorBase&, c10::Scalar, c10::Scalar, at::native::detail::ClampLimits)::{lambda()#1}::operator()() const::{lambda()#7}::operator()() const::{lambda(float)#1}, std::array<char*, 2ul>)",1,106.6865234375
224,64,relu6,"void at::native::vectorized_elementwise_kernel<4, at::native::(anonymous namespace)::launch_clamp_scalar(at::TensorIteratorBase&, c10::Scalar, c10::Scalar, at::native::detail::ClampLimits)::{lambda()#1}::operator()() const::{lambda()#7}::operator()() const::{lambda(float)#1}, std::array<char*, 2ul> >(int, at::native::(anonymous namespace)::launch_clamp_scalar(at::TensorIteratorBase&, c10::Scalar, c10::Scalar, at::native::detail::ClampLimits)::{lambda()#1}::operator()() const::{lambda()#7}::operator()() const::{lambda(float)#1}, std::array<char*, 2ul>)",1,215.421875
224,64,relu7,"void at::native::vectorized_elementwise_kernel<4, at::native::(anonymous namespace)::launch_clamp_scalar(at::TensorIteratorBase&, c10::Scalar, c10::Scalar, at::native::detail::ClampLimits)::{lambda()#1}::operator()() const::{lambda()#7}::operator()() const::{lambda(float)#1}, std::array<char*, 2ul> >(int, at::native::(anonymous namespace)::launch_clamp_scalar(at::TensorIteratorBase&, c10::Scalar, c10::Scalar, at::native::detail::ClampLimits)::{lambda()#1}::operator()() const::{lambda()#7}::operator()() const::{lambda(float)#1}, std::array<char*, 2ul>)",1,2.1123046875
224,111,conv1_7x7_s2,"void fft2d_c2r_32x32<float, true, false, 0u, false, false>(float*, float2 const*, int, int, int, int, int, int, int, int, int, float, float, cudnn::reduced_divisor, bool, float*, float*, int2, cudnnActivationStruct, int, int)",161,154.77938785908384
224,111,conv1_7x7_s2,"void fft2d_r2c_32x32<float, false, 0u, false>(float2*, float const*, int, int, int, int, int, int, int, int, int, cudnn::reduced_divisor, bool, int2, int, int)",161,37.114482239906835
224,111,conv1_7x7_s2,"void fft2d_r2c_32x32<float, false, 1u, true>(float2*, float const*, int, int, int, int, int, int, int, int, int, cudnn::reduced_divisor, bool, int2, int, int)",1,15.5517578125
224,111,conv1_7x7_s2,volta_gcgemm_32x32_nt,160,123.05613403320312
224,111,conv2_5x5,"void cudnn::winograd_nonfused::winogradForwardData9x9_5x5<float, float>(cudnn::winograd_nonfused::WinogradDataParams<float, float>)",1,1894.1259765625
224,111,conv2_5x5,"void cudnn::winograd_nonfused::winogradForwardFilter9x9_5x5<float, float>(cudnn::winograd_nonfused::WinogradFilterParams<float, float>)",1,9.568359375
224,111,conv2_5x5,"void cudnn::winograd_nonfused::winogradForwardOutput9x9_5x5<float, float>(cudnn::winograd_nonfused::WinogradOutputParams<float, float>)",1,2726.2138671875
224,111,conv2_5x5,volta_sgemm_128x64_nn,1,1777.16796875
224,111,conv3_3x3_s2,_5x_cudnn_volta_scudnn_128x64_relu_xregs_large_nn_v1,1,2844.23046875
224,111,conv3_3x3_s2,"void cask__5x_cudnn::computeOffsetsKernel<false, false>(cask__5x_cudnn::ComputeOffsetsParams)",1,3.103515625
224,111,conv4_1x1,_5x_cudnn_volta_scudnn_128x64_relu_small_nn_v1,1,1388.564453125
224,111,conv4_1x1,"void cask__5x_cudnn::computeOffsetsKernel<false, false>(cask__5x_cudnn::ComputeOffsetsParams)",1,3.0400390625
224,111,conv5_3x3_s2,_5x_cudnn_volta_scudnn_128x128_relu_medium_nn_v1,1,5595.5009765625
224,111,conv5_3x3_s2,"void cask__5x_cudnn::computeOffsetsKernel<false, false>(cask__5x_cudnn::ComputeOffsetsParams)",1,3.16796875
224,111,conv6_1x1,_5x_cudnn_volta_scudnn_128x128_relu_medium_nn_v1,1,1278.900390625
224,111,conv6_1x1,"void cask__5x_cudnn::computeOffsetsKernel<false, false>(cask__5x_cudnn::ComputeOffsetsParams)",1,3.103515625
224,111,fc1,"void cublasLt::splitKreduce_kernel<32, 16, int, float, float, float, float, false, float, float, float, true, true, false>(cublasLt::cublasSplitKParams<float>, float const*, float const*, float*, float*, float const*, float const*, float const*, float const*, float*, void*, long, float*, int*, float*, float*, float const*, float const*, float const*, float const*, float const*)",1,4.1279296875
224,111,fc1,volta_sgemm_128x32_tn,1,21.8564453125
224,111,fc2,"void cublasLt::splitKreduce_kernel<32, 16, int, float, float, float, float, false, float, float, float, true, true, false>(cublasLt::cublasSplitKParams<float>, float const*, float const*, float*, float*, float const*, float const*, float const*, float const*, float*, void*, long, float*, int*, float*, float*, float const*, float const*, float const*, float const*, float const*)",1,3.2958984375
224,111,fc2,volta_sgemm_128x32_tn,1,10.7841796875
224,111,gap,"void at::native::reduce_kernel<512, 1, at::native::ReduceOp<float, at::native::MeanOps<float, float, float, float>, unsigned int, float, 4, 4> >(at::native::ReduceOp<float, at::native::MeanOps<float, float, float, float>, unsigned int, float, 4, 4>)",1,189.7900390625
224,111,maxpool1,"void at::native::(anonymous namespace)::max_pool_forward_nchw<float, int>(int, float const*, long, long, long, int, int, int, int, int, int, int, int, int, int, float*, long*)",1,1445.619140625
224,111,relu1,"void at::native::vectorized_elementwise_kernel<4, at::native::(anonymous namespace)::launch_clamp_scalar(at::TensorIteratorBase&, c10::Scalar, c10::Scalar, at::native::detail::ClampLimits)::{lambda()#1}::operator()() const::{lambda()#7}::operator()() const::{lambda(float)#1}, std::array<char*, 2ul> >(int, at::native::(anonymous namespace)::launch_clamp_scalar(at::TensorIteratorBase&, c10::Scalar, c10::Scalar, at::native::detail::ClampLimits)::{lambda()#1}::operator()() const::{lambda()#7}::operator()() const::{lambda(float)#1}, std::array<char*, 2ul>)",1,1486.3857421875
224,111,relu2,"void at::native::vectorized_elementwise_kernel<4, at::native::(anonymous namespace)::launch_clamp_scalar(at::TensorIteratorBase&, c10::Scalar, c10::Scalar, at::native::detail::ClampLimits)::{lambda()#1}::operator()() const::{lambda()#7}::operator()() const::{lambda(float)#1}, std::array<char*, 2ul> >(int, at::native::(anonymous namespace)::launch_clamp_scalar(at::TensorIteratorBase&, c10::Scalar, c10::Scalar, at::native::detail::ClampLimits)::{lambda()#1}::operator()() const::{lambda()#7}::operator()() const::{lambda(float)#1}, std::array<char*, 2ul>)",1,744.8583984375
224,111,relu3,"void at::native::vectorized_elementwise_kernel<4, at::native::(anonymous namespace)::launch_clamp_scalar(at::TensorIteratorBase&, c10::Scalar, c10::Scalar, at::native::detail::ClampLimits)::{lambda()#1}::operator()() const::{lambda()#7}::operator()() const::{lambda(float)#1}, std::array<char*, 2ul> >(int, at::native::(anonymous namespace)::launch_clamp_scalar(at::TensorIteratorBase&, c10::Scalar, c10::Scalar, at::native::detail::ClampLimits)::{lambda()#1}::operator()() const::{lambda()#7}::operator()() const::{lambda(float)#1}, std::array<char*, 2ul>)",1,372.251953125
224,111,relu4,"void at::native::vectorized_elementwise_kernel<4, at::native::(anonymous namespace)::launch_clamp_scalar(at::TensorIteratorBase&, c10::Scalar, c10::Scalar, at::native::detail::ClampLimits)::{lambda()#1}::operator()() const::{lambda()#7}::operator()() const::{lambda(float)#1}, std::array<char*, 2ul> >(int, at::native::(anonymous namespace)::launch_clamp_scalar(at::TensorIteratorBase&, c10::Scalar, c10::Scalar, at::native::detail::ClampLimits)::{lambda()#1}::operator()() const::{lambda()#7}::operator()() const::{lambda(float)#1}, std::array<char*, 2ul>)",1,742.2646484375
224,111,relu5,"void at::native::vectorized_elementwise_kernel<4, at::native::(anonymous namespace)::launch_clamp_scalar(at::TensorIteratorBase&, c10::Scalar, c10::Scalar, at::native::detail::ClampLimits)::{lambda()#1}::operator()() const::{lambda()#7}::operator()() const::{lambda(float)#1}, std::array<char*, 2ul> >(int, at::native::(anonymous namespace)::launch_clamp_scalar(at::TensorIteratorBase&, c10::Scalar, c10::Scalar, at::native::detail::ClampLimits)::{lambda()#1}::operator()() const::{lambda()#7}::operator()() const::{lambda(float)#1}, std::array<char*, 2ul>)",1,184.8623046875
224,111,relu6,"void at::native::vectorized_elementwise_kernel<4, at::native::(anonymous namespace)::launch_clamp_scalar(at::TensorIteratorBase&, c10::Scalar, c10::Scalar, at::native::detail::ClampLimits)::{lambda()#1}::operator()() const::{lambda()#7}::operator()() const::{lambda(float)#1}, std::array<char*, 2ul> >(int, at::native::(anonymous namespace)::launch_clamp_scalar(at::TensorIteratorBase&, c10::Scalar, c10::Scalar, at::native::detail::ClampLimits)::{lambda()#1}::operator()() const::{lambda()#7}::operator()() const::{lambda(float)#1}, std::array<char*, 2ul>)",1,372.5732421875
224,111,relu7,"void at::native::vectorized_elementwise_kernel<4, at::native::(anonymous namespace)::launch_clamp_scalar(at::TensorIteratorBase&, c10::Scalar, c10::Scalar, at::native::detail::ClampLimits)::{lambda()#1}::operator()() const::{lambda()#7}::operator()() const::{lambda(float)#1}, std::array<char*, 2ul> >(int, at::native::(anonymous namespace)::launch_clamp_scalar(at::TensorIteratorBase&, c10::Scalar, c10::Scalar, at::native::detail::ClampLimits)::{lambda()#1}::operator()() const::{lambda()#7}::operator()() const::{lambda(float)#1}, std::array<char*, 2ul>)",1,2.5283203125
224,128,conv1_7x7_s2,"void fft2d_c2r_32x32<float, true, false, 0u, false, false>(float*, float2 const*, int, int, int, int, int, int, int, int, int, float, float, cudnn::reduced_divisor, bool, float*, float*, int2, cudnnActivationStruct, int, int)",161,177.3756793478261
224,128,conv1_7x7_s2,"void fft2d_r2c_32x32<float, false, 0u, false>(float2*, float const*, int, int, int, int, int, int, int, int, int, cudnn::reduced_divisor, bool, int2, int, int)",161,40.84751674107143
224,128,conv1_7x7_s2,"void fft2d_r2c_32x32<float, false, 1u, true>(float2*, float const*, int, int, int, int, int, int, int, int, int, cudnn::reduced_divisor, bool, int2, int, int)",1,15.7763671875
224,128,conv1_7x7_s2,volta_gcgemm_32x32_nt,160,131.49197387695312
224,128,conv2_5x5,"void cudnn::winograd_nonfused::winogradForwardData9x9_5x5<float, float>(cudnn::winograd_nonfused::WinogradDataParams<float, float>)",1,2136.876953125
224,128,conv2_5x5,"void cudnn::winograd_nonfused::winogradForwardFilter9x9_5x5<float, float>(cudnn::winograd_nonfused::WinogradFilterParams<float, float>)",1,8.9921875
224,128,conv2_5x5,"void cudnn::winograd_nonfused::winogradForwardOutput9x9_5x5<float, float>(cudnn::winograd_nonfused::WinogradOutputParams<float, float>)",1,2986.0849609375
224,128,conv2_5x5,volta_sgemm_128x64_nn,1,1895.119140625
224,128,conv3_3x3_s2,_5x_cudnn_volta_scudnn_128x64_relu_xregs_large_nn_v1,1,3048.9013671875
224,128,conv3_3x3_s2,"void cask__5x_cudnn::computeOffsetsKernel<false, false>(cask__5x_cudnn::ComputeOffsetsParams)",1,2.912109375
224,128,conv4_1x1,_5x_cudnn_volta_scudnn_128x64_relu_small_nn_v1,1,1492.72265625
224,128,conv4_1x1,"void cask__5x_cudnn::computeOffsetsKernel<false, false>(cask__5x_cudnn::ComputeOffsetsParams)",1,2.8798828125
224,128,conv5_3x3_s2,_5x_cudnn_volta_scudnn_128x128_relu_medium_nn_v1,1,5725.197265625
224,128,conv5_3x3_s2,"void cask__5x_cudnn::computeOffsetsKernel<false, false>(cask__5x_cudnn::ComputeOffsetsParams)",1,2.9755859375
224,128,conv6_1x1,_5x_cudnn_volta_scudnn_128x128_relu_medium_nn_v1,1,1381.5556640625
224,128,conv6_1x1,"void cask__5x_cudnn::computeOffsetsKernel<false, false>(cask__5x_cudnn::ComputeOffsetsParams)",1,2.9443359375
224,128,fc1,"void cublasLt::splitKreduce_kernel<32, 16, int, float, float, float, float, false, float, float, float, true, true, false>(cublasLt::cublasSplitKParams<float>, float const*, float const*, float*, float*, float const*, float const*, float const*, float const*, float*, void*, long, float*, int*, float*, float*, float const*, float const*, float const*, float const*, float const*)",1,3.8076171875
224,128,fc1,volta_sgemm_128x32_tn,1,20.7998046875
224,128,fc2,"void cublasLt::splitKreduce_kernel<32, 16, int, float, float, float, float, false, float, float, float, true, true, false>(cublasLt::cublasSplitKParams<float>, float const*, float const*, float*, float*, float const*, float const*, float const*, float const*, float*, void*, long, float*, int*, float*, float*, float const*, float const*, float const*, float const*, float const*)",1,3.1669921875
224,128,fc2,volta_sgemm_32x128_tn,1,10.5283203125
224,128,gap,"void at::native::reduce_kernel<512, 1, at::native::ReduceOp<float, at::native::MeanOps<float, float, float, float>, unsigned int, float, 4, 4> >(at::native::ReduceOp<float, at::native::MeanOps<float, float, float, float>, unsigned int, float, 4, 4>)",1,214.4296875
224,128,maxpool1,"void at::native::(anonymous namespace)::max_pool_forward_nchw<float, int>(int, float const*, long, long, long, int, int, int, int, int, int, int, int, int, int, float*, long*)",1,1606.0966796875
224,128,relu1,"void at::native::vectorized_elementwise_kernel<4, at::native::(anonymous namespace)::launch_clamp_scalar(at::TensorIteratorBase&, c10::Scalar, c10::Scalar, at::native::detail::ClampLimits)::{lambda()#1}::operator()() const::{lambda()#7}::operator()() const::{lambda(float)#1}, std::array<char*, 2ul> >(int, at::native::(anonymous namespace)::launch_clamp_scalar(at::TensorIteratorBase&, c10::Scalar, c10::Scalar, at::native::detail::ClampLimits)::{lambda()#1}::operator()() const::{lambda()#7}::operator()() const::{lambda(float)#1}, std::array<char*, 2ul>)",1,1722.44921875
224,128,relu2,"void at::native::vectorized_elementwise_kernel<4, at::native::(anonymous namespace)::launch_clamp_scalar(at::TensorIteratorBase&, c10::Scalar, c10::Scalar, at::native::detail::ClampLimits)::{lambda()#1}::operator()() const::{lambda()#7}::operator()() const::{lambda(float)#1}, std::array<char*, 2ul> >(int, at::native::(anonymous namespace)::launch_clamp_scalar(at::TensorIteratorBase&, c10::Scalar, c10::Scalar, at::native::detail::ClampLimits)::{lambda()#1}::operator()() const::{lambda()#7}::operator()() const::{lambda(float)#1}, std::array<char*, 2ul>)",1,860.8564453125
224,128,relu3,"void at::native::vectorized_elementwise_kernel<4, at::native::(anonymous namespace)::launch_clamp_scalar(at::TensorIteratorBase&, c10::Scalar, c10::Scalar, at::native::detail::ClampLimits)::{lambda()#1}::operator()() const::{lambda()#7}::operator()() const::{lambda(float)#1}, std::array<char*, 2ul> >(int, at::native::(anonymous namespace)::launch_clamp_scalar(at::TensorIteratorBase&, c10::Scalar, c10::Scalar, at::native::detail::ClampLimits)::{lambda()#1}::operator()() const::{lambda()#7}::operator()() const::{lambda(float)#1}, std::array<char*, 2ul>)",1,430.4599609375
224,128,relu4,"void at::native::vectorized_elementwise_kernel<4, at::native::(anonymous namespace)::launch_clamp_scalar(at::TensorIteratorBase&, c10::Scalar, c10::Scalar, at::native::detail::ClampLimits)::{lambda()#1}::operator()() const::{lambda()#7}::operator()() const::{lambda(float)#1}, std::array<char*, 2ul> >(int, at::native::(anonymous namespace)::launch_clamp_scalar(at::TensorIteratorBase&, c10::Scalar, c10::Scalar, at::native::detail::ClampLimits)::{lambda()#1}::operator()() const::{lambda()#7}::operator()() const::{lambda(float)#1}, std::array<char*, 2ul>)",1,866.1669921875
224,128,relu5,"void at::native::vectorized_elementwise_kernel<4, at::native::(anonymous namespace)::launch_clamp_scalar(at::TensorIteratorBase&, c10::Scalar, c10::Scalar, at::native::detail::ClampLimits)::{lambda()#1}::operator()() const::{lambda()#7}::operator()() const::{lambda(float)#1}, std::array<char*, 2ul> >(int, at::native::(anonymous namespace)::launch_clamp_scalar(at::TensorIteratorBase&, c10::Scalar, c10::Scalar, at::native::detail::ClampLimits)::{lambda()#1}::operator()() const::{lambda()#7}::operator()() const::{lambda(float)#1}, std::array<char*, 2ul>)",1,216.6376953125
224,128,relu6,"void at::native::vectorized_elementwise_kernel<4, at::native::(anonymous namespace)::launch_clamp_scalar(at::TensorIteratorBase&, c10::Scalar, c10::Scalar, at::native::detail::ClampLimits)::{lambda()#1}::operator()() const::{lambda()#7}::operator()() const::{lambda(float)#1}, std::array<char*, 2ul> >(int, at::native::(anonymous namespace)::launch_clamp_scalar(at::TensorIteratorBase&, c10::Scalar, c10::Scalar, at::native::detail::ClampLimits)::{lambda()#1}::operator()() const::{lambda()#7}::operator()() const::{lambda(float)#1}, std::array<char*, 2ul>)",1,433.7880859375
224,128,relu7,"void at::native::vectorized_elementwise_kernel<4, at::native::(anonymous namespace)::launch_clamp_scalar(at::TensorIteratorBase&, c10::Scalar, c10::Scalar, at::native::detail::ClampLimits)::{lambda()#1}::operator()() const::{lambda()#7}::operator()() const::{lambda(float)#1}, std::array<char*, 2ul> >(int, at::native::(anonymous namespace)::launch_clamp_scalar(at::TensorIteratorBase&, c10::Scalar, c10::Scalar, at::native::detail::ClampLimits)::{lambda()#1}::operator()() const::{lambda()#7}::operator()() const::{lambda(float)#1}, std::array<char*, 2ul>)",1,2.17578125
224,133,conv1_7x7_s2,"void fft2d_c2r_32x32<float, true, false, 0u, false, false>(float*, float2 const*, int, int, int, int, int, int, int, int, int, float, float, cudnn::reduced_divisor, bool, float*, float*, int2, cudnnActivationStruct, int, int)",161,188.7505519701087
224,133,conv1_7x7_s2,"void fft2d_r2c_32x32<float, false, 0u, false>(float2*, float const*, int, int, int, int, int, int, int, int, int, cudnn::reduced_divisor, bool, int2, int, int)",161,40.90872476708075
224,133,conv1_7x7_s2,"void fft2d_r2c_32x32<float, false, 1u, true>(float2*, float const*, int, int, int, int, int, int, int, int, int, cudnn::reduced_divisor, bool, int2, int, int)",1,14.55859375
224,133,conv1_7x7_s2,volta_gcgemm_32x32_nt,160,140.02675170898436
224,133,conv2_5x5,"void cudnn::winograd_nonfused::winogradForwardData9x9_5x5<float, float>(cudnn::winograd_nonfused::WinogradDataParams<float, float>)",1,2279.1474609375
224,133,conv2_5x5,"void cudnn::winograd_nonfused::winogradForwardFilter9x9_5x5<float, float>(cudnn::winograd_nonfused::WinogradFilterParams<float, float>)",1,9.087890625
224,133,conv2_5x5,"void cudnn::winograd_nonfused::winogradForwardOutput9x9_5x5<float, float>(cudnn::winograd_nonfused::WinogradOutputParams<float, float>)",1,3246.1767578125
224,133,conv2_5x5,volta_sgemm_128x64_nn,1,2315.275390625
224,133,conv3_3x3_s2,_5x_cudnn_volta_scudnn_128x64_relu_xregs_large_nn_v1,1,3089.732421875
224,133,conv3_3x3_s2,"void cask__5x_cudnn::computeOffsetsKernel<false, false>(cask__5x_cudnn::ComputeOffsetsParams)",1,2.8798828125
224,133,conv4_1x1,_5x_cudnn_volta_scudnn_128x64_relu_small_nn_v1,1,1535.41015625
224,133,conv4_1x1,"void cask__5x_cudnn::computeOffsetsKernel<false, false>(cask__5x_cudnn::ComputeOffsetsParams)",1,2.7841796875
224,133,conv5_3x3_s2,_5x_cudnn_volta_scudnn_128x128_relu_medium_nn_v1,1,6576.41796875
224,133,conv5_3x3_s2,"void cask__5x_cudnn::computeOffsetsKernel<false, false>(cask__5x_cudnn::ComputeOffsetsParams)",1,2.912109375
224,133,conv6_1x1,_5x_cudnn_volta_scudnn_128x128_relu_medium_nn_v1,1,1590.578125
224,133,conv6_1x1,"void cask__5x_cudnn::computeOffsetsKernel<false, false>(cask__5x_cudnn::ComputeOffsetsParams)",1,3.16796875
224,133,fc1,Memset (Device),1,0.6083984375
224,133,fc1,volta_sgemm_64x32_sliced1x4_tn,1,27.294921875
224,133,fc2,volta_sgemm_32x32_sliced1x4_tn,1,14.9755859375
224,133,gap,"void at::native::reduce_kernel<512, 1, at::native::ReduceOp<float, at::native::MeanOps<float, float, float, float>, unsigned int, float, 4, 4> >(at::native::ReduceOp<float, at::native::MeanOps<float, float, float, float>, unsigned int, float, 4, 4>)",1,224.4775390625
224,133,maxpool1,"void at::native::(anonymous namespace)::max_pool_forward_nchw<float, int>(int, float const*, long, long, long, int, int, int, int, int, int, int, int, int, int, float*, long*)",1,1637.6806640625
224,133,relu1,"void at::native::vectorized_elementwise_kernel<4, at::native::(anonymous namespace)::launch_clamp_scalar(at::TensorIteratorBase&, c10::Scalar, c10::Scalar, at::native::detail::ClampLimits)::{lambda()#1}::operator()() const::{lambda()#7}::operator()() const::{lambda(float)#1}, std::array<char*, 2ul> >(int, at::native::(anonymous namespace)::launch_clamp_scalar(at::TensorIteratorBase&, c10::Scalar, c10::Scalar, at::native::detail::ClampLimits)::{lambda()#1}::operator()() const::{lambda()#7}::operator()() const::{lambda(float)#1}, std::array<char*, 2ul>)",1,1791.341796875
224,133,relu2,"void at::native::vectorized_elementwise_kernel<4, at::native::(anonymous namespace)::launch_clamp_scalar(at::TensorIteratorBase&, c10::Scalar, c10::Scalar, at::native::detail::ClampLimits)::{lambda()#1}::operator()() const::{lambda()#7}::operator()() const::{lambda(float)#1}, std::array<char*, 2ul> >(int, at::native::(anonymous namespace)::launch_clamp_scalar(at::TensorIteratorBase&, c10::Scalar, c10::Scalar, at::native::detail::ClampLimits)::{lambda()#1}::operator()() const::{lambda()#7}::operator()() const::{lambda(float)#1}, std::array<char*, 2ul>)",1,893.8798828125
224,133,relu3,"void at::native::vectorized_elementwise_kernel<4, at::native::(anonymous namespace)::launch_clamp_scalar(at::TensorIteratorBase&, c10::Scalar, c10::Scalar, at::native::detail::ClampLimits)::{lambda()#1}::operator()() const::{lambda()#7}::operator()() const::{lambda(float)#1}, std::array<char*, 2ul> >(int, at::native::(anonymous namespace)::launch_clamp_scalar(at::TensorIteratorBase&, c10::Scalar, c10::Scalar, at::native::detail::ClampLimits)::{lambda()#1}::operator()() const::{lambda()#7}::operator()() const::{lambda(float)#1}, std::array<char*, 2ul>)",1,449.626953125
224,133,relu4,"void at::native::vectorized_elementwise_kernel<4, at::native::(anonymous namespace)::launch_clamp_scalar(at::TensorIteratorBase&, c10::Scalar, c10::Scalar, at::native::detail::ClampLimits)::{lambda()#1}::operator()() const::{lambda()#7}::operator()() const::{lambda(float)#1}, std::array<char*, 2ul> >(int, at::native::(anonymous namespace)::launch_clamp_scalar(at::TensorIteratorBase&, c10::Scalar, c10::Scalar, at::native::detail::ClampLimits)::{lambda()#1}::operator()() const::{lambda()#7}::operator()() const::{lambda(float)#1}, std::array<char*, 2ul>)",1,897.0478515625
224,133,relu5,"void at::native::vectorized_elementwise_kernel<4, at::native::(anonymous namespace)::launch_clamp_scalar(at::TensorIteratorBase&, c10::Scalar, c10::Scalar, at::native::detail::ClampLimits)::{lambda()#1}::operator()() const::{lambda()#7}::operator()() const::{lambda(float)#1}, std::array<char*, 2ul> >(int, at::native::(anonymous namespace)::launch_clamp_scalar(at::TensorIteratorBase&, c10::Scalar, c10::Scalar, at::native::detail::ClampLimits)::{lambda()#1}::operator()() const::{lambda()#7}::operator()() const::{lambda(float)#1}, std::array<char*, 2ul>)",1,217.3095703125
224,133,relu6,"void at::native::vectorized_elementwise_kernel<4, at::native::(anonymous namespace)::launch_clamp_scalar(at::TensorIteratorBase&, c10::Scalar, c10::Scalar, at::native::detail::ClampLimits)::{lambda()#1}::operator()() const::{lambda()#7}::operator()() const::{lambda(float)#1}, std::array<char*, 2ul> >(int, at::native::(anonymous namespace)::launch_clamp_scalar(at::TensorIteratorBase&, c10::Scalar, c10::Scalar, at::native::detail::ClampLimits)::{lambda()#1}::operator()() const::{lambda()#7}::operator()() const::{lambda(float)#1}, std::array<char*, 2ul>)",1,445.755859375
224,133,relu7,"void at::native::vectorized_elementwise_kernel<4, at::native::(anonymous namespace)::launch_clamp_scalar(at::TensorIteratorBase&, c10::Scalar, c10::Scalar, at::native::detail::ClampLimits)::{lambda()#1}::operator()() const::{lambda()#7}::operator()() const::{lambda(float)#1}, std::array<char*, 2ul> >(int, at::native::(anonymous namespace)::launch_clamp_scalar(at::TensorIteratorBase&, c10::Scalar, c10::Scalar, at::native::detail::ClampLimits)::{lambda()#1}::operator()() const::{lambda()#7}::operator()() const::{lambda(float)#1}, std::array<char*, 2ul>)",1,2.84765625
224,139,conv1_7x7_s2,"void fft2d_c2r_32x32<float, true, false, 0u, false, false>(float*, float2 const*, int, int, int, int, int, int, int, int, int, float, float, cudnn::reduced_divisor, bool, float*, float*, int2, cudnnActivationStruct, int, int)",161,201.20755289208074
224,139,conv1_7x7_s2,"void fft2d_r2c_32x32<float, false, 0u, false>(float2*, float const*, int, int, int, int, int, int, int, int, int, cudnn::reduced_divisor, bool, int2, int, int)",161,40.37042653338509
224,139,conv1_7x7_s2,"void fft2d_r2c_32x32<float, false, 1u, true>(float2*, float const*, int, int, int, int, int, int, int, int, int, cudnn::reduced_divisor, bool, int2, int, int)",1,15.455078125
224,139,conv1_7x7_s2,volta_gcgemm_32x32_nt,160,144.4504638671875
224,139,conv2_5x5,"void cudnn::winograd_nonfused::winogradForwardData9x9_5x5<float, float>(cudnn::winograd_nonfused::WinogradDataParams<float, float>)",1,2474.44140625
224,139,conv2_5x5,"void cudnn::winograd_nonfused::winogradForwardFilter9x9_5x5<float, float>(cudnn::winograd_nonfused::WinogradFilterParams<float, float>)",1,9.599609375
224,139,conv2_5x5,"void cudnn::winograd_nonfused::winogradForwardOutput9x9_5x5<float, float>(cudnn::winograd_nonfused::WinogradOutputParams<float, float>)",1,3561.822265625
224,139,conv2_5x5,volta_sgemm_128x64_nn,1,2289.642578125
224,139,conv3_3x3_s2,_5x_cudnn_volta_scudnn_128x64_relu_xregs_large_nn_v1,1,3659.4208984375
224,139,conv3_3x3_s2,"void cask__5x_cudnn::computeOffsetsKernel<false, false>(cask__5x_cudnn::ComputeOffsetsParams)",1,3.16796875
224,139,conv4_1x1,_5x_cudnn_volta_scudnn_128x64_relu_small_nn_v1,1,1774.7666015625
224,139,conv4_1x1,"void cask__5x_cudnn::computeOffsetsKernel<false, false>(cask__5x_cudnn::ComputeOffsetsParams)",1,3.1357421875
224,139,conv5_3x3_s2,_5x_cudnn_volta_scudnn_128x128_relu_medium_nn_v1,1,6987.7109375
224,139,conv5_3x3_s2,"void cask__5x_cudnn::computeOffsetsKernel<false, false>(cask__5x_cudnn::ComputeOffsetsParams)",1,3.2001953125
224,139,conv6_1x1,_5x_cudnn_volta_scudnn_128x128_relu_medium_nn_v1,1,1672.1767578125
224,139,conv6_1x1,"void cask__5x_cudnn::computeOffsetsKernel<false, false>(cask__5x_cudnn::ComputeOffsetsParams)",1,3.2958984375
224,139,fc1,Memset (Device),1,0.6083984375
224,139,fc1,volta_sgemm_64x32_sliced1x4_tn,1,27.6484375
224,139,fc2,volta_sgemm_32x32_sliced1x4_tn,1,14.9443359375
224,139,gap,"void at::native::reduce_kernel<512, 1, at::native::ReduceOp<float, at::native::MeanOps<float, float, float, float>, unsigned int, float, 4, 4> >(at::native::ReduceOp<float, at::native::MeanOps<float, float, float, float>, unsigned int, float, 4, 4>)",1,234.4619140625
224,139,maxpool1,"void at::native::(anonymous namespace)::max_pool_forward_nchw<float, int>(int, float const*, long, long, long, int, int, int, int, int, int, int, int, int, int, float*, long*)",1,1842.158203125
224,139,relu1,"void at::native::vectorized_elementwise_kernel<4, at::native::(anonymous namespace)::launch_clamp_scalar(at::TensorIteratorBase&, c10::Scalar, c10::Scalar, at::native::detail::ClampLimits)::{lambda()#1}::operator()() const::{lambda()#7}::operator()() const::{lambda(float)#1}, std::array<char*, 2ul> >(int, at::native::(anonymous namespace)::launch_clamp_scalar(at::TensorIteratorBase&, c10::Scalar, c10::Scalar, at::native::detail::ClampLimits)::{lambda()#1}::operator()() const::{lambda()#7}::operator()() const::{lambda(float)#1}, std::array<char*, 2ul>)",1,1865.775390625
224,139,relu2,"void at::native::vectorized_elementwise_kernel<4, at::native::(anonymous namespace)::launch_clamp_scalar(at::TensorIteratorBase&, c10::Scalar, c10::Scalar, at::native::detail::ClampLimits)::{lambda()#1}::operator()() const::{lambda()#7}::operator()() const::{lambda(float)#1}, std::array<char*, 2ul> >(int, at::native::(anonymous namespace)::launch_clamp_scalar(at::TensorIteratorBase&, c10::Scalar, c10::Scalar, at::native::detail::ClampLimits)::{lambda()#1}::operator()() const::{lambda()#7}::operator()() const::{lambda(float)#1}, std::array<char*, 2ul>)",1,927.9921875
224,139,relu3,"void at::native::vectorized_elementwise_kernel<4, at::native::(anonymous namespace)::launch_clamp_scalar(at::TensorIteratorBase&, c10::Scalar, c10::Scalar, at::native::detail::ClampLimits)::{lambda()#1}::operator()() const::{lambda()#7}::operator()() const::{lambda(float)#1}, std::array<char*, 2ul> >(int, at::native::(anonymous namespace)::launch_clamp_scalar(at::TensorIteratorBase&, c10::Scalar, c10::Scalar, at::native::detail::ClampLimits)::{lambda()#1}::operator()() const::{lambda()#7}::operator()() const::{lambda(float)#1}, std::array<char*, 2ul>)",1,464.66796875
224,139,relu4,"void at::native::vectorized_elementwise_kernel<4, at::native::(anonymous namespace)::launch_clamp_scalar(at::TensorIteratorBase&, c10::Scalar, c10::Scalar, at::native::detail::ClampLimits)::{lambda()#1}::operator()() const::{lambda()#7}::operator()() const::{lambda(float)#1}, std::array<char*, 2ul> >(int, at::native::(anonymous namespace)::launch_clamp_scalar(at::TensorIteratorBase&, c10::Scalar, c10::Scalar, at::native::detail::ClampLimits)::{lambda()#1}::operator()() const::{lambda()#7}::operator()() const::{lambda(float)#1}, std::array<char*, 2ul>)",1,929.6240234375
224,139,relu5,"void at::native::vectorized_elementwise_kernel<4, at::native::(anonymous namespace)::launch_clamp_scalar(at::TensorIteratorBase&, c10::Scalar, c10::Scalar, at::native::detail::ClampLimits)::{lambda()#1}::operator()() const::{lambda()#7}::operator()() const::{lambda(float)#1}, std::array<char*, 2ul> >(int, at::native::(anonymous namespace)::launch_clamp_scalar(at::TensorIteratorBase&, c10::Scalar, c10::Scalar, at::native::detail::ClampLimits)::{lambda()#1}::operator()() const::{lambda()#7}::operator()() const::{lambda(float)#1}, std::array<char*, 2ul>)",1,232.2529296875
224,139,relu6,"void at::native::vectorized_elementwise_kernel<4, at::native::(anonymous namespace)::launch_clamp_scalar(at::TensorIteratorBase&, c10::Scalar, c10::Scalar, at::native::detail::ClampLimits)::{lambda()#1}::operator()() const::{lambda()#7}::operator()() const::{lambda(float)#1}, std::array<char*, 2ul> >(int, at::native::(anonymous namespace)::launch_clamp_scalar(at::TensorIteratorBase&, c10::Scalar, c10::Scalar, at::native::detail::ClampLimits)::{lambda()#1}::operator()() const::{lambda()#7}::operator()() const::{lambda(float)#1}, std::array<char*, 2ul>)",1,469.1474609375
224,139,relu7,"void at::native::vectorized_elementwise_kernel<4, at::native::(anonymous namespace)::launch_clamp_scalar(at::TensorIteratorBase&, c10::Scalar, c10::Scalar, at::native::detail::ClampLimits)::{lambda()#1}::operator()() const::{lambda()#7}::operator()() const::{lambda(float)#1}, std::array<char*, 2ul> >(int, at::native::(anonymous namespace)::launch_clamp_scalar(at::TensorIteratorBase&, c10::Scalar, c10::Scalar, at::native::detail::ClampLimits)::{lambda()#1}::operator()() const::{lambda()#7}::operator()() const::{lambda(float)#1}, std::array<char*, 2ul>)",1,2.9755859375
224,256,conv1_7x7_s2,"void fft2d_c2r_32x32<float, true, false, 0u, false, false>(float*, float2 const*, int, int, int, int, int, int, int, int, int, float, float, cudnn::reduced_divisor, bool, float*, float*, int2, cudnnActivationStruct, int, int)",161,370.92592075892856
224,256,conv1_7x7_s2,"void fft2d_r2c_32x32<float, false, 0u, false>(float2*, float const*, int, int, int, int, int, int, int, int, int, cudnn::reduced_divisor, bool, int2, int, int)",161,80.9426800271739
224,256,conv1_7x7_s2,"void fft2d_r2c_32x32<float, false, 1u, true>(float2*, float const*, int, int, int, int, int, int, int, int, int, cudnn::reduced_divisor, bool, int2, int, int)",1,17.6640625
224,256,conv1_7x7_s2,volta_gcgemm_32x32_nt,160,231.44818115234375
224,256,conv2_5x5,"void cudnn::winograd_nonfused::winogradForwardData9x9_5x5<float, float>(cudnn::winograd_nonfused::WinogradDataParams<float, float>)",1,4270.619140625
224,256,conv2_5x5,"void cudnn::winograd_nonfused::winogradForwardFilter9x9_5x5<float, float>(cudnn::winograd_nonfused::WinogradFilterParams<float, float>)",1,9.3115234375
224,256,conv2_5x5,"void cudnn::winograd_nonfused::winogradForwardOutput9x9_5x5<float, float>(cudnn::winograd_nonfused::WinogradOutputParams<float, float>)",1,6168.07421875
224,256,conv2_5x5,volta_sgemm_128x64_nn,1,3840.09375
224,256,conv3_3x3_s2,_5x_cudnn_volta_scudnn_128x64_relu_xregs_large_nn_v1,1,6922.8193359375
224,256,conv3_3x3_s2,"void cask__5x_cudnn::computeOffsetsKernel<false, false>(cask__5x_cudnn::ComputeOffsetsParams)",1,3.2958984375
224,256,conv4_1x1,_5x_cudnn_volta_scudnn_128x64_relu_small_nn_v1,1,3338.43359375
224,256,conv4_1x1,"void cask__5x_cudnn::computeOffsetsKernel<false, false>(cask__5x_cudnn::ComputeOffsetsParams)",1,3.232421875
224,256,conv5_3x3_s2,_5x_cudnn_volta_scudnn_128x64_relu_xregs_large_nn_v1,1,14421.8251953125
224,256,conv5_3x3_s2,"void cask__5x_cudnn::computeOffsetsKernel<false, false>(cask__5x_cudnn::ComputeOffsetsParams)",1,3.328125
224,256,conv6_1x1,_5x_cudnn_volta_scudnn_128x128_relu_medium_nn_v1,1,3383.3935546875
224,256,conv6_1x1,"void cask__5x_cudnn::computeOffsetsKernel<false, false>(cask__5x_cudnn::ComputeOffsetsParams)",1,3.51953125
224,256,fc1,"void cublasLt::splitKreduce_kernel<32, 16, int, float, float, float, float, false, float, float, float, true, true, false>(cublasLt::cublasSplitKParams<float>, float const*, float const*, float*, float*, float const*, float const*, float const*, float const*, float*, void*, long, float*, int*, float*, float*, float const*, float const*, float const*, float const*, float const*)",1,7.072265625
224,256,fc1,volta_sgemm_128x64_tn,1,34.17578125
224,256,fc2,"void cublasLt::splitKreduce_kernel<32, 16, int, float, float, float, float, false, float, float, float, true, true, false>(cublasLt::cublasSplitKParams<float>, float const*, float const*, float*, float*, float const*, float const*, float const*, float const*, float*, void*, long, float*, int*, float*, float*, float const*, float const*, float const*, float const*, float const*)",1,4.4482421875
224,256,fc2,volta_sgemm_32x128_tn,1,15.2958984375
224,256,gap,"void at::native::reduce_kernel<512, 1, at::native::ReduceOp<float, at::native::MeanOps<float, float, float, float>, unsigned int, float, 4, 4> >(at::native::ReduceOp<float, at::native::MeanOps<float, float, float, float>, unsigned int, float, 4, 4>)",1,437.083984375
224,256,maxpool1,"void at::native::(anonymous namespace)::max_pool_forward_nchw<float, int>(int, float const*, long, long, long, int, int, int, int, int, int, int, int, int, int, float*, long*)",1,3260.9951171875
224,256,relu1,"void at::native::vectorized_elementwise_kernel<4, at::native::(anonymous namespace)::launch_clamp_scalar(at::TensorIteratorBase&, c10::Scalar, c10::Scalar, at::native::detail::ClampLimits)::{lambda()#1}::operator()() const::{lambda()#7}::operator()() const::{lambda(float)#1}, std::array<char*, 2ul> >(int, at::native::(anonymous namespace)::launch_clamp_scalar(at::TensorIteratorBase&, c10::Scalar, c10::Scalar, at::native::detail::ClampLimits)::{lambda()#1}::operator()() const::{lambda()#7}::operator()() const::{lambda(float)#1}, std::array<char*, 2ul>)",1,3441.0263671875
224,256,relu2,"void at::native::vectorized_elementwise_kernel<4, at::native::(anonymous namespace)::launch_clamp_scalar(at::TensorIteratorBase&, c10::Scalar, c10::Scalar, at::native::detail::ClampLimits)::{lambda()#1}::operator()() const::{lambda()#7}::operator()() const::{lambda(float)#1}, std::array<char*, 2ul> >(int, at::native::(anonymous namespace)::launch_clamp_scalar(at::TensorIteratorBase&, c10::Scalar, c10::Scalar, at::native::detail::ClampLimits)::{lambda()#1}::operator()() const::{lambda()#7}::operator()() const::{lambda(float)#1}, std::array<char*, 2ul>)",1,1701.712890625
224,256,relu3,"void at::native::vectorized_elementwise_kernel<4, at::native::(anonymous namespace)::launch_clamp_scalar(at::TensorIteratorBase&, c10::Scalar, c10::Scalar, at::native::detail::ClampLimits)::{lambda()#1}::operator()() const::{lambda()#7}::operator()() const::{lambda(float)#1}, std::array<char*, 2ul> >(int, at::native::(anonymous namespace)::launch_clamp_scalar(at::TensorIteratorBase&, c10::Scalar, c10::Scalar, at::native::detail::ClampLimits)::{lambda()#1}::operator()() const::{lambda()#7}::operator()() const::{lambda(float)#1}, std::array<char*, 2ul>)",1,854.552734375
224,256,relu4,"void at::native::vectorized_elementwise_kernel<4, at::native::(anonymous namespace)::launch_clamp_scalar(at::TensorIteratorBase&, c10::Scalar, c10::Scalar, at::native::detail::ClampLimits)::{lambda()#1}::operator()() const::{lambda()#7}::operator()() const::{lambda(float)#1}, std::array<char*, 2ul> >(int, at::native::(anonymous namespace)::launch_clamp_scalar(at::TensorIteratorBase&, c10::Scalar, c10::Scalar, at::native::detail::ClampLimits)::{lambda()#1}::operator()() const::{lambda()#7}::operator()() const::{lambda(float)#1}, std::array<char*, 2ul>)",1,1708.5615234375
224,256,relu5,"void at::native::vectorized_elementwise_kernel<4, at::native::(anonymous namespace)::launch_clamp_scalar(at::TensorIteratorBase&, c10::Scalar, c10::Scalar, at::native::detail::ClampLimits)::{lambda()#1}::operator()() const::{lambda()#7}::operator()() const::{lambda(float)#1}, std::array<char*, 2ul> >(int, at::native::(anonymous namespace)::launch_clamp_scalar(at::TensorIteratorBase&, c10::Scalar, c10::Scalar, at::native::detail::ClampLimits)::{lambda()#1}::operator()() const::{lambda()#7}::operator()() const::{lambda(float)#1}, std::array<char*, 2ul>)",1,421.4677734375
224,256,relu6,"void at::native::vectorized_elementwise_kernel<4, at::native::(anonymous namespace)::launch_clamp_scalar(at::TensorIteratorBase&, c10::Scalar, c10::Scalar, at::native::detail::ClampLimits)::{lambda()#1}::operator()() const::{lambda()#7}::operator()() const::{lambda(float)#1}, std::array<char*, 2ul> >(int, at::native::(anonymous namespace)::launch_clamp_scalar(at::TensorIteratorBase&, c10::Scalar, c10::Scalar, at::native::detail::ClampLimits)::{lambda()#1}::operator()() const::{lambda()#7}::operator()() const::{lambda(float)#1}, std::array<char*, 2ul>)",1,856.1533203125
224,256,relu7,"void at::native::vectorized_elementwise_kernel<4, at::native::(anonymous namespace)::launch_clamp_scalar(at::TensorIteratorBase&, c10::Scalar, c10::Scalar, at::native::detail::ClampLimits)::{lambda()#1}::operator()() const::{lambda()#7}::operator()() const::{lambda(float)#1}, std::array<char*, 2ul> >(int, at::native::(anonymous namespace)::launch_clamp_scalar(at::TensorIteratorBase&, c10::Scalar, c10::Scalar, at::native::detail::ClampLimits)::{lambda()#1}::operator()() const::{lambda()#7}::operator()() const::{lambda(float)#1}, std::array<char*, 2ul>)",1,3.0400390625
256,1,conv1_7x7_s2,_5x_cudnn_volta_scudnn_128x32_relu_medium_nn_v1,1,41.470703125
256,1,conv1_7x7_s2,"void cask__5x_cudnn::computeOffsetsKernel<false, false>(cask__5x_cudnn::ComputeOffsetsParams)",1,1.82421875
256,1,conv2_5x5,_5x_cudnn_volta_scudnn_128x32_sliced1x4_ldg4_relu_exp_medium_nhwc_tn_v1,1,87.966796875
256,1,conv2_5x5,"void cask__5x_cudnn::computeOffsetsKernel<false, false>(cask__5x_cudnn::ComputeOffsetsParams)",1,1.6962890625
256,1,conv2_5x5,"void cudnn::engines_precompiled::nchwToNhwcKernel<float, float, float, false, true, (cudnnKernelDataType_t)0>(cudnn::engines_precompiled::nchw2nhwc_params_t<float>, float const*, float*)",2,3.34375
256,1,conv2_5x5,"void cudnn::engines_precompiled::nhwcToNchwKernel<float, float, float, true, false, (cudnnKernelDataType_t)0>(cudnn::engines_precompiled::nhwc2nchw_params_t<float>, float const*, float*)",1,3.6796875
256,1,conv3_3x3_s2,_5x_cudnn_volta_scudnn_128x32_sliced1x4_ldg4_relu_exp_medium_nhwc_tn_v1,1,33.6630859375
256,1,conv3_3x3_s2,"void cask__5x_cudnn::computeOffsetsKernel<false, false>(cask__5x_cudnn::ComputeOffsetsParams)",1,1.5361328125
256,1,conv3_3x3_s2,"void cudnn::engines_precompiled::nchwToNhwcKernel<float, float, float, false, true, (cudnnKernelDataType_t)0>(cudnn::engines_precompiled::nchw2nhwc_params_t<float>, float const*, float*)",2,4.431640625
256,1,conv3_3x3_s2,"void cudnn::engines_precompiled::nhwcToNchwKernel<float, float, float, true, false, (cudnnKernelDataType_t)0>(cudnn::engines_precompiled::nhwc2nchw_params_t<float>, float const*, float*)",1,2.49609375
256,1,conv4_1x1,volta_sgemm_128x64_nn,1,16.9912109375
256,1,conv5_3x3_s2,_5x_cudnn_volta_scudnn_128x32_sliced1x4_ldg4_relu_exp_medium_nhwc_tn_v1,1,113.1513671875
256,1,conv5_3x3_s2,"void cask__5x_cudnn::computeOffsetsKernel<false, false>(cask__5x_cudnn::ComputeOffsetsParams)",1,1.8876953125
256,1,conv5_3x3_s2,"void cudnn::engines_precompiled::nchwToNhwcKernel<float, float, float, false, true, (cudnnKernelDataType_t)0>(cudnn::engines_precompiled::nchw2nhwc_params_t<float>, float const*, float*)",2,13.2314453125
256,1,conv5_3x3_s2,"void cudnn::engines_precompiled::nhwcToNchwKernel<float, float, float, true, false, (cudnnKernelDataType_t)0>(cudnn::engines_precompiled::nhwc2nchw_params_t<float>, float const*, float*)",1,2.3037109375
256,1,conv6_1x1,volta_sgemm_128x32_nn,1,21.919921875
256,1,fc1,"std::enable_if<!(false), void>::type internal::gemvx::kernel<int, int, float, float, float, float, false, true, true, false, 7, false, cublasGemvParamsEx<int, cublasGemvTensorStridedBatched<float const>, cublasGemvTensorStridedBatched<float const>, cublasGemvTensorStridedBatched<float>, float> >(cublasGemvParamsEx<int, cublasGemvTensorStridedBatched<float const>, cublasGemvTensorStridedBatched<float const>, cublasGemvTensorStridedBatched<float>, float>)",1,4.7998046875
256,1,fc2,"std::enable_if<!(false), void>::type internal::gemvx::kernel<int, int, float, float, float, float, false, true, true, false, 7, false, cublasGemvParamsEx<int, cublasGemvTensorStridedBatched<float const>, cublasGemvTensorStridedBatched<float const>, cublasGemvTensorStridedBatched<float>, float> >(cublasGemvParamsEx<int, cublasGemvTensorStridedBatched<float const>, cublasGemvTensorStridedBatched<float const>, cublasGemvTensorStridedBatched<float>, float>)",1,3.5517578125
256,1,gap,"void at::native::reduce_kernel<512, 1, at::native::ReduceOp<float, at::native::MeanOps<float, float, float, float>, unsigned int, float, 4, 4> >(at::native::ReduceOp<float, at::native::MeanOps<float, float, float, float>, unsigned int, float, 4, 4>)",1,4.9921875
256,1,maxpool1,"void at::native::(anonymous namespace)::max_pool_forward_nchw<float, int>(int, float const*, long, long, long, int, int, int, int, int, int, int, int, int, int, float*, long*)",1,11.1669921875
256,1,relu1,"void at::native::vectorized_elementwise_kernel<4, at::native::(anonymous namespace)::launch_clamp_scalar(at::TensorIteratorBase&, c10::Scalar, c10::Scalar, at::native::detail::ClampLimits)::{lambda()#1}::operator()() const::{lambda()#7}::operator()() const::{lambda(float)#1}, std::array<char*, 2ul> >(int, at::native::(anonymous namespace)::launch_clamp_scalar(at::TensorIteratorBase&, c10::Scalar, c10::Scalar, at::native::detail::ClampLimits)::{lambda()#1}::operator()() const::{lambda()#7}::operator()() const::{lambda(float)#1}, std::array<char*, 2ul>)",1,4.0
256,1,relu2,"void at::native::vectorized_elementwise_kernel<4, at::native::(anonymous namespace)::launch_clamp_scalar(at::TensorIteratorBase&, c10::Scalar, c10::Scalar, at::native::detail::ClampLimits)::{lambda()#1}::operator()() const::{lambda()#7}::operator()() const::{lambda(float)#1}, std::array<char*, 2ul> >(int, at::native::(anonymous namespace)::launch_clamp_scalar(at::TensorIteratorBase&, c10::Scalar, c10::Scalar, at::native::detail::ClampLimits)::{lambda()#1}::operator()() const::{lambda()#7}::operator()() const::{lambda(float)#1}, std::array<char*, 2ul>)",1,2.751953125
256,1,relu3,"void at::native::vectorized_elementwise_kernel<4, at::native::(anonymous namespace)::launch_clamp_scalar(at::TensorIteratorBase&, c10::Scalar, c10::Scalar, at::native::detail::ClampLimits)::{lambda()#1}::operator()() const::{lambda()#7}::operator()() const::{lambda(float)#1}, std::array<char*, 2ul> >(int, at::native::(anonymous namespace)::launch_clamp_scalar(at::TensorIteratorBase&, c10::Scalar, c10::Scalar, at::native::detail::ClampLimits)::{lambda()#1}::operator()() const::{lambda()#7}::operator()() const::{lambda(float)#1}, std::array<char*, 2ul>)",1,2.1435546875
256,1,relu4,"void at::native::vectorized_elementwise_kernel<4, at::native::(anonymous namespace)::launch_clamp_scalar(at::TensorIteratorBase&, c10::Scalar, c10::Scalar, at::native::detail::ClampLimits)::{lambda()#1}::operator()() const::{lambda()#7}::operator()() const::{lambda(float)#1}, std::array<char*, 2ul> >(int, at::native::(anonymous namespace)::launch_clamp_scalar(at::TensorIteratorBase&, c10::Scalar, c10::Scalar, at::native::detail::ClampLimits)::{lambda()#1}::operator()() const::{lambda()#7}::operator()() const::{lambda(float)#1}, std::array<char*, 2ul>)",1,2.65625
256,1,relu5,"void at::native::vectorized_elementwise_kernel<4, at::native::(anonymous namespace)::launch_clamp_scalar(at::TensorIteratorBase&, c10::Scalar, c10::Scalar, at::native::detail::ClampLimits)::{lambda()#1}::operator()() const::{lambda()#7}::operator()() const::{lambda(float)#1}, std::array<char*, 2ul> >(int, at::native::(anonymous namespace)::launch_clamp_scalar(at::TensorIteratorBase&, c10::Scalar, c10::Scalar, at::native::detail::ClampLimits)::{lambda()#1}::operator()() const::{lambda()#7}::operator()() const::{lambda(float)#1}, std::array<char*, 2ul>)",1,1.6630859375
256,1,relu6,"void at::native::vectorized_elementwise_kernel<4, at::native::(anonymous namespace)::launch_clamp_scalar(at::TensorIteratorBase&, c10::Scalar, c10::Scalar, at::native::detail::ClampLimits)::{lambda()#1}::operator()() const::{lambda()#7}::operator()() const::{lambda(float)#1}, std::array<char*, 2ul> >(int, at::native::(anonymous namespace)::launch_clamp_scalar(at::TensorIteratorBase&, c10::Scalar, c10::Scalar, at::native::detail::ClampLimits)::{lambda()#1}::operator()() const::{lambda()#7}::operator()() const::{lambda(float)#1}, std::array<char*, 2ul>)",1,2.1123046875
256,1,relu7,"void at::native::vectorized_elementwise_kernel<4, at::native::(anonymous namespace)::launch_clamp_scalar(at::TensorIteratorBase&, c10::Scalar, c10::Scalar, at::native::detail::ClampLimits)::{lambda()#1}::operator()() const::{lambda()#7}::operator()() const::{lambda(float)#1}, std::array<char*, 2ul> >(int, at::native::(anonymous namespace)::launch_clamp_scalar(at::TensorIteratorBase&, c10::Scalar, c10::Scalar, at::native::detail::ClampLimits)::{lambda()#1}::operator()() const::{lambda()#7}::operator()() const::{lambda(float)#1}, std::array<char*, 2ul>)",1,1.5361328125
256,2,conv1_7x7_s2,_5x_cudnn_volta_scudnn_128x32_relu_medium_nn_v1,1,102.4306640625
256,2,conv1_7x7_s2,"void cask__5x_cudnn::computeOffsetsKernel<false, false>(cask__5x_cudnn::ComputeOffsetsParams)",1,2.6884765625
256,2,conv2_5x5,_5x_cudnn_volta_scudnn_128x64_relu_xregs_large_nn_v1,1,218.58984375
256,2,conv2_5x5,"void cask__5x_cudnn::computeOffsetsKernel<false, false>(cask__5x_cudnn::ComputeOffsetsParams)",1,2.5283203125
256,2,conv3_3x3_s2,_5x_cudnn_volta_scudnn_128x64_relu_small_nn_v1,1,92.7353515625
256,2,conv3_3x3_s2,"void cask__5x_cudnn::computeOffsetsKernel<false, false>(cask__5x_cudnn::ComputeOffsetsParams)",1,2.1435546875
256,2,conv4_1x1,volta_sgemm_64x64_nn,1,41.6630859375
256,2,conv5_3x3_s2,_5x_cudnn_volta_scudnn_128x32_sliced1x4_ldg4_relu_exp_medium_nhwc_tn_v1,1,165.310546875
256,2,conv5_3x3_s2,"void cask__5x_cudnn::computeOffsetsKernel<false, false>(cask__5x_cudnn::ComputeOffsetsParams)",1,2.49609375
256,2,conv5_3x3_s2,"void cudnn::engines_precompiled::nchwToNhwcKernel<float, float, float, false, true, (cudnnKernelDataType_t)0>(cudnn::engines_precompiled::nchw2nhwc_params_t<float>, float const*, float*)",2,19.35986328125
256,2,conv5_3x3_s2,"void cudnn::engines_precompiled::nhwcToNchwKernel<float, float, float, true, false, (cudnnKernelDataType_t)0>(cudnn::engines_precompiled::nhwc2nchw_params_t<float>, float const*, float*)",1,4.3203125
256,2,conv6_1x1,_5x_cudnn_volta_scudnn_128x64_relu_small_nn_v1,1,47.935546875
256,2,conv6_1x1,"void cask__5x_cudnn::computeOffsetsKernel<false, false>(cask__5x_cudnn::ComputeOffsetsParams)",1,2.271484375
256,2,fc1,"void gemmSN_TN_kernel<float, 128, 16, 2, 4, 2, 2, true, cublasGemvTensorStridedBatched<float const>, cublasGemvTensorStridedBatched<float const>, cublasGemvTensorStridedBatched<float> >(cublasGemmSmallNParams<cublasGemvTensorStridedBatched<float const>, cublasGemvTensorStridedBatched<float const>, cublasGemvTensorStridedBatched<float>, float>)",1,6.7197265625
256,2,fc2,"void gemmSN_TN_kernel<float, 128, 16, 2, 4, 2, 2, true, cublasGemvTensorStridedBatched<float const>, cublasGemvTensorStridedBatched<float const>, cublasGemvTensorStridedBatched<float> >(cublasGemmSmallNParams<cublasGemvTensorStridedBatched<float const>, cublasGemvTensorStridedBatched<float const>, cublasGemvTensorStridedBatched<float>, float>)",1,4.1923828125
256,2,gap,"void at::native::reduce_kernel<512, 1, at::native::ReduceOp<float, at::native::MeanOps<float, float, float, float>, unsigned int, float, 4, 4> >(at::native::ReduceOp<float, at::native::MeanOps<float, float, float, float>, unsigned int, float, 4, 4>)",1,7.16796875
256,2,maxpool1,"void at::native::(anonymous namespace)::max_pool_forward_nchw<float, int>(int, float const*, long, long, long, int, int, int, int, int, int, int, int, int, int, float*, long*)",1,36.1279296875
256,2,relu1,"void at::native::vectorized_elementwise_kernel<4, at::native::(anonymous namespace)::launch_clamp_scalar(at::TensorIteratorBase&, c10::Scalar, c10::Scalar, at::native::detail::ClampLimits)::{lambda()#1}::operator()() const::{lambda()#7}::operator()() const::{lambda(float)#1}, std::array<char*, 2ul> >(int, at::native::(anonymous namespace)::launch_clamp_scalar(at::TensorIteratorBase&, c10::Scalar, c10::Scalar, at::native::detail::ClampLimits)::{lambda()#1}::operator()() const::{lambda()#7}::operator()() const::{lambda(float)#1}, std::array<char*, 2ul>)",1,25.1826171875
256,2,relu2,"void at::native::vectorized_elementwise_kernel<4, at::native::(anonymous namespace)::launch_clamp_scalar(at::TensorIteratorBase&, c10::Scalar, c10::Scalar, at::native::detail::ClampLimits)::{lambda()#1}::operator()() const::{lambda()#7}::operator()() const::{lambda(float)#1}, std::array<char*, 2ul> >(int, at::native::(anonymous namespace)::launch_clamp_scalar(at::TensorIteratorBase&, c10::Scalar, c10::Scalar, at::native::detail::ClampLimits)::{lambda()#1}::operator()() const::{lambda()#7}::operator()() const::{lambda(float)#1}, std::array<char*, 2ul>)",1,5.6640625
256,2,relu3,"void at::native::vectorized_elementwise_kernel<4, at::native::(anonymous namespace)::launch_clamp_scalar(at::TensorIteratorBase&, c10::Scalar, c10::Scalar, at::native::detail::ClampLimits)::{lambda()#1}::operator()() const::{lambda()#7}::operator()() const::{lambda(float)#1}, std::array<char*, 2ul> >(int, at::native::(anonymous namespace)::launch_clamp_scalar(at::TensorIteratorBase&, c10::Scalar, c10::Scalar, at::native::detail::ClampLimits)::{lambda()#1}::operator()() const::{lambda()#7}::operator()() const::{lambda(float)#1}, std::array<char*, 2ul>)",1,3.83984375
256,2,relu4,"void at::native::vectorized_elementwise_kernel<4, at::native::(anonymous namespace)::launch_clamp_scalar(at::TensorIteratorBase&, c10::Scalar, c10::Scalar, at::native::detail::ClampLimits)::{lambda()#1}::operator()() const::{lambda()#7}::operator()() const::{lambda(float)#1}, std::array<char*, 2ul> >(int, at::native::(anonymous namespace)::launch_clamp_scalar(at::TensorIteratorBase&, c10::Scalar, c10::Scalar, at::native::detail::ClampLimits)::{lambda()#1}::operator()() const::{lambda()#7}::operator()() const::{lambda(float)#1}, std::array<char*, 2ul>)",1,5.82421875
256,2,relu5,"void at::native::vectorized_elementwise_kernel<4, at::native::(anonymous namespace)::launch_clamp_scalar(at::TensorIteratorBase&, c10::Scalar, c10::Scalar, at::native::detail::ClampLimits)::{lambda()#1}::operator()() const::{lambda()#7}::operator()() const::{lambda(float)#1}, std::array<char*, 2ul> >(int, at::native::(anonymous namespace)::launch_clamp_scalar(at::TensorIteratorBase&, c10::Scalar, c10::Scalar, at::native::detail::ClampLimits)::{lambda()#1}::operator()() const::{lambda()#7}::operator()() const::{lambda(float)#1}, std::array<char*, 2ul>)",1,3.16796875
256,2,relu6,"void at::native::vectorized_elementwise_kernel<4, at::native::(anonymous namespace)::launch_clamp_scalar(at::TensorIteratorBase&, c10::Scalar, c10::Scalar, at::native::detail::ClampLimits)::{lambda()#1}::operator()() const::{lambda()#7}::operator()() const::{lambda(float)#1}, std::array<char*, 2ul> >(int, at::native::(anonymous namespace)::launch_clamp_scalar(at::TensorIteratorBase&, c10::Scalar, c10::Scalar, at::native::detail::ClampLimits)::{lambda()#1}::operator()() const::{lambda()#7}::operator()() const::{lambda(float)#1}, std::array<char*, 2ul>)",1,3.935546875
256,2,relu7,"void at::native::vectorized_elementwise_kernel<4, at::native::(anonymous namespace)::launch_clamp_scalar(at::TensorIteratorBase&, c10::Scalar, c10::Scalar, at::native::detail::ClampLimits)::{lambda()#1}::operator()() const::{lambda()#7}::operator()() const::{lambda(float)#1}, std::array<char*, 2ul> >(int, at::native::(anonymous namespace)::launch_clamp_scalar(at::TensorIteratorBase&, c10::Scalar, c10::Scalar, at::native::detail::ClampLimits)::{lambda()#1}::operator()() const::{lambda()#7}::operator()() const::{lambda(float)#1}, std::array<char*, 2ul>)",1,2.1435546875
256,4,conv1_7x7_s2,_5x_cudnn_volta_scudnn_128x32_relu_medium_nn_v1,1,187.455078125
256,4,conv1_7x7_s2,"void cask__5x_cudnn::computeOffsetsKernel<false, false>(cask__5x_cudnn::ComputeOffsetsParams)",1,2.6884765625
256,4,conv2_5x5,_5x_cudnn_volta_scudnn_128x64_relu_xregs_large_nn_v1,1,421.212890625
256,4,conv2_5x5,"void cask__5x_cudnn::computeOffsetsKernel<false, false>(cask__5x_cudnn::ComputeOffsetsParams)",1,2.5283203125
256,4,conv3_3x3_s2,_5x_cudnn_volta_scudnn_128x64_relu_xregs_large_nn_v1,1,159.806640625
256,4,conv3_3x3_s2,"void cask__5x_cudnn::computeOffsetsKernel<false, false>(cask__5x_cudnn::ComputeOffsetsParams)",1,3.1357421875
256,4,conv4_1x1,volta_sgemm_128x64_nn,1,74.3349609375
256,4,conv5_3x3_s2,_5x_cudnn_volta_scudnn_128x64_relu_small_nn_v1,1,340.25390625
256,4,conv5_3x3_s2,"void cask__5x_cudnn::computeOffsetsKernel<false, false>(cask__5x_cudnn::ComputeOffsetsParams)",1,2.912109375
256,4,conv6_1x1,_5x_cudnn_volta_scudnn_128x64_relu_small_nn_v1,1,79.966796875
256,4,conv6_1x1,"void cask__5x_cudnn::computeOffsetsKernel<false, false>(cask__5x_cudnn::ComputeOffsetsParams)",1,2.49609375
256,4,fc1,"void gemmSN_TN_kernel<float, 128, 16, 2, 4, 4, 4, true, cublasGemvTensorStridedBatched<float const>, cublasGemvTensorStridedBatched<float const>, cublasGemvTensorStridedBatched<float> >(cublasGemmSmallNParams<cublasGemvTensorStridedBatched<float const>, cublasGemvTensorStridedBatched<float const>, cublasGemvTensorStridedBatched<float>, float>)",1,7.48828125
256,4,fc2,"void gemmSN_TN_kernel<float, 128, 16, 2, 4, 4, 4, true, cublasGemvTensorStridedBatched<float const>, cublasGemvTensorStridedBatched<float const>, cublasGemvTensorStridedBatched<float> >(cublasGemmSmallNParams<cublasGemvTensorStridedBatched<float const>, cublasGemvTensorStridedBatched<float const>, cublasGemvTensorStridedBatched<float>, float>)",1,4.2236328125
256,4,gap,"void at::native::reduce_kernel<512, 1, at::native::ReduceOp<float, at::native::MeanOps<float, float, float, float>, unsigned int, float, 4, 4> >(at::native::ReduceOp<float, at::native::MeanOps<float, float, float, float>, unsigned int, float, 4, 4>)",1,10.0478515625
256,4,maxpool1,"void at::native::(anonymous namespace)::max_pool_forward_nchw<float, int>(int, float const*, long, long, long, int, int, int, int, int, int, int, int, int, int, float*, long*)",1,70.0146484375
256,4,relu1,"void at::native::vectorized_elementwise_kernel<4, at::native::(anonymous namespace)::launch_clamp_scalar(at::TensorIteratorBase&, c10::Scalar, c10::Scalar, at::native::detail::ClampLimits)::{lambda()#1}::operator()() const::{lambda()#7}::operator()() const::{lambda(float)#1}, std::array<char*, 2ul> >(int, at::native::(anonymous namespace)::launch_clamp_scalar(at::TensorIteratorBase&, c10::Scalar, c10::Scalar, at::native::detail::ClampLimits)::{lambda()#1}::operator()() const::{lambda()#7}::operator()() const::{lambda(float)#1}, std::array<char*, 2ul>)",1,70.5283203125
256,4,relu2,"void at::native::vectorized_elementwise_kernel<4, at::native::(anonymous namespace)::launch_clamp_scalar(at::TensorIteratorBase&, c10::Scalar, c10::Scalar, at::native::detail::ClampLimits)::{lambda()#1}::operator()() const::{lambda()#7}::operator()() const::{lambda(float)#1}, std::array<char*, 2ul> >(int, at::native::(anonymous namespace)::launch_clamp_scalar(at::TensorIteratorBase&, c10::Scalar, c10::Scalar, at::native::detail::ClampLimits)::{lambda()#1}::operator()() const::{lambda()#7}::operator()() const::{lambda(float)#1}, std::array<char*, 2ul>)",1,27.51953125
256,4,relu3,"void at::native::vectorized_elementwise_kernel<4, at::native::(anonymous namespace)::launch_clamp_scalar(at::TensorIteratorBase&, c10::Scalar, c10::Scalar, at::native::detail::ClampLimits)::{lambda()#1}::operator()() const::{lambda()#7}::operator()() const::{lambda(float)#1}, std::array<char*, 2ul> >(int, at::native::(anonymous namespace)::launch_clamp_scalar(at::TensorIteratorBase&, c10::Scalar, c10::Scalar, at::native::detail::ClampLimits)::{lambda()#1}::operator()() const::{lambda()#7}::operator()() const::{lambda(float)#1}, std::array<char*, 2ul>)",1,6.2080078125
256,4,relu4,"void at::native::vectorized_elementwise_kernel<4, at::native::(anonymous namespace)::launch_clamp_scalar(at::TensorIteratorBase&, c10::Scalar, c10::Scalar, at::native::detail::ClampLimits)::{lambda()#1}::operator()() const::{lambda()#7}::operator()() const::{lambda(float)#1}, std::array<char*, 2ul> >(int, at::native::(anonymous namespace)::launch_clamp_scalar(at::TensorIteratorBase&, c10::Scalar, c10::Scalar, at::native::detail::ClampLimits)::{lambda()#1}::operator()() const::{lambda()#7}::operator()() const::{lambda(float)#1}, std::array<char*, 2ul>)",1,35.2958984375
256,4,relu5,"void at::native::vectorized_elementwise_kernel<4, at::native::(anonymous namespace)::launch_clamp_scalar(at::TensorIteratorBase&, c10::Scalar, c10::Scalar, at::native::detail::ClampLimits)::{lambda()#1}::operator()() const::{lambda()#7}::operator()() const::{lambda(float)#1}, std::array<char*, 2ul> >(int, at::native::(anonymous namespace)::launch_clamp_scalar(at::TensorIteratorBase&, c10::Scalar, c10::Scalar, at::native::detail::ClampLimits)::{lambda()#1}::operator()() const::{lambda()#7}::operator()() const::{lambda(float)#1}, std::array<char*, 2ul>)",1,4.1923828125
256,4,relu6,"void at::native::vectorized_elementwise_kernel<4, at::native::(anonymous namespace)::launch_clamp_scalar(at::TensorIteratorBase&, c10::Scalar, c10::Scalar, at::native::detail::ClampLimits)::{lambda()#1}::operator()() const::{lambda()#7}::operator()() const::{lambda(float)#1}, std::array<char*, 2ul> >(int, at::native::(anonymous namespace)::launch_clamp_scalar(at::TensorIteratorBase&, c10::Scalar, c10::Scalar, at::native::detail::ClampLimits)::{lambda()#1}::operator()() const::{lambda()#7}::operator()() const::{lambda(float)#1}, std::array<char*, 2ul>)",1,5.6318359375
256,4,relu7,"void at::native::vectorized_elementwise_kernel<4, at::native::(anonymous namespace)::launch_clamp_scalar(at::TensorIteratorBase&, c10::Scalar, c10::Scalar, at::native::detail::ClampLimits)::{lambda()#1}::operator()() const::{lambda()#7}::operator()() const::{lambda(float)#1}, std::array<char*, 2ul> >(int, at::native::(anonymous namespace)::launch_clamp_scalar(at::TensorIteratorBase&, c10::Scalar, c10::Scalar, at::native::detail::ClampLimits)::{lambda()#1}::operator()() const::{lambda()#7}::operator()() const::{lambda(float)#1}, std::array<char*, 2ul>)",1,1.9521484375
256,8,conv1_7x7_s2,_5x_cudnn_volta_scudnn_128x32_relu_medium_nn_v1,1,369.435546875
256,8,conv1_7x7_s2,"void cask__5x_cudnn::computeOffsetsKernel<false, false>(cask__5x_cudnn::ComputeOffsetsParams)",1,2.7841796875
256,8,conv2_5x5,_5x_cudnn_volta_scudnn_128x64_relu_xregs_large_nn_v1,1,745.1435546875
256,8,conv2_5x5,"void cask__5x_cudnn::computeOffsetsKernel<false, false>(cask__5x_cudnn::ComputeOffsetsParams)",1,3.0068359375
256,8,conv3_3x3_s2,_5x_cudnn_volta_scudnn_128x64_relu_xregs_large_nn_v1,1,323.1962890625
256,8,conv3_3x3_s2,"void cask__5x_cudnn::computeOffsetsKernel<false, false>(cask__5x_cudnn::ComputeOffsetsParams)",1,2.9755859375
256,8,conv4_1x1,volta_sgemm_128x64_nn,1,132.8935546875
256,8,conv5_3x3_s2,"void implicit_convolve_sgemm<float, float, 512, 6, 8, 3, 3, 5, 1, false, false, true>(int, int, int, float const*, int, float*, float const*, kernel_conv_params, unsigned long long, int, float, float, int, float const*, float const*, bool, bool, int, int)",1,795.798828125
256,8,conv6_1x1,_5x_cudnn_volta_scudnn_128x64_relu_small_nn_v1,1,151.837890625
256,8,conv6_1x1,"void cask__5x_cudnn::computeOffsetsKernel<false, false>(cask__5x_cudnn::ComputeOffsetsParams)",1,2.5595703125
256,8,fc1,"void gemmSN_TN_kernel<float, 128, 16, 2, 4, 8, 9, false, cublasGemvTensorStridedBatched<float const>, cublasGemvTensorStridedBatched<float const>, cublasGemvTensorStridedBatched<float> >(cublasGemmSmallNParams<cublasGemvTensorStridedBatched<float const>, cublasGemvTensorStridedBatched<float const>, cublasGemvTensorStridedBatched<float>, float>)",1,11.390625
256,8,fc2,"void gemmSN_TN_kernel<float, 128, 16, 2, 4, 8, 9, false, cublasGemvTensorStridedBatched<float const>, cublasGemvTensorStridedBatched<float const>, cublasGemvTensorStridedBatched<float> >(cublasGemmSmallNParams<cublasGemvTensorStridedBatched<float const>, cublasGemvTensorStridedBatched<float const>, cublasGemvTensorStridedBatched<float>, float>)",1,6.1435546875
256,8,gap,"void at::native::reduce_kernel<512, 1, at::native::ReduceOp<float, at::native::MeanOps<float, float, float, float>, unsigned int, float, 4, 4> >(at::native::ReduceOp<float, at::native::MeanOps<float, float, float, float>, unsigned int, float, 4, 4>)",1,18.1435546875
256,8,maxpool1,"void at::native::(anonymous namespace)::max_pool_forward_nchw<float, int>(int, float const*, long, long, long, int, int, int, int, int, int, int, int, int, int, float*, long*)",1,135.1025390625
256,8,relu1,"void at::native::vectorized_elementwise_kernel<4, at::native::(anonymous namespace)::launch_clamp_scalar(at::TensorIteratorBase&, c10::Scalar, c10::Scalar, at::native::detail::ClampLimits)::{lambda()#1}::operator()() const::{lambda()#7}::operator()() const::{lambda(float)#1}, std::array<char*, 2ul> >(int, at::native::(anonymous namespace)::launch_clamp_scalar(at::TensorIteratorBase&, c10::Scalar, c10::Scalar, at::native::detail::ClampLimits)::{lambda()#1}::operator()() const::{lambda()#7}::operator()() const::{lambda(float)#1}, std::array<char*, 2ul>)",1,141.0537109375
256,8,relu2,"void at::native::vectorized_elementwise_kernel<4, at::native::(anonymous namespace)::launch_clamp_scalar(at::TensorIteratorBase&, c10::Scalar, c10::Scalar, at::native::detail::ClampLimits)::{lambda()#1}::operator()() const::{lambda()#7}::operator()() const::{lambda(float)#1}, std::array<char*, 2ul> >(int, at::native::(anonymous namespace)::launch_clamp_scalar(at::TensorIteratorBase&, c10::Scalar, c10::Scalar, at::native::detail::ClampLimits)::{lambda()#1}::operator()() const::{lambda()#7}::operator()() const::{lambda(float)#1}, std::array<char*, 2ul>)",1,69.8232421875
256,8,relu3,"void at::native::vectorized_elementwise_kernel<4, at::native::(anonymous namespace)::launch_clamp_scalar(at::TensorIteratorBase&, c10::Scalar, c10::Scalar, at::native::detail::ClampLimits)::{lambda()#1}::operator()() const::{lambda()#7}::operator()() const::{lambda(float)#1}, std::array<char*, 2ul> >(int, at::native::(anonymous namespace)::launch_clamp_scalar(at::TensorIteratorBase&, c10::Scalar, c10::Scalar, at::native::detail::ClampLimits)::{lambda()#1}::operator()() const::{lambda()#7}::operator()() const::{lambda(float)#1}, std::array<char*, 2ul>)",1,26.7197265625
256,8,relu4,"void at::native::vectorized_elementwise_kernel<4, at::native::(anonymous namespace)::launch_clamp_scalar(at::TensorIteratorBase&, c10::Scalar, c10::Scalar, at::native::detail::ClampLimits)::{lambda()#1}::operator()() const::{lambda()#7}::operator()() const::{lambda(float)#1}, std::array<char*, 2ul> >(int, at::native::(anonymous namespace)::launch_clamp_scalar(at::TensorIteratorBase&, c10::Scalar, c10::Scalar, at::native::detail::ClampLimits)::{lambda()#1}::operator()() const::{lambda()#7}::operator()() const::{lambda(float)#1}, std::array<char*, 2ul>)",1,70.4306640625
256,8,relu5,"void at::native::vectorized_elementwise_kernel<4, at::native::(anonymous namespace)::launch_clamp_scalar(at::TensorIteratorBase&, c10::Scalar, c10::Scalar, at::native::detail::ClampLimits)::{lambda()#1}::operator()() const::{lambda()#7}::operator()() const::{lambda(float)#1}, std::array<char*, 2ul> >(int, at::native::(anonymous namespace)::launch_clamp_scalar(at::TensorIteratorBase&, c10::Scalar, c10::Scalar, at::native::detail::ClampLimits)::{lambda()#1}::operator()() const::{lambda()#7}::operator()() const::{lambda(float)#1}, std::array<char*, 2ul>)",1,6.400390625
256,8,relu6,"void at::native::vectorized_elementwise_kernel<4, at::native::(anonymous namespace)::launch_clamp_scalar(at::TensorIteratorBase&, c10::Scalar, c10::Scalar, at::native::detail::ClampLimits)::{lambda()#1}::operator()() const::{lambda()#7}::operator()() const::{lambda(float)#1}, std::array<char*, 2ul> >(int, at::native::(anonymous namespace)::launch_clamp_scalar(at::TensorIteratorBase&, c10::Scalar, c10::Scalar, at::native::detail::ClampLimits)::{lambda()#1}::operator()() const::{lambda()#7}::operator()() const::{lambda(float)#1}, std::array<char*, 2ul>)",1,25.7275390625
256,8,relu7,"void at::native::vectorized_elementwise_kernel<4, at::native::(anonymous namespace)::launch_clamp_scalar(at::TensorIteratorBase&, c10::Scalar, c10::Scalar, at::native::detail::ClampLimits)::{lambda()#1}::operator()() const::{lambda()#7}::operator()() const::{lambda(float)#1}, std::array<char*, 2ul> >(int, at::native::(anonymous namespace)::launch_clamp_scalar(at::TensorIteratorBase&, c10::Scalar, c10::Scalar, at::native::detail::ClampLimits)::{lambda()#1}::operator()() const::{lambda()#7}::operator()() const::{lambda(float)#1}, std::array<char*, 2ul>)",1,2.3359375
256,16,conv1_7x7_s2,_5x_cudnn_volta_scudnn_128x32_relu_medium_nn_v1,1,794.7763671875
256,16,conv1_7x7_s2,"void cask__5x_cudnn::computeOffsetsKernel<false, false>(cask__5x_cudnn::ComputeOffsetsParams)",1,3.0400390625
256,16,conv2_5x5,"void cudnn::winograd_nonfused::winogradForwardData9x9_5x5<float, float>(cudnn::winograd_nonfused::WinogradDataParams<float, float>)",1,352.0283203125
256,16,conv2_5x5,"void cudnn::winograd_nonfused::winogradForwardFilter9x9_5x5<float, float>(cudnn::winograd_nonfused::WinogradFilterParams<float, float>)",1,9.9521484375
256,16,conv2_5x5,"void cudnn::winograd_nonfused::winogradForwardOutput9x9_5x5<float, float>(cudnn::winograd_nonfused::WinogradOutputParams<float, float>)",1,441.0830078125
256,16,conv2_5x5,volta_sgemm_128x64_nn,1,313.6611328125
256,16,conv3_3x3_s2,_5x_cudnn_volta_scudnn_128x64_relu_xregs_large_nn_v1,1,605.8818359375
256,16,conv3_3x3_s2,"void cask__5x_cudnn::computeOffsetsKernel<false, false>(cask__5x_cudnn::ComputeOffsetsParams)",1,3.263671875
256,16,conv4_1x1,volta_sgemm_128x64_nn,1,264.029296875
256,16,conv5_3x3_s2,_5x_cudnn_volta_scudnn_128x64_relu_small_nn_v1,1,1363.44140625
256,16,conv5_3x3_s2,"void cask__5x_cudnn::computeOffsetsKernel<false, false>(cask__5x_cudnn::ComputeOffsetsParams)",1,3.263671875
256,16,conv6_1x1,_5x_cudnn_volta_scudnn_128x64_relu_small_nn_v1,1,287.9970703125
256,16,conv6_1x1,"void cask__5x_cudnn::computeOffsetsKernel<false, false>(cask__5x_cudnn::ComputeOffsetsParams)",1,3.263671875
256,16,fc1,"void gemmSN_TN_kernel<float, 128, 16, 2, 4, 8, 9, false, cublasGemvTensorStridedBatched<float const>, cublasGemvTensorStridedBatched<float const>, cublasGemvTensorStridedBatched<float> >(cublasGemmSmallNParams<cublasGemvTensorStridedBatched<float const>, cublasGemvTensorStridedBatched<float const>, cublasGemvTensorStridedBatched<float>, float>)",1,14.9755859375
256,16,fc2,"void gemmSN_TN_kernel<float, 128, 16, 2, 4, 8, 9, false, cublasGemvTensorStridedBatched<float const>, cublasGemvTensorStridedBatched<float const>, cublasGemvTensorStridedBatched<float> >(cublasGemmSmallNParams<cublasGemvTensorStridedBatched<float const>, cublasGemvTensorStridedBatched<float const>, cublasGemvTensorStridedBatched<float>, float>)",1,6.8798828125
256,16,gap,"void at::native::reduce_kernel<512, 1, at::native::ReduceOp<float, at::native::MeanOps<float, float, float, float>, unsigned int, float, 4, 4> >(at::native::ReduceOp<float, at::native::MeanOps<float, float, float, float>, unsigned int, float, 4, 4>)",1,50.783203125
256,16,maxpool1,"void at::native::(anonymous namespace)::max_pool_forward_nchw<float, int>(int, float const*, long, long, long, int, int, int, int, int, int, int, int, int, int, float*, long*)",1,281.2451171875
256,16,relu1,"void at::native::vectorized_elementwise_kernel<4, at::native::(anonymous namespace)::launch_clamp_scalar(at::TensorIteratorBase&, c10::Scalar, c10::Scalar, at::native::detail::ClampLimits)::{lambda()#1}::operator()() const::{lambda()#7}::operator()() const::{lambda(float)#1}, std::array<char*, 2ul> >(int, at::native::(anonymous namespace)::launch_clamp_scalar(at::TensorIteratorBase&, c10::Scalar, c10::Scalar, at::native::detail::ClampLimits)::{lambda()#1}::operator()() const::{lambda()#7}::operator()() const::{lambda(float)#1}, std::array<char*, 2ul>)",1,280.3486328125
256,16,relu2,"void at::native::vectorized_elementwise_kernel<4, at::native::(anonymous namespace)::launch_clamp_scalar(at::TensorIteratorBase&, c10::Scalar, c10::Scalar, at::native::detail::ClampLimits)::{lambda()#1}::operator()() const::{lambda()#7}::operator()() const::{lambda(float)#1}, std::array<char*, 2ul> >(int, at::native::(anonymous namespace)::launch_clamp_scalar(at::TensorIteratorBase&, c10::Scalar, c10::Scalar, at::native::detail::ClampLimits)::{lambda()#1}::operator()() const::{lambda()#7}::operator()() const::{lambda(float)#1}, std::array<char*, 2ul>)",1,136.318359375
256,16,relu3,"void at::native::vectorized_elementwise_kernel<4, at::native::(anonymous namespace)::launch_clamp_scalar(at::TensorIteratorBase&, c10::Scalar, c10::Scalar, at::native::detail::ClampLimits)::{lambda()#1}::operator()() const::{lambda()#7}::operator()() const::{lambda(float)#1}, std::array<char*, 2ul> >(int, at::native::(anonymous namespace)::launch_clamp_scalar(at::TensorIteratorBase&, c10::Scalar, c10::Scalar, at::native::detail::ClampLimits)::{lambda()#1}::operator()() const::{lambda()#7}::operator()() const::{lambda(float)#1}, std::array<char*, 2ul>)",1,69.1513671875
256,16,relu4,"void at::native::vectorized_elementwise_kernel<4, at::native::(anonymous namespace)::launch_clamp_scalar(at::TensorIteratorBase&, c10::Scalar, c10::Scalar, at::native::detail::ClampLimits)::{lambda()#1}::operator()() const::{lambda()#7}::operator()() const::{lambda(float)#1}, std::array<char*, 2ul> >(int, at::native::(anonymous namespace)::launch_clamp_scalar(at::TensorIteratorBase&, c10::Scalar, c10::Scalar, at::native::detail::ClampLimits)::{lambda()#1}::operator()() const::{lambda()#7}::operator()() const::{lambda(float)#1}, std::array<char*, 2ul>)",1,142.87890625
256,16,relu5,"void at::native::vectorized_elementwise_kernel<4, at::native::(anonymous namespace)::launch_clamp_scalar(at::TensorIteratorBase&, c10::Scalar, c10::Scalar, at::native::detail::ClampLimits)::{lambda()#1}::operator()() const::{lambda()#7}::operator()() const::{lambda(float)#1}, std::array<char*, 2ul> >(int, at::native::(anonymous namespace)::launch_clamp_scalar(at::TensorIteratorBase&, c10::Scalar, c10::Scalar, at::native::detail::ClampLimits)::{lambda()#1}::operator()() const::{lambda()#7}::operator()() const::{lambda(float)#1}, std::array<char*, 2ul>)",1,27.744140625
256,16,relu6,"void at::native::vectorized_elementwise_kernel<4, at::native::(anonymous namespace)::launch_clamp_scalar(at::TensorIteratorBase&, c10::Scalar, c10::Scalar, at::native::detail::ClampLimits)::{lambda()#1}::operator()() const::{lambda()#7}::operator()() const::{lambda(float)#1}, std::array<char*, 2ul> >(int, at::native::(anonymous namespace)::launch_clamp_scalar(at::TensorIteratorBase&, c10::Scalar, c10::Scalar, at::native::detail::ClampLimits)::{lambda()#1}::operator()() const::{lambda()#7}::operator()() const::{lambda(float)#1}, std::array<char*, 2ul>)",1,66.623046875
256,16,relu7,"void at::native::vectorized_elementwise_kernel<4, at::native::(anonymous namespace)::launch_clamp_scalar(at::TensorIteratorBase&, c10::Scalar, c10::Scalar, at::native::detail::ClampLimits)::{lambda()#1}::operator()() const::{lambda()#7}::operator()() const::{lambda(float)#1}, std::array<char*, 2ul> >(int, at::native::(anonymous namespace)::launch_clamp_scalar(at::TensorIteratorBase&, c10::Scalar, c10::Scalar, at::native::detail::ClampLimits)::{lambda()#1}::operator()() const::{lambda()#7}::operator()() const::{lambda(float)#1}, std::array<char*, 2ul>)",1,2.5595703125
256,32,conv1_7x7_s2,_5x_cudnn_volta_scudnn_128x32_relu_medium_nn_v1,1,1663.08984375
256,32,conv1_7x7_s2,"void cask__5x_cudnn::computeOffsetsKernel<false, false>(cask__5x_cudnn::ComputeOffsetsParams)",1,3.232421875
256,32,conv2_5x5,"void cudnn::winograd_nonfused::winogradForwardData9x9_5x5<float, float>(cudnn::winograd_nonfused::WinogradDataParams<float, float>)",1,642.39453125
256,32,conv2_5x5,"void cudnn::winograd_nonfused::winogradForwardFilter9x9_5x5<float, float>(cudnn::winograd_nonfused::WinogradFilterParams<float, float>)",1,9.568359375
256,32,conv2_5x5,"void cudnn::winograd_nonfused::winogradForwardOutput9x9_5x5<float, float>(cudnn::winograd_nonfused::WinogradOutputParams<float, float>)",1,855.0966796875
256,32,conv2_5x5,volta_sgemm_128x64_nn,1,617.8818359375
256,32,conv3_3x3_s2,_5x_cudnn_volta_scudnn_128x64_relu_xregs_large_nn_v1,1,1074.421875
256,32,conv3_3x3_s2,"void cask__5x_cudnn::computeOffsetsKernel<false, false>(cask__5x_cudnn::ComputeOffsetsParams)",1,3.1357421875
256,32,conv4_1x1,volta_sgemm_128x64_nn,1,500.34765625
256,32,conv5_3x3_s2,_5x_cudnn_volta_scudnn_128x64_relu_xregs_large_nn_v1,1,2259.021484375
256,32,conv5_3x3_s2,"void cask__5x_cudnn::computeOffsetsKernel<false, false>(cask__5x_cudnn::ComputeOffsetsParams)",1,3.1357421875
256,32,conv6_1x1,_5x_cudnn_volta_scudnn_128x128_relu_medium_nn_v1,1,519.130859375
256,32,conv6_1x1,"void cask__5x_cudnn::computeOffsetsKernel<false, false>(cask__5x_cudnn::ComputeOffsetsParams)",1,3.103515625
256,32,fc1,"void cublasLt::splitKreduce_kernel<32, 16, int, float, float, float, float, false, float, float, float, true, true, false>(cublasLt::cublasSplitKParams<float>, float const*, float const*, float*, float*, float const*, float const*, float const*, float const*, float*, void*, long, float*, int*, float*, float*, float const*, float const*, float const*, float const*, float const*)",1,3.8076171875
256,32,fc1,volta_sgemm_64x32_sliced1x4_tn,1,13.8564453125
256,32,fc2,volta_sgemm_32x32_sliced1x4_tn,1,15.9677734375
256,32,gap,"void at::native::reduce_kernel<512, 1, at::native::ReduceOp<float, at::native::MeanOps<float, float, float, float>, unsigned int, float, 4, 4> >(at::native::ReduceOp<float, at::native::MeanOps<float, float, float, float>, unsigned int, float, 4, 4>)",1,81.8232421875
256,32,maxpool1,"void at::native::(anonymous namespace)::max_pool_forward_nchw<float, int>(int, float const*, long, long, long, int, int, int, int, int, int, int, int, int, int, float*, long*)",1,586.265625
256,32,relu1,"void at::native::vectorized_elementwise_kernel<4, at::native::(anonymous namespace)::launch_clamp_scalar(at::TensorIteratorBase&, c10::Scalar, c10::Scalar, at::native::detail::ClampLimits)::{lambda()#1}::operator()() const::{lambda()#7}::operator()() const::{lambda(float)#1}, std::array<char*, 2ul> >(int, at::native::(anonymous namespace)::launch_clamp_scalar(at::TensorIteratorBase&, c10::Scalar, c10::Scalar, at::native::detail::ClampLimits)::{lambda()#1}::operator()() const::{lambda()#7}::operator()() const::{lambda(float)#1}, std::array<char*, 2ul>)",1,559.35546875
256,32,relu2,"void at::native::vectorized_elementwise_kernel<4, at::native::(anonymous namespace)::launch_clamp_scalar(at::TensorIteratorBase&, c10::Scalar, c10::Scalar, at::native::detail::ClampLimits)::{lambda()#1}::operator()() const::{lambda()#7}::operator()() const::{lambda(float)#1}, std::array<char*, 2ul> >(int, at::native::(anonymous namespace)::launch_clamp_scalar(at::TensorIteratorBase&, c10::Scalar, c10::Scalar, at::native::detail::ClampLimits)::{lambda()#1}::operator()() const::{lambda()#7}::operator()() const::{lambda(float)#1}, std::array<char*, 2ul>)",1,277.8212890625
256,32,relu3,"void at::native::vectorized_elementwise_kernel<4, at::native::(anonymous namespace)::launch_clamp_scalar(at::TensorIteratorBase&, c10::Scalar, c10::Scalar, at::native::detail::ClampLimits)::{lambda()#1}::operator()() const::{lambda()#7}::operator()() const::{lambda(float)#1}, std::array<char*, 2ul> >(int, at::native::(anonymous namespace)::launch_clamp_scalar(at::TensorIteratorBase&, c10::Scalar, c10::Scalar, at::native::detail::ClampLimits)::{lambda()#1}::operator()() const::{lambda()#7}::operator()() const::{lambda(float)#1}, std::array<char*, 2ul>)",1,139.19921875
256,32,relu4,"void at::native::vectorized_elementwise_kernel<4, at::native::(anonymous namespace)::launch_clamp_scalar(at::TensorIteratorBase&, c10::Scalar, c10::Scalar, at::native::detail::ClampLimits)::{lambda()#1}::operator()() const::{lambda()#7}::operator()() const::{lambda(float)#1}, std::array<char*, 2ul> >(int, at::native::(anonymous namespace)::launch_clamp_scalar(at::TensorIteratorBase&, c10::Scalar, c10::Scalar, at::native::detail::ClampLimits)::{lambda()#1}::operator()() const::{lambda()#7}::operator()() const::{lambda(float)#1}, std::array<char*, 2ul>)",1,283.29296875
256,32,relu5,"void at::native::vectorized_elementwise_kernel<4, at::native::(anonymous namespace)::launch_clamp_scalar(at::TensorIteratorBase&, c10::Scalar, c10::Scalar, at::native::detail::ClampLimits)::{lambda()#1}::operator()() const::{lambda()#7}::operator()() const::{lambda(float)#1}, std::array<char*, 2ul> >(int, at::native::(anonymous namespace)::launch_clamp_scalar(at::TensorIteratorBase&, c10::Scalar, c10::Scalar, at::native::detail::ClampLimits)::{lambda()#1}::operator()() const::{lambda()#7}::operator()() const::{lambda(float)#1}, std::array<char*, 2ul>)",1,63.775390625
256,32,relu6,"void at::native::vectorized_elementwise_kernel<4, at::native::(anonymous namespace)::launch_clamp_scalar(at::TensorIteratorBase&, c10::Scalar, c10::Scalar, at::native::detail::ClampLimits)::{lambda()#1}::operator()() const::{lambda()#7}::operator()() const::{lambda(float)#1}, std::array<char*, 2ul> >(int, at::native::(anonymous namespace)::launch_clamp_scalar(at::TensorIteratorBase&, c10::Scalar, c10::Scalar, at::native::detail::ClampLimits)::{lambda()#1}::operator()() const::{lambda()#7}::operator()() const::{lambda(float)#1}, std::array<char*, 2ul>)",1,139.4873046875
256,32,relu7,"void at::native::vectorized_elementwise_kernel<4, at::native::(anonymous namespace)::launch_clamp_scalar(at::TensorIteratorBase&, c10::Scalar, c10::Scalar, at::native::detail::ClampLimits)::{lambda()#1}::operator()() const::{lambda()#7}::operator()() const::{lambda(float)#1}, std::array<char*, 2ul> >(int, at::native::(anonymous namespace)::launch_clamp_scalar(at::TensorIteratorBase&, c10::Scalar, c10::Scalar, at::native::detail::ClampLimits)::{lambda()#1}::operator()() const::{lambda()#7}::operator()() const::{lambda(float)#1}, std::array<char*, 2ul>)",1,2.2080078125
256,64,conv1_7x7_s2,_5x_cudnn_volta_scudnn_128x32_relu_medium_nn_v1,1,3204.4462890625
256,64,conv1_7x7_s2,"void cask__5x_cudnn::computeOffsetsKernel<false, false>(cask__5x_cudnn::ComputeOffsetsParams)",1,3.2001953125
256,64,conv2_5x5,"void cudnn::winograd_nonfused::winogradForwardData9x9_5x5<float, float>(cudnn::winograd_nonfused::WinogradDataParams<float, float>)",1,1347.6650390625
256,64,conv2_5x5,"void cudnn::winograd_nonfused::winogradForwardFilter9x9_5x5<float, float>(cudnn::winograd_nonfused::WinogradFilterParams<float, float>)",1,9.984375
256,64,conv2_5x5,"void cudnn::winograd_nonfused::winogradForwardOutput9x9_5x5<float, float>(cudnn::winograd_nonfused::WinogradOutputParams<float, float>)",1,1762.3173828125
256,64,conv2_5x5,volta_sgemm_128x64_nn,1,1221.619140625
256,64,conv3_3x3_s2,_5x_cudnn_volta_scudnn_128x64_relu_xregs_large_nn_v1,1,2255.7197265625
256,64,conv3_3x3_s2,"void cask__5x_cudnn::computeOffsetsKernel<false, false>(cask__5x_cudnn::ComputeOffsetsParams)",1,3.263671875
256,64,conv4_1x1,volta_sgemm_128x64_nn,1,1050.388671875
256,64,conv5_3x3_s2,_5x_cudnn_volta_scudnn_128x64_relu_xregs_large_nn_v1,1,4413.6806640625
256,64,conv5_3x3_s2,"void cask__5x_cudnn::computeOffsetsKernel<false, false>(cask__5x_cudnn::ComputeOffsetsParams)",1,3.2958984375
256,64,conv6_1x1,_5x_cudnn_volta_scudnn_128x128_relu_medium_nn_v1,1,984.4384765625
256,64,conv6_1x1,"void cask__5x_cudnn::computeOffsetsKernel<false, false>(cask__5x_cudnn::ComputeOffsetsParams)",1,3.16796875
256,64,fc1,"void cublasLt::splitKreduce_kernel<32, 16, int, float, float, float, float, false, float, float, float, true, true, false>(cublasLt::cublasSplitKParams<float>, float const*, float const*, float*, float*, float const*, float const*, float const*, float const*, float*, void*, long, float*, int*, float*, float*, float const*, float const*, float const*, float const*, float const*)",1,3.8720703125
256,64,fc1,volta_sgemm_64x32_sliced1x4_tn,1,16.51171875
256,64,fc2,volta_sgemm_32x32_sliced1x4_tn,1,16.1923828125
256,64,gap,"void at::native::reduce_kernel<512, 1, at::native::ReduceOp<float, at::native::MeanOps<float, float, float, float>, unsigned int, float, 4, 4> >(at::native::ReduceOp<float, at::native::MeanOps<float, float, float, float>, unsigned int, float, 4, 4>)",1,146.2060546875
256,64,maxpool1,"void at::native::(anonymous namespace)::max_pool_forward_nchw<float, int>(int, float const*, long, long, long, int, int, int, int, int, int, int, int, int, int, float*, long*)",1,1133.267578125
256,64,relu1,"void at::native::vectorized_elementwise_kernel<4, at::native::(anonymous namespace)::launch_clamp_scalar(at::TensorIteratorBase&, c10::Scalar, c10::Scalar, at::native::detail::ClampLimits)::{lambda()#1}::operator()() const::{lambda()#7}::operator()() const::{lambda(float)#1}, std::array<char*, 2ul> >(int, at::native::(anonymous namespace)::launch_clamp_scalar(at::TensorIteratorBase&, c10::Scalar, c10::Scalar, at::native::detail::ClampLimits)::{lambda()#1}::operator()() const::{lambda()#7}::operator()() const::{lambda(float)#1}, std::array<char*, 2ul>)",1,1111.923828125
256,64,relu2,"void at::native::vectorized_elementwise_kernel<4, at::native::(anonymous namespace)::launch_clamp_scalar(at::TensorIteratorBase&, c10::Scalar, c10::Scalar, at::native::detail::ClampLimits)::{lambda()#1}::operator()() const::{lambda()#7}::operator()() const::{lambda(float)#1}, std::array<char*, 2ul> >(int, at::native::(anonymous namespace)::launch_clamp_scalar(at::TensorIteratorBase&, c10::Scalar, c10::Scalar, at::native::detail::ClampLimits)::{lambda()#1}::operator()() const::{lambda()#7}::operator()() const::{lambda(float)#1}, std::array<char*, 2ul>)",1,555.162109375
256,64,relu3,"void at::native::vectorized_elementwise_kernel<4, at::native::(anonymous namespace)::launch_clamp_scalar(at::TensorIteratorBase&, c10::Scalar, c10::Scalar, at::native::detail::ClampLimits)::{lambda()#1}::operator()() const::{lambda()#7}::operator()() const::{lambda(float)#1}, std::array<char*, 2ul> >(int, at::native::(anonymous namespace)::launch_clamp_scalar(at::TensorIteratorBase&, c10::Scalar, c10::Scalar, at::native::detail::ClampLimits)::{lambda()#1}::operator()() const::{lambda()#7}::operator()() const::{lambda(float)#1}, std::array<char*, 2ul>)",1,278.7490234375
256,64,relu4,"void at::native::vectorized_elementwise_kernel<4, at::native::(anonymous namespace)::launch_clamp_scalar(at::TensorIteratorBase&, c10::Scalar, c10::Scalar, at::native::detail::ClampLimits)::{lambda()#1}::operator()() const::{lambda()#7}::operator()() const::{lambda(float)#1}, std::array<char*, 2ul> >(int, at::native::(anonymous namespace)::launch_clamp_scalar(at::TensorIteratorBase&, c10::Scalar, c10::Scalar, at::native::detail::ClampLimits)::{lambda()#1}::operator()() const::{lambda()#7}::operator()() const::{lambda(float)#1}, std::array<char*, 2ul>)",1,557.9775390625
256,64,relu5,"void at::native::vectorized_elementwise_kernel<4, at::native::(anonymous namespace)::launch_clamp_scalar(at::TensorIteratorBase&, c10::Scalar, c10::Scalar, at::native::detail::ClampLimits)::{lambda()#1}::operator()() const::{lambda()#7}::operator()() const::{lambda(float)#1}, std::array<char*, 2ul> >(int, at::native::(anonymous namespace)::launch_clamp_scalar(at::TensorIteratorBase&, c10::Scalar, c10::Scalar, at::native::detail::ClampLimits)::{lambda()#1}::operator()() const::{lambda()#7}::operator()() const::{lambda(float)#1}, std::array<char*, 2ul>)",1,134.2060546875
256,64,relu6,"void at::native::vectorized_elementwise_kernel<4, at::native::(anonymous namespace)::launch_clamp_scalar(at::TensorIteratorBase&, c10::Scalar, c10::Scalar, at::native::detail::ClampLimits)::{lambda()#1}::operator()() const::{lambda()#7}::operator()() const::{lambda(float)#1}, std::array<char*, 2ul> >(int, at::native::(anonymous namespace)::launch_clamp_scalar(at::TensorIteratorBase&, c10::Scalar, c10::Scalar, at::native::detail::ClampLimits)::{lambda()#1}::operator()() const::{lambda()#7}::operator()() const::{lambda(float)#1}, std::array<char*, 2ul>)",1,280.4130859375
256,64,relu7,"void at::native::vectorized_elementwise_kernel<4, at::native::(anonymous namespace)::launch_clamp_scalar(at::TensorIteratorBase&, c10::Scalar, c10::Scalar, at::native::detail::ClampLimits)::{lambda()#1}::operator()() const::{lambda()#7}::operator()() const::{lambda(float)#1}, std::array<char*, 2ul> >(int, at::native::(anonymous namespace)::launch_clamp_scalar(at::TensorIteratorBase&, c10::Scalar, c10::Scalar, at::native::detail::ClampLimits)::{lambda()#1}::operator()() const::{lambda()#7}::operator()() const::{lambda(float)#1}, std::array<char*, 2ul>)",1,2.3359375
256,111,conv1_7x7_s2,"void fft2d_c2r_32x32<float, true, false, 0u, false, false>(float*, float2 const*, int, int, int, int, int, int, int, int, int, float, float, cudnn::reduced_divisor, bool, float*, float*, int2, cudnnActivationStruct, int, int)",199,152.4278717807789
256,111,conv1_7x7_s2,"void fft2d_r2c_32x32<float, false, 0u, false>(float2*, float const*, int, int, int, int, int, int, int, int, int, cudnn::reduced_divisor, bool, int2, int, int)",199,38.955475620288944
256,111,conv1_7x7_s2,"void fft2d_r2c_32x32<float, false, 1u, true>(float2*, float const*, int, int, int, int, int, int, int, int, int, cudnn::reduced_divisor, bool, int2, int, int)",1,16.064453125
256,111,conv1_7x7_s2,volta_gcgemm_32x32_nt,198,120.54668757891415
256,111,conv2_5x5,"void cudnn::winograd_nonfused::winogradForwardData9x9_5x5<float, float>(cudnn::winograd_nonfused::WinogradDataParams<float, float>)",1,2348.4248046875
256,111,conv2_5x5,"void cudnn::winograd_nonfused::winogradForwardFilter9x9_5x5<float, float>(cudnn::winograd_nonfused::WinogradFilterParams<float, float>)",1,8.83203125
256,111,conv2_5x5,"void cudnn::winograd_nonfused::winogradForwardOutput9x9_5x5<float, float>(cudnn::winograd_nonfused::WinogradOutputParams<float, float>)",1,2834.0849609375
256,111,conv2_5x5,volta_sgemm_128x64_nn,1,2186.02734375
256,111,conv3_3x3_s2,_5x_cudnn_volta_scudnn_128x64_relu_xregs_large_nn_v1,1,3363.5185546875
256,111,conv3_3x3_s2,"void cask__5x_cudnn::computeOffsetsKernel<false, false>(cask__5x_cudnn::ComputeOffsetsParams)",1,2.8798828125
256,111,conv4_1x1,volta_sgemm_128x64_nn,1,1553.296875
256,111,conv5_3x3_s2,_5x_cudnn_volta_scudnn_128x64_relu_xregs_large_nn_v1,1,6680.7041015625
256,111,conv5_3x3_s2,"void cask__5x_cudnn::computeOffsetsKernel<false, false>(cask__5x_cudnn::ComputeOffsetsParams)",1,2.9443359375
256,111,conv6_1x1,_5x_cudnn_volta_scudnn_128x128_relu_medium_nn_v1,1,1695.0244140625
256,111,conv6_1x1,"void cask__5x_cudnn::computeOffsetsKernel<false, false>(cask__5x_cudnn::ComputeOffsetsParams)",1,2.8798828125
256,111,fc1,"void cublasLt::splitKreduce_kernel<32, 16, int, float, float, float, float, false, float, float, float, true, true, false>(cublasLt::cublasSplitKParams<float>, float const*, float const*, float*, float*, float const*, float const*, float const*, float const*, float*, void*, long, float*, int*, float*, float*, float const*, float const*, float const*, float const*, float const*)",1,4.416015625
256,111,fc1,volta_sgemm_128x32_tn,1,23.2001953125
256,111,fc2,"void cublasLt::splitKreduce_kernel<32, 16, int, float, float, float, float, false, float, float, float, true, true, false>(cublasLt::cublasSplitKParams<float>, float const*, float const*, float*, float*, float const*, float const*, float const*, float const*, float*, void*, long, float*, int*, float*, float*, float const*, float const*, float const*, float const*, float const*)",1,3.51953125
256,111,fc2,volta_sgemm_128x32_tn,1,11.583984375
256,111,gap,"void at::native::reduce_kernel<512, 1, at::native::ReduceOp<float, at::native::MeanOps<float, float, float, float>, unsigned int, float, 4, 4> >(at::native::ReduceOp<float, at::native::MeanOps<float, float, float, float>, unsigned int, float, 4, 4>)",1,238.0458984375
256,111,maxpool1,"void at::native::(anonymous namespace)::max_pool_forward_nchw<float, int>(int, float const*, long, long, long, int, int, int, int, int, int, int, int, int, int, float*, long*)",1,1753.3271484375
256,111,relu1,"void at::native::vectorized_elementwise_kernel<4, at::native::(anonymous namespace)::launch_clamp_scalar(at::TensorIteratorBase&, c10::Scalar, c10::Scalar, at::native::detail::ClampLimits)::{lambda()#1}::operator()() const::{lambda()#7}::operator()() const::{lambda(float)#1}, std::array<char*, 2ul> >(int, at::native::(anonymous namespace)::launch_clamp_scalar(at::TensorIteratorBase&, c10::Scalar, c10::Scalar, at::native::detail::ClampLimits)::{lambda()#1}::operator()() const::{lambda()#7}::operator()() const::{lambda(float)#1}, std::array<char*, 2ul>)",1,1954.7333984375
256,111,relu2,"void at::native::vectorized_elementwise_kernel<4, at::native::(anonymous namespace)::launch_clamp_scalar(at::TensorIteratorBase&, c10::Scalar, c10::Scalar, at::native::detail::ClampLimits)::{lambda()#1}::operator()() const::{lambda()#7}::operator()() const::{lambda(float)#1}, std::array<char*, 2ul> >(int, at::native::(anonymous namespace)::launch_clamp_scalar(at::TensorIteratorBase&, c10::Scalar, c10::Scalar, at::native::detail::ClampLimits)::{lambda()#1}::operator()() const::{lambda()#7}::operator()() const::{lambda(float)#1}, std::array<char*, 2ul>)",1,973.0458984375
256,111,relu3,"void at::native::vectorized_elementwise_kernel<4, at::native::(anonymous namespace)::launch_clamp_scalar(at::TensorIteratorBase&, c10::Scalar, c10::Scalar, at::native::detail::ClampLimits)::{lambda()#1}::operator()() const::{lambda()#7}::operator()() const::{lambda(float)#1}, std::array<char*, 2ul> >(int, at::native::(anonymous namespace)::launch_clamp_scalar(at::TensorIteratorBase&, c10::Scalar, c10::Scalar, at::native::detail::ClampLimits)::{lambda()#1}::operator()() const::{lambda()#7}::operator()() const::{lambda(float)#1}, std::array<char*, 2ul>)",1,490.68359375
256,111,relu4,"void at::native::vectorized_elementwise_kernel<4, at::native::(anonymous namespace)::launch_clamp_scalar(at::TensorIteratorBase&, c10::Scalar, c10::Scalar, at::native::detail::ClampLimits)::{lambda()#1}::operator()() const::{lambda()#7}::operator()() const::{lambda(float)#1}, std::array<char*, 2ul> >(int, at::native::(anonymous namespace)::launch_clamp_scalar(at::TensorIteratorBase&, c10::Scalar, c10::Scalar, at::native::detail::ClampLimits)::{lambda()#1}::operator()() const::{lambda()#7}::operator()() const::{lambda(float)#1}, std::array<char*, 2ul>)",1,978.8701171875
256,111,relu5,"void at::native::vectorized_elementwise_kernel<4, at::native::(anonymous namespace)::launch_clamp_scalar(at::TensorIteratorBase&, c10::Scalar, c10::Scalar, at::native::detail::ClampLimits)::{lambda()#1}::operator()() const::{lambda()#7}::operator()() const::{lambda(float)#1}, std::array<char*, 2ul> >(int, at::native::(anonymous namespace)::launch_clamp_scalar(at::TensorIteratorBase&, c10::Scalar, c10::Scalar, at::native::detail::ClampLimits)::{lambda()#1}::operator()() const::{lambda()#7}::operator()() const::{lambda(float)#1}, std::array<char*, 2ul>)",1,239.6767578125
256,111,relu6,"void at::native::vectorized_elementwise_kernel<4, at::native::(anonymous namespace)::launch_clamp_scalar(at::TensorIteratorBase&, c10::Scalar, c10::Scalar, at::native::detail::ClampLimits)::{lambda()#1}::operator()() const::{lambda()#7}::operator()() const::{lambda(float)#1}, std::array<char*, 2ul> >(int, at::native::(anonymous namespace)::launch_clamp_scalar(at::TensorIteratorBase&, c10::Scalar, c10::Scalar, at::native::detail::ClampLimits)::{lambda()#1}::operator()() const::{lambda()#7}::operator()() const::{lambda(float)#1}, std::array<char*, 2ul>)",1,483.03515625
256,111,relu7,"void at::native::vectorized_elementwise_kernel<4, at::native::(anonymous namespace)::launch_clamp_scalar(at::TensorIteratorBase&, c10::Scalar, c10::Scalar, at::native::detail::ClampLimits)::{lambda()#1}::operator()() const::{lambda()#7}::operator()() const::{lambda(float)#1}, std::array<char*, 2ul> >(int, at::native::(anonymous namespace)::launch_clamp_scalar(at::TensorIteratorBase&, c10::Scalar, c10::Scalar, at::native::detail::ClampLimits)::{lambda()#1}::operator()() const::{lambda()#7}::operator()() const::{lambda(float)#1}, std::array<char*, 2ul>)",1,2.7197265625
256,128,conv1_7x7_s2,"void fft2d_c2r_32x32<float, true, false, 0u, false, false>(float*, float2 const*, int, int, int, int, int, int, int, int, int, float, float, cudnn::reduced_divisor, bool, float*, float*, int2, cudnnActivationStruct, int, int)",199,176.77351601758795
256,128,conv1_7x7_s2,"void fft2d_r2c_32x32<float, false, 0u, false>(float2*, float const*, int, int, int, int, int, int, int, int, int, cudnn::reduced_divisor, bool, int2, int, int)",199,39.50512327261306
256,128,conv1_7x7_s2,"void fft2d_r2c_32x32<float, false, 1u, true>(float2*, float const*, int, int, int, int, int, int, int, int, int, cudnn::reduced_divisor, bool, int2, int, int)",1,16.767578125
256,128,conv1_7x7_s2,volta_gcgemm_32x32_nt,198,133.0211095328283
256,128,conv2_5x5,"void cudnn::winograd_nonfused::winogradForwardData9x9_5x5<float, float>(cudnn::winograd_nonfused::WinogradDataParams<float, float>)",1,2604.0048828125
256,128,conv2_5x5,"void cudnn::winograd_nonfused::winogradForwardFilter9x9_5x5<float, float>(cudnn::winograd_nonfused::WinogradFilterParams<float, float>)",1,9.087890625
256,128,conv2_5x5,"void cudnn::winograd_nonfused::winogradForwardOutput9x9_5x5<float, float>(cudnn::winograd_nonfused::WinogradOutputParams<float, float>)",1,3248.158203125
256,128,conv2_5x5,volta_sgemm_128x64_nn,1,2482.40625
256,128,conv3_3x3_s2,_5x_cudnn_volta_scudnn_128x64_relu_xregs_large_nn_v1,1,3986.0380859375
256,128,conv3_3x3_s2,"void cask__5x_cudnn::computeOffsetsKernel<false, false>(cask__5x_cudnn::ComputeOffsetsParams)",1,3.0078125
256,128,conv4_1x1,volta_sgemm_128x64_nn,1,1842.5732421875
256,128,conv5_3x3_s2,_5x_cudnn_volta_scudnn_128x64_relu_xregs_large_nn_v1,1,8404.80859375
256,128,conv5_3x3_s2,"void cask__5x_cudnn::computeOffsetsKernel<false, false>(cask__5x_cudnn::ComputeOffsetsParams)",1,3.0078125
256,128,conv6_1x1,_5x_cudnn_volta_scudnn_128x128_relu_medium_nn_v1,1,2072.71484375
256,128,conv6_1x1,"void cask__5x_cudnn::computeOffsetsKernel<false, false>(cask__5x_cudnn::ComputeOffsetsParams)",1,3.328125
256,128,fc1,"void cublasLt::splitKreduce_kernel<32, 16, int, float, float, float, float, false, float, float, float, true, true, false>(cublasLt::cublasSplitKParams<float>, float const*, float const*, float*, float*, float const*, float const*, float const*, float const*, float*, void*, long, float*, int*, float*, float*, float const*, float const*, float const*, float const*, float const*)",1,4.5439453125
256,128,fc1,volta_sgemm_128x32_tn,1,24.095703125
256,128,fc2,"void cublasLt::splitKreduce_kernel<32, 16, int, float, float, float, float, false, float, float, float, true, true, false>(cublasLt::cublasSplitKParams<float>, float const*, float const*, float*, float*, float const*, float const*, float const*, float const*, float*, void*, long, float*, int*, float*, float*, float const*, float const*, float const*, float const*, float const*)",1,3.6796875
256,128,fc2,volta_sgemm_32x128_tn,1,12.3837890625
256,128,gap,"void at::native::reduce_kernel<512, 1, at::native::ReduceOp<float, at::native::MeanOps<float, float, float, float>, unsigned int, float, 4, 4> >(at::native::ReduceOp<float, at::native::MeanOps<float, float, float, float>, unsigned int, float, 4, 4>)",1,271.9013671875
256,128,maxpool1,"void at::native::(anonymous namespace)::max_pool_forward_nchw<float, int>(int, float const*, long, long, long, int, int, int, int, int, int, int, int, int, int, float*, long*)",1,2079.53125
256,128,relu1,"void at::native::vectorized_elementwise_kernel<4, at::native::(anonymous namespace)::launch_clamp_scalar(at::TensorIteratorBase&, c10::Scalar, c10::Scalar, at::native::detail::ClampLimits)::{lambda()#1}::operator()() const::{lambda()#7}::operator()() const::{lambda(float)#1}, std::array<char*, 2ul> >(int, at::native::(anonymous namespace)::launch_clamp_scalar(at::TensorIteratorBase&, c10::Scalar, c10::Scalar, at::native::detail::ClampLimits)::{lambda()#1}::operator()() const::{lambda()#7}::operator()() const::{lambda(float)#1}, std::array<char*, 2ul>)",1,2249.51171875
256,128,relu2,"void at::native::vectorized_elementwise_kernel<4, at::native::(anonymous namespace)::launch_clamp_scalar(at::TensorIteratorBase&, c10::Scalar, c10::Scalar, at::native::detail::ClampLimits)::{lambda()#1}::operator()() const::{lambda()#7}::operator()() const::{lambda(float)#1}, std::array<char*, 2ul> >(int, at::native::(anonymous namespace)::launch_clamp_scalar(at::TensorIteratorBase&, c10::Scalar, c10::Scalar, at::native::detail::ClampLimits)::{lambda()#1}::operator()() const::{lambda()#7}::operator()() const::{lambda(float)#1}, std::array<char*, 2ul>)",1,1122.1650390625
256,128,relu3,"void at::native::vectorized_elementwise_kernel<4, at::native::(anonymous namespace)::launch_clamp_scalar(at::TensorIteratorBase&, c10::Scalar, c10::Scalar, at::native::detail::ClampLimits)::{lambda()#1}::operator()() const::{lambda()#7}::operator()() const::{lambda(float)#1}, std::array<char*, 2ul> >(int, at::native::(anonymous namespace)::launch_clamp_scalar(at::TensorIteratorBase&, c10::Scalar, c10::Scalar, at::native::detail::ClampLimits)::{lambda()#1}::operator()() const::{lambda()#7}::operator()() const::{lambda(float)#1}, std::array<char*, 2ul>)",1,561.2421875
256,128,relu4,"void at::native::vectorized_elementwise_kernel<4, at::native::(anonymous namespace)::launch_clamp_scalar(at::TensorIteratorBase&, c10::Scalar, c10::Scalar, at::native::detail::ClampLimits)::{lambda()#1}::operator()() const::{lambda()#7}::operator()() const::{lambda(float)#1}, std::array<char*, 2ul> >(int, at::native::(anonymous namespace)::launch_clamp_scalar(at::TensorIteratorBase&, c10::Scalar, c10::Scalar, at::native::detail::ClampLimits)::{lambda()#1}::operator()() const::{lambda()#7}::operator()() const::{lambda(float)#1}, std::array<char*, 2ul>)",1,1125.908203125
256,128,relu5,"void at::native::vectorized_elementwise_kernel<4, at::native::(anonymous namespace)::launch_clamp_scalar(at::TensorIteratorBase&, c10::Scalar, c10::Scalar, at::native::detail::ClampLimits)::{lambda()#1}::operator()() const::{lambda()#7}::operator()() const::{lambda(float)#1}, std::array<char*, 2ul> >(int, at::native::(anonymous namespace)::launch_clamp_scalar(at::TensorIteratorBase&, c10::Scalar, c10::Scalar, at::native::detail::ClampLimits)::{lambda()#1}::operator()() const::{lambda()#7}::operator()() const::{lambda(float)#1}, std::array<char*, 2ul>)",1,275.5810546875
256,128,relu6,"void at::native::vectorized_elementwise_kernel<4, at::native::(anonymous namespace)::launch_clamp_scalar(at::TensorIteratorBase&, c10::Scalar, c10::Scalar, at::native::detail::ClampLimits)::{lambda()#1}::operator()() const::{lambda()#7}::operator()() const::{lambda(float)#1}, std::array<char*, 2ul> >(int, at::native::(anonymous namespace)::launch_clamp_scalar(at::TensorIteratorBase&, c10::Scalar, c10::Scalar, at::native::detail::ClampLimits)::{lambda()#1}::operator()() const::{lambda()#7}::operator()() const::{lambda(float)#1}, std::array<char*, 2ul>)",1,560.6015625
256,128,relu7,"void at::native::vectorized_elementwise_kernel<4, at::native::(anonymous namespace)::launch_clamp_scalar(at::TensorIteratorBase&, c10::Scalar, c10::Scalar, at::native::detail::ClampLimits)::{lambda()#1}::operator()() const::{lambda()#7}::operator()() const::{lambda(float)#1}, std::array<char*, 2ul> >(int, at::native::(anonymous namespace)::launch_clamp_scalar(at::TensorIteratorBase&, c10::Scalar, c10::Scalar, at::native::detail::ClampLimits)::{lambda()#1}::operator()() const::{lambda()#7}::operator()() const::{lambda(float)#1}, std::array<char*, 2ul>)",1,2.5595703125
256,133,conv1_7x7_s2,"void fft2d_c2r_32x32<float, true, false, 0u, false, false>(float*, float2 const*, int, int, int, int, int, int, int, int, int, float, float, cudnn::reduced_divisor, bool, float*, float*, int2, cudnnActivationStruct, int, int)",199,189.00891174623115
256,133,conv1_7x7_s2,"void fft2d_r2c_32x32<float, false, 0u, false>(float2*, float const*, int, int, int, int, int, int, int, int, int, cudnn::reduced_divisor, bool, int2, int, int)",199,39.24184889290201
256,133,conv1_7x7_s2,"void fft2d_r2c_32x32<float, false, 1u, true>(float2*, float const*, int, int, int, int, int, int, int, int, int, cudnn::reduced_divisor, bool, int2, int, int)",1,16.1923828125
256,133,conv1_7x7_s2,volta_gcgemm_32x32_nt,198,147.62747099905303
256,133,conv2_5x5,"void cudnn::winograd_nonfused::winogradForwardData9x9_5x5<float, float>(cudnn::winograd_nonfused::WinogradDataParams<float, float>)",1,3021.4716796875
256,133,conv2_5x5,"void cudnn::winograd_nonfused::winogradForwardFilter9x9_5x5<float, float>(cudnn::winograd_nonfused::WinogradFilterParams<float, float>)",1,9.7275390625
256,133,conv2_5x5,"void cudnn::winograd_nonfused::winogradForwardOutput9x9_5x5<float, float>(cudnn::winograd_nonfused::WinogradOutputParams<float, float>)",1,3739.576171875
256,133,conv2_5x5,volta_sgemm_128x64_nn,1,2803.138671875
256,133,conv3_3x3_s2,_5x_cudnn_volta_scudnn_128x64_relu_xregs_large_nn_v1,1,4378.76953125
256,133,conv3_3x3_s2,"void cask__5x_cudnn::computeOffsetsKernel<false, false>(cask__5x_cudnn::ComputeOffsetsParams)",1,3.16796875
256,133,conv4_1x1,volta_sgemm_128x64_nn,1,2018.6337890625
256,133,conv5_3x3_s2,_5x_cudnn_volta_scudnn_128x64_relu_xregs_large_nn_v1,1,8565.4140625
256,133,conv5_3x3_s2,"void cask__5x_cudnn::computeOffsetsKernel<false, false>(cask__5x_cudnn::ComputeOffsetsParams)",1,3.103515625
256,133,conv6_1x1,_5x_cudnn_volta_scudnn_128x128_relu_medium_nn_v1,1,2027.2431640625
256,133,conv6_1x1,"void cask__5x_cudnn::computeOffsetsKernel<false, false>(cask__5x_cudnn::ComputeOffsetsParams)",1,3.072265625
256,133,fc1,Memset (Device),1,0.671875
256,133,fc1,volta_sgemm_64x32_sliced1x4_tn,1,29.599609375
256,133,fc2,volta_sgemm_32x32_sliced1x4_tn,1,16.064453125
256,133,gap,"void at::native::reduce_kernel<512, 1, at::native::ReduceOp<float, at::native::MeanOps<float, float, float, float>, unsigned int, float, 4, 4> >(at::native::ReduceOp<float, at::native::MeanOps<float, float, float, float>, unsigned int, float, 4, 4>)",1,282.8447265625
256,133,maxpool1,"void at::native::(anonymous namespace)::max_pool_forward_nchw<float, int>(int, float const*, long, long, long, int, int, int, int, int, int, int, int, int, int, float*, long*)",1,2223.3681640625
256,133,relu1,"void at::native::vectorized_elementwise_kernel<4, at::native::(anonymous namespace)::launch_clamp_scalar(at::TensorIteratorBase&, c10::Scalar, c10::Scalar, at::native::detail::ClampLimits)::{lambda()#1}::operator()() const::{lambda()#7}::operator()() const::{lambda(float)#1}, std::array<char*, 2ul> >(int, at::native::(anonymous namespace)::launch_clamp_scalar(at::TensorIteratorBase&, c10::Scalar, c10::Scalar, at::native::detail::ClampLimits)::{lambda()#1}::operator()() const::{lambda()#7}::operator()() const::{lambda(float)#1}, std::array<char*, 2ul>)",1,2328.7119140625
256,133,relu2,"void at::native::vectorized_elementwise_kernel<4, at::native::(anonymous namespace)::launch_clamp_scalar(at::TensorIteratorBase&, c10::Scalar, c10::Scalar, at::native::detail::ClampLimits)::{lambda()#1}::operator()() const::{lambda()#7}::operator()() const::{lambda(float)#1}, std::array<char*, 2ul> >(int, at::native::(anonymous namespace)::launch_clamp_scalar(at::TensorIteratorBase&, c10::Scalar, c10::Scalar, at::native::detail::ClampLimits)::{lambda()#1}::operator()() const::{lambda()#7}::operator()() const::{lambda(float)#1}, std::array<char*, 2ul>)",1,1163.34765625
256,133,relu3,"void at::native::vectorized_elementwise_kernel<4, at::native::(anonymous namespace)::launch_clamp_scalar(at::TensorIteratorBase&, c10::Scalar, c10::Scalar, at::native::detail::ClampLimits)::{lambda()#1}::operator()() const::{lambda()#7}::operator()() const::{lambda(float)#1}, std::array<char*, 2ul> >(int, at::native::(anonymous namespace)::launch_clamp_scalar(at::TensorIteratorBase&, c10::Scalar, c10::Scalar, at::native::detail::ClampLimits)::{lambda()#1}::operator()() const::{lambda()#7}::operator()() const::{lambda(float)#1}, std::array<char*, 2ul>)",1,583.001953125
256,133,relu4,"void at::native::vectorized_elementwise_kernel<4, at::native::(anonymous namespace)::launch_clamp_scalar(at::TensorIteratorBase&, c10::Scalar, c10::Scalar, at::native::detail::ClampLimits)::{lambda()#1}::operator()() const::{lambda()#7}::operator()() const::{lambda(float)#1}, std::array<char*, 2ul> >(int, at::native::(anonymous namespace)::launch_clamp_scalar(at::TensorIteratorBase&, c10::Scalar, c10::Scalar, at::native::detail::ClampLimits)::{lambda()#1}::operator()() const::{lambda()#7}::operator()() const::{lambda(float)#1}, std::array<char*, 2ul>)",1,1168.33984375
256,133,relu5,"void at::native::vectorized_elementwise_kernel<4, at::native::(anonymous namespace)::launch_clamp_scalar(at::TensorIteratorBase&, c10::Scalar, c10::Scalar, at::native::detail::ClampLimits)::{lambda()#1}::operator()() const::{lambda()#7}::operator()() const::{lambda(float)#1}, std::array<char*, 2ul> >(int, at::native::(anonymous namespace)::launch_clamp_scalar(at::TensorIteratorBase&, c10::Scalar, c10::Scalar, at::native::detail::ClampLimits)::{lambda()#1}::operator()() const::{lambda()#7}::operator()() const::{lambda(float)#1}, std::array<char*, 2ul>)",1,287.3251953125
256,133,relu6,"void at::native::vectorized_elementwise_kernel<4, at::native::(anonymous namespace)::launch_clamp_scalar(at::TensorIteratorBase&, c10::Scalar, c10::Scalar, at::native::detail::ClampLimits)::{lambda()#1}::operator()() const::{lambda()#7}::operator()() const::{lambda(float)#1}, std::array<char*, 2ul> >(int, at::native::(anonymous namespace)::launch_clamp_scalar(at::TensorIteratorBase&, c10::Scalar, c10::Scalar, at::native::detail::ClampLimits)::{lambda()#1}::operator()() const::{lambda()#7}::operator()() const::{lambda(float)#1}, std::array<char*, 2ul>)",1,583.8017578125
256,133,relu7,"void at::native::vectorized_elementwise_kernel<4, at::native::(anonymous namespace)::launch_clamp_scalar(at::TensorIteratorBase&, c10::Scalar, c10::Scalar, at::native::detail::ClampLimits)::{lambda()#1}::operator()() const::{lambda()#7}::operator()() const::{lambda(float)#1}, std::array<char*, 2ul> >(int, at::native::(anonymous namespace)::launch_clamp_scalar(at::TensorIteratorBase&, c10::Scalar, c10::Scalar, at::native::detail::ClampLimits)::{lambda()#1}::operator()() const::{lambda()#7}::operator()() const::{lambda(float)#1}, std::array<char*, 2ul>)",1,3.0400390625
256,139,conv1_7x7_s2,"void fft2d_c2r_32x32<float, true, false, 0u, false, false>(float*, float2 const*, int, int, int, int, int, int, int, int, int, float, float, cudnn::reduced_divisor, bool, float*, float*, int2, cudnnActivationStruct, int, int)",199,198.80267548680905
256,139,conv1_7x7_s2,"void fft2d_r2c_32x32<float, false, 0u, false>(float2*, float const*, int, int, int, int, int, int, int, int, int, cudnn::reduced_divisor, bool, int2, int, int)",199,40.84935419283919
256,139,conv1_7x7_s2,"void fft2d_r2c_32x32<float, false, 1u, true>(float2*, float const*, int, int, int, int, int, int, int, int, int, cudnn::reduced_divisor, bool, int2, int, int)",1,16.9599609375
256,139,conv1_7x7_s2,volta_gcgemm_32x32_nt,198,147.49326270517676
256,139,conv2_5x5,"void cudnn::winograd_nonfused::winogradForwardData9x9_5x5<float, float>(cudnn::winograd_nonfused::WinogradDataParams<float, float>)",1,3003.7119140625
256,139,conv2_5x5,"void cudnn::winograd_nonfused::winogradForwardFilter9x9_5x5<float, float>(cudnn::winograd_nonfused::WinogradFilterParams<float, float>)",1,9.50390625
256,139,conv2_5x5,"void cudnn::winograd_nonfused::winogradForwardOutput9x9_5x5<float, float>(cudnn::winograd_nonfused::WinogradOutputParams<float, float>)",1,3717.14453125
256,139,conv2_5x5,volta_sgemm_128x64_nn,1,2795.6513671875
256,139,conv3_3x3_s2,_5x_cudnn_volta_scudnn_128x64_relu_xregs_large_nn_v1,1,4477.9365234375
256,139,conv3_3x3_s2,"void cask__5x_cudnn::computeOffsetsKernel<false, false>(cask__5x_cudnn::ComputeOffsetsParams)",1,3.103515625
256,139,conv4_1x1,volta_sgemm_128x64_nn,1,2244.5517578125
256,139,conv5_3x3_s2,_5x_cudnn_volta_scudnn_128x64_relu_xregs_large_nn_v1,1,9446.0126953125
256,139,conv5_3x3_s2,"void cask__5x_cudnn::computeOffsetsKernel<false, false>(cask__5x_cudnn::ComputeOffsetsParams)",1,3.328125
256,139,conv6_1x1,_5x_cudnn_volta_scudnn_128x128_relu_medium_nn_v1,1,2176.3291015625
256,139,conv6_1x1,"void cask__5x_cudnn::computeOffsetsKernel<false, false>(cask__5x_cudnn::ComputeOffsetsParams)",1,3.2001953125
256,139,fc1,Memset (Device),1,0.6083984375
256,139,fc1,volta_sgemm_64x32_sliced1x4_tn,1,28.3515625
256,139,fc2,volta_sgemm_32x32_sliced1x4_tn,1,15.423828125
256,139,gap,"void at::native::reduce_kernel<512, 1, at::native::ReduceOp<float, at::native::MeanOps<float, float, float, float>, unsigned int, float, 4, 4> >(at::native::ReduceOp<float, at::native::MeanOps<float, float, float, float>, unsigned int, float, 4, 4>)",1,292.7333984375
256,139,maxpool1,"void at::native::(anonymous namespace)::max_pool_forward_nchw<float, int>(int, float const*, long, long, long, int, int, int, int, int, int, int, int, int, int, float*, long*)",1,2273.064453125
256,139,relu1,"void at::native::vectorized_elementwise_kernel<4, at::native::(anonymous namespace)::launch_clamp_scalar(at::TensorIteratorBase&, c10::Scalar, c10::Scalar, at::native::detail::ClampLimits)::{lambda()#1}::operator()() const::{lambda()#7}::operator()() const::{lambda(float)#1}, std::array<char*, 2ul> >(int, at::native::(anonymous namespace)::launch_clamp_scalar(at::TensorIteratorBase&, c10::Scalar, c10::Scalar, at::native::detail::ClampLimits)::{lambda()#1}::operator()() const::{lambda()#7}::operator()() const::{lambda(float)#1}, std::array<char*, 2ul>)",1,2443.20703125
256,139,relu2,"void at::native::vectorized_elementwise_kernel<4, at::native::(anonymous namespace)::launch_clamp_scalar(at::TensorIteratorBase&, c10::Scalar, c10::Scalar, at::native::detail::ClampLimits)::{lambda()#1}::operator()() const::{lambda()#7}::operator()() const::{lambda(float)#1}, std::array<char*, 2ul> >(int, at::native::(anonymous namespace)::launch_clamp_scalar(at::TensorIteratorBase&, c10::Scalar, c10::Scalar, at::native::detail::ClampLimits)::{lambda()#1}::operator()() const::{lambda()#7}::operator()() const::{lambda(float)#1}, std::array<char*, 2ul>)",1,1215.1865234375
256,139,relu3,"void at::native::vectorized_elementwise_kernel<4, at::native::(anonymous namespace)::launch_clamp_scalar(at::TensorIteratorBase&, c10::Scalar, c10::Scalar, at::native::detail::ClampLimits)::{lambda()#1}::operator()() const::{lambda()#7}::operator()() const::{lambda(float)#1}, std::array<char*, 2ul> >(int, at::native::(anonymous namespace)::launch_clamp_scalar(at::TensorIteratorBase&, c10::Scalar, c10::Scalar, at::native::detail::ClampLimits)::{lambda()#1}::operator()() const::{lambda()#7}::operator()() const::{lambda(float)#1}, std::array<char*, 2ul>)",1,608.2177734375
256,139,relu4,"void at::native::vectorized_elementwise_kernel<4, at::native::(anonymous namespace)::launch_clamp_scalar(at::TensorIteratorBase&, c10::Scalar, c10::Scalar, at::native::detail::ClampLimits)::{lambda()#1}::operator()() const::{lambda()#7}::operator()() const::{lambda(float)#1}, std::array<char*, 2ul> >(int, at::native::(anonymous namespace)::launch_clamp_scalar(at::TensorIteratorBase&, c10::Scalar, c10::Scalar, at::native::detail::ClampLimits)::{lambda()#1}::operator()() const::{lambda()#7}::operator()() const::{lambda(float)#1}, std::array<char*, 2ul>)",1,1213.4267578125
256,139,relu5,"void at::native::vectorized_elementwise_kernel<4, at::native::(anonymous namespace)::launch_clamp_scalar(at::TensorIteratorBase&, c10::Scalar, c10::Scalar, at::native::detail::ClampLimits)::{lambda()#1}::operator()() const::{lambda()#7}::operator()() const::{lambda(float)#1}, std::array<char*, 2ul> >(int, at::native::(anonymous namespace)::launch_clamp_scalar(at::TensorIteratorBase&, c10::Scalar, c10::Scalar, at::native::detail::ClampLimits)::{lambda()#1}::operator()() const::{lambda()#7}::operator()() const::{lambda(float)#1}, std::array<char*, 2ul>)",1,300.4130859375
256,139,relu6,"void at::native::vectorized_elementwise_kernel<4, at::native::(anonymous namespace)::launch_clamp_scalar(at::TensorIteratorBase&, c10::Scalar, c10::Scalar, at::native::detail::ClampLimits)::{lambda()#1}::operator()() const::{lambda()#7}::operator()() const::{lambda(float)#1}, std::array<char*, 2ul> >(int, at::native::(anonymous namespace)::launch_clamp_scalar(at::TensorIteratorBase&, c10::Scalar, c10::Scalar, at::native::detail::ClampLimits)::{lambda()#1}::operator()() const::{lambda()#7}::operator()() const::{lambda(float)#1}, std::array<char*, 2ul>)",1,607.3525390625
256,139,relu7,"void at::native::vectorized_elementwise_kernel<4, at::native::(anonymous namespace)::launch_clamp_scalar(at::TensorIteratorBase&, c10::Scalar, c10::Scalar, at::native::detail::ClampLimits)::{lambda()#1}::operator()() const::{lambda()#7}::operator()() const::{lambda(float)#1}, std::array<char*, 2ul> >(int, at::native::(anonymous namespace)::launch_clamp_scalar(at::TensorIteratorBase&, c10::Scalar, c10::Scalar, at::native::detail::ClampLimits)::{lambda()#1}::operator()() const::{lambda()#7}::operator()() const::{lambda(float)#1}, std::array<char*, 2ul>)",1,3.103515625
256,256,conv1_7x7_s2,"void fft2d_c2r_32x32<float, true, false, 0u, false, false>(float*, float2 const*, int, int, int, int, int, int, int, int, int, float, float, cudnn::reduced_divisor, bool, float*, float*, int2, cudnnActivationStruct, int, int)",199,380.79874960741205
256,256,conv1_7x7_s2,"void fft2d_r2c_32x32<float, false, 0u, false>(float2*, float const*, int, int, int, int, int, int, int, int, int, cudnn::reduced_divisor, bool, int2, int, int)",199,80.37333150125629
256,256,conv1_7x7_s2,"void fft2d_r2c_32x32<float, false, 1u, true>(float2*, float const*, int, int, int, int, int, int, int, int, int, cudnn::reduced_divisor, bool, int2, int, int)",1,18.3681640625
256,256,conv1_7x7_s2,volta_gcgemm_32x32_nt,198,234.86844519412878
256,256,conv2_5x5,"void cudnn::winograd_nonfused::winogradForwardData9x9_5x5<float, float>(cudnn::winograd_nonfused::WinogradDataParams<float, float>)",1,5245.0
256,256,conv2_5x5,"void cudnn::winograd_nonfused::winogradForwardFilter9x9_5x5<float, float>(cudnn::winograd_nonfused::WinogradFilterParams<float, float>)",1,9.50390625
256,256,conv2_5x5,"void cudnn::winograd_nonfused::winogradForwardOutput9x9_5x5<float, float>(cudnn::winograd_nonfused::WinogradOutputParams<float, float>)",1,6679.767578125
256,256,conv2_5x5,volta_sgemm_128x64_nn,1,5065.322265625
256,256,conv3_3x3_s2,_5x_cudnn_volta_scudnn_128x64_relu_xregs_large_nn_v1,1,8751.42578125
256,256,conv3_3x3_s2,"void cask__5x_cudnn::computeOffsetsKernel<false, false>(cask__5x_cudnn::ComputeOffsetsParams)",1,3.1357421875
256,256,conv4_1x1,volta_sgemm_128x64_nn,1,4279.314453125
256,256,conv5_3x3_s2,_5x_cudnn_volta_scudnn_128x64_relu_xregs_large_nn_v1,1,18506.970703125
256,256,conv5_3x3_s2,"void cask__5x_cudnn::computeOffsetsKernel<false, false>(cask__5x_cudnn::ComputeOffsetsParams)",1,3.423828125
256,256,conv6_1x1,_5x_cudnn_volta_scudnn_128x128_relu_medium_nn_v1,1,4339.76171875
256,256,conv6_1x1,"void cask__5x_cudnn::computeOffsetsKernel<false, false>(cask__5x_cudnn::ComputeOffsetsParams)",1,3.48828125
256,256,fc1,"void cublasLt::splitKreduce_kernel<32, 16, int, float, float, float, float, false, float, float, float, true, true, false>(cublasLt::cublasSplitKParams<float>, float const*, float const*, float*, float*, float const*, float const*, float const*, float const*, float*, void*, long, float*, int*, float*, float*, float const*, float const*, float const*, float const*, float const*)",1,7.2001953125
256,256,fc1,volta_sgemm_128x64_tn,1,33.9521484375
256,256,fc2,"void cublasLt::splitKreduce_kernel<32, 16, int, float, float, float, float, false, float, float, float, true, true, false>(cublasLt::cublasSplitKParams<float>, float const*, float const*, float*, float*, float const*, float const*, float const*, float const*, float*, void*, long, float*, int*, float*, float*, float const*, float const*, float const*, float const*, float const*)",1,4.4482421875
256,256,fc2,volta_sgemm_32x128_tn,1,15.2958984375
256,256,gap,"void at::native::reduce_kernel<512, 1, at::native::ReduceOp<float, at::native::MeanOps<float, float, float, float>, unsigned int, float, 4, 4> >(at::native::ReduceOp<float, at::native::MeanOps<float, float, float, float>, unsigned int, float, 4, 4>)",1,525.017578125
256,256,maxpool1,"void at::native::(anonymous namespace)::max_pool_forward_nchw<float, int>(int, float const*, long, long, long, int, int, int, int, int, int, int, int, int, int, float*, long*)",1,4290.76953125
256,256,relu1,"void at::native::vectorized_elementwise_kernel<4, at::native::(anonymous namespace)::launch_clamp_scalar(at::TensorIteratorBase&, c10::Scalar, c10::Scalar, at::native::detail::ClampLimits)::{lambda()#1}::operator()() const::{lambda()#7}::operator()() const::{lambda(float)#1}, std::array<char*, 2ul> >(int, at::native::(anonymous namespace)::launch_clamp_scalar(at::TensorIteratorBase&, c10::Scalar, c10::Scalar, at::native::detail::ClampLimits)::{lambda()#1}::operator()() const::{lambda()#7}::operator()() const::{lambda(float)#1}, std::array<char*, 2ul>)",1,4478.2880859375
256,256,relu2,"void at::native::vectorized_elementwise_kernel<4, at::native::(anonymous namespace)::launch_clamp_scalar(at::TensorIteratorBase&, c10::Scalar, c10::Scalar, at::native::detail::ClampLimits)::{lambda()#1}::operator()() const::{lambda()#7}::operator()() const::{lambda(float)#1}, std::array<char*, 2ul> >(int, at::native::(anonymous namespace)::launch_clamp_scalar(at::TensorIteratorBase&, c10::Scalar, c10::Scalar, at::native::detail::ClampLimits)::{lambda()#1}::operator()() const::{lambda()#7}::operator()() const::{lambda(float)#1}, std::array<char*, 2ul>)",1,2240.9677734375
256,256,relu3,"void at::native::vectorized_elementwise_kernel<4, at::native::(anonymous namespace)::launch_clamp_scalar(at::TensorIteratorBase&, c10::Scalar, c10::Scalar, at::native::detail::ClampLimits)::{lambda()#1}::operator()() const::{lambda()#7}::operator()() const::{lambda(float)#1}, std::array<char*, 2ul> >(int, at::native::(anonymous namespace)::launch_clamp_scalar(at::TensorIteratorBase&, c10::Scalar, c10::Scalar, at::native::detail::ClampLimits)::{lambda()#1}::operator()() const::{lambda()#7}::operator()() const::{lambda(float)#1}, std::array<char*, 2ul>)",1,1116.755859375
256,256,relu4,"void at::native::vectorized_elementwise_kernel<4, at::native::(anonymous namespace)::launch_clamp_scalar(at::TensorIteratorBase&, c10::Scalar, c10::Scalar, at::native::detail::ClampLimits)::{lambda()#1}::operator()() const::{lambda()#7}::operator()() const::{lambda(float)#1}, std::array<char*, 2ul> >(int, at::native::(anonymous namespace)::launch_clamp_scalar(at::TensorIteratorBase&, c10::Scalar, c10::Scalar, at::native::detail::ClampLimits)::{lambda()#1}::operator()() const::{lambda()#7}::operator()() const::{lambda(float)#1}, std::array<char*, 2ul>)",1,2231.7197265625
256,256,relu5,"void at::native::vectorized_elementwise_kernel<4, at::native::(anonymous namespace)::launch_clamp_scalar(at::TensorIteratorBase&, c10::Scalar, c10::Scalar, at::native::detail::ClampLimits)::{lambda()#1}::operator()() const::{lambda()#7}::operator()() const::{lambda(float)#1}, std::array<char*, 2ul> >(int, at::native::(anonymous namespace)::launch_clamp_scalar(at::TensorIteratorBase&, c10::Scalar, c10::Scalar, at::native::detail::ClampLimits)::{lambda()#1}::operator()() const::{lambda()#7}::operator()() const::{lambda(float)#1}, std::array<char*, 2ul>)",1,552.6015625
256,256,relu6,"void at::native::vectorized_elementwise_kernel<4, at::native::(anonymous namespace)::launch_clamp_scalar(at::TensorIteratorBase&, c10::Scalar, c10::Scalar, at::native::detail::ClampLimits)::{lambda()#1}::operator()() const::{lambda()#7}::operator()() const::{lambda(float)#1}, std::array<char*, 2ul> >(int, at::native::(anonymous namespace)::launch_clamp_scalar(at::TensorIteratorBase&, c10::Scalar, c10::Scalar, at::native::detail::ClampLimits)::{lambda()#1}::operator()() const::{lambda()#7}::operator()() const::{lambda(float)#1}, std::array<char*, 2ul>)",1,1114.580078125
256,256,relu7,"void at::native::vectorized_elementwise_kernel<4, at::native::(anonymous namespace)::launch_clamp_scalar(at::TensorIteratorBase&, c10::Scalar, c10::Scalar, at::native::detail::ClampLimits)::{lambda()#1}::operator()() const::{lambda()#7}::operator()() const::{lambda(float)#1}, std::array<char*, 2ul> >(int, at::native::(anonymous namespace)::launch_clamp_scalar(at::TensorIteratorBase&, c10::Scalar, c10::Scalar, at::native::detail::ClampLimits)::{lambda()#1}::operator()() const::{lambda()#7}::operator()() const::{lambda(float)#1}, std::array<char*, 2ul>)",1,3.072265625
304,1,conv1_7x7_s2,_5x_cudnn_volta_scudnn_128x32_relu_medium_nn_v1,1,73.119140625
304,1,conv1_7x7_s2,"void cask__5x_cudnn::computeOffsetsKernel<false, false>(cask__5x_cudnn::ComputeOffsetsParams)",1,2.3359375
304,1,conv2_5x5,_5x_cudnn_volta_scudnn_128x32_sliced1x4_ldg4_relu_exp_medium_nhwc_tn_v1,1,159.1650390625
304,1,conv2_5x5,"void cask__5x_cudnn::computeOffsetsKernel<false, false>(cask__5x_cudnn::ComputeOffsetsParams)",1,2.1123046875
304,1,conv2_5x5,"void cudnn::engines_precompiled::nchwToNhwcKernel<float, float, float, false, true, (cudnnKernelDataType_t)0>(cudnn::engines_precompiled::nchw2nhwc_params_t<float>, float const*, float*)",2,5.16796875
304,1,conv2_5x5,"void cudnn::engines_precompiled::nhwcToNchwKernel<float, float, float, true, false, (cudnnKernelDataType_t)0>(cudnn::engines_precompiled::nhwc2nchw_params_t<float>, float const*, float*)",1,5.6962890625
304,1,conv3_3x3_s2,_5x_cudnn_volta_scudnn_128x64_relu_xregs_large_nn_v1,1,84.7021484375
304,1,conv3_3x3_s2,"void cask__5x_cudnn::computeOffsetsKernel<false, false>(cask__5x_cudnn::ComputeOffsetsParams)",1,1.919921875
304,1,conv4_1x1,volta_sgemm_128x64_nn,1,34.0478515625
304,1,conv5_3x3_s2,_5x_cudnn_volta_scudnn_128x32_sliced1x4_ldg4_relu_exp_medium_nhwc_tn_v1,1,141.6298828125
304,1,conv5_3x3_s2,"void cask__5x_cudnn::computeOffsetsKernel<false, false>(cask__5x_cudnn::ComputeOffsetsParams)",1,2.0478515625
304,1,conv5_3x3_s2,"void cudnn::engines_precompiled::nchwToNhwcKernel<float, float, float, false, true, (cudnnKernelDataType_t)0>(cudnn::engines_precompiled::nchw2nhwc_params_t<float>, float const*, float*)",2,15.45556640625
304,1,conv5_3x3_s2,"void cudnn::engines_precompiled::nhwcToNchwKernel<float, float, float, true, false, (cudnnKernelDataType_t)0>(cudnn::engines_precompiled::nhwc2nchw_params_t<float>, float const*, float*)",1,3.48828125
304,1,conv6_1x1,volta_sgemm_128x64_nn,1,35.48828125
304,1,fc1,"std::enable_if<!(false), void>::type internal::gemvx::kernel<int, int, float, float, float, float, false, true, true, false, 7, false, cublasGemvParamsEx<int, cublasGemvTensorStridedBatched<float const>, cublasGemvTensorStridedBatched<float const>, cublasGemvTensorStridedBatched<float>, float> >(cublasGemvParamsEx<int, cublasGemvTensorStridedBatched<float const>, cublasGemvTensorStridedBatched<float const>, cublasGemvTensorStridedBatched<float>, float>)",1,5.50390625
304,1,fc2,"std::enable_if<!(false), void>::type internal::gemvx::kernel<int, int, float, float, float, float, false, true, true, false, 7, false, cublasGemvParamsEx<int, cublasGemvTensorStridedBatched<float const>, cublasGemvTensorStridedBatched<float const>, cublasGemvTensorStridedBatched<float>, float> >(cublasGemvParamsEx<int, cublasGemvTensorStridedBatched<float const>, cublasGemvTensorStridedBatched<float const>, cublasGemvTensorStridedBatched<float>, float>)",1,3.9677734375
304,1,gap,"void at::native::reduce_kernel<512, 1, at::native::ReduceOp<float, at::native::MeanOps<float, float, float, float>, unsigned int, float, 4, 4> >(at::native::ReduceOp<float, at::native::MeanOps<float, float, float, float>, unsigned int, float, 4, 4>)",1,6.1123046875
304,1,maxpool1,"void at::native::(anonymous namespace)::max_pool_forward_nchw<float, int>(int, float const*, long, long, long, int, int, int, int, int, int, int, int, int, int, float*, long*)",1,20.9267578125
304,1,relu1,"void at::native::vectorized_elementwise_kernel<4, at::native::(anonymous namespace)::launch_clamp_scalar(at::TensorIteratorBase&, c10::Scalar, c10::Scalar, at::native::detail::ClampLimits)::{lambda()#1}::operator()() const::{lambda()#7}::operator()() const::{lambda(float)#1}, std::array<char*, 2ul> >(int, at::native::(anonymous namespace)::launch_clamp_scalar(at::TensorIteratorBase&, c10::Scalar, c10::Scalar, at::native::detail::ClampLimits)::{lambda()#1}::operator()() const::{lambda()#7}::operator()() const::{lambda(float)#1}, std::array<char*, 2ul>)",1,6.65625
304,1,relu2,"void at::native::vectorized_elementwise_kernel<4, at::native::(anonymous namespace)::launch_clamp_scalar(at::TensorIteratorBase&, c10::Scalar, c10::Scalar, at::native::detail::ClampLimits)::{lambda()#1}::operator()() const::{lambda()#7}::operator()() const::{lambda(float)#1}, std::array<char*, 2ul> >(int, at::native::(anonymous namespace)::launch_clamp_scalar(at::TensorIteratorBase&, c10::Scalar, c10::Scalar, at::native::detail::ClampLimits)::{lambda()#1}::operator()() const::{lambda()#7}::operator()() const::{lambda(float)#1}, std::array<char*, 2ul>)",1,4.064453125
304,1,relu3,"void at::native::vectorized_elementwise_kernel<4, at::native::(anonymous namespace)::launch_clamp_scalar(at::TensorIteratorBase&, c10::Scalar, c10::Scalar, at::native::detail::ClampLimits)::{lambda()#1}::operator()() const::{lambda()#7}::operator()() const::{lambda(float)#1}, std::array<char*, 2ul> >(int, at::native::(anonymous namespace)::launch_clamp_scalar(at::TensorIteratorBase&, c10::Scalar, c10::Scalar, at::native::detail::ClampLimits)::{lambda()#1}::operator()() const::{lambda()#7}::operator()() const::{lambda(float)#1}, std::array<char*, 2ul>)",1,2.9755859375
304,1,relu4,"void at::native::vectorized_elementwise_kernel<4, at::native::(anonymous namespace)::launch_clamp_scalar(at::TensorIteratorBase&, c10::Scalar, c10::Scalar, at::native::detail::ClampLimits)::{lambda()#1}::operator()() const::{lambda()#7}::operator()() const::{lambda(float)#1}, std::array<char*, 2ul> >(int, at::native::(anonymous namespace)::launch_clamp_scalar(at::TensorIteratorBase&, c10::Scalar, c10::Scalar, at::native::detail::ClampLimits)::{lambda()#1}::operator()() const::{lambda()#7}::operator()() const::{lambda(float)#1}, std::array<char*, 2ul>)",1,4.16015625
304,1,relu5,"void at::native::vectorized_elementwise_kernel<4, at::native::(anonymous namespace)::launch_clamp_scalar(at::TensorIteratorBase&, c10::Scalar, c10::Scalar, at::native::detail::ClampLimits)::{lambda()#1}::operator()() const::{lambda()#7}::operator()() const::{lambda(float)#1}, std::array<char*, 2ul> >(int, at::native::(anonymous namespace)::launch_clamp_scalar(at::TensorIteratorBase&, c10::Scalar, c10::Scalar, at::native::detail::ClampLimits)::{lambda()#1}::operator()() const::{lambda()#7}::operator()() const::{lambda(float)#1}, std::array<char*, 2ul>)",1,2.5283203125
304,1,relu6,"void at::native::vectorized_elementwise_kernel<4, at::native::(anonymous namespace)::launch_clamp_scalar(at::TensorIteratorBase&, c10::Scalar, c10::Scalar, at::native::detail::ClampLimits)::{lambda()#1}::operator()() const::{lambda()#7}::operator()() const::{lambda(float)#1}, std::array<char*, 2ul> >(int, at::native::(anonymous namespace)::launch_clamp_scalar(at::TensorIteratorBase&, c10::Scalar, c10::Scalar, at::native::detail::ClampLimits)::{lambda()#1}::operator()() const::{lambda()#7}::operator()() const::{lambda(float)#1}, std::array<char*, 2ul>)",1,3.103515625
304,1,relu7,"void at::native::vectorized_elementwise_kernel<4, at::native::(anonymous namespace)::launch_clamp_scalar(at::TensorIteratorBase&, c10::Scalar, c10::Scalar, at::native::detail::ClampLimits)::{lambda()#1}::operator()() const::{lambda()#7}::operator()() const::{lambda(float)#1}, std::array<char*, 2ul> >(int, at::native::(anonymous namespace)::launch_clamp_scalar(at::TensorIteratorBase&, c10::Scalar, c10::Scalar, at::native::detail::ClampLimits)::{lambda()#1}::operator()() const::{lambda()#7}::operator()() const::{lambda(float)#1}, std::array<char*, 2ul>)",1,1.82421875
304,2,conv1_7x7_s2,_5x_cudnn_volta_scudnn_128x32_relu_medium_nn_v1,1,138.4306640625
304,2,conv1_7x7_s2,"void cask__5x_cudnn::computeOffsetsKernel<false, false>(cask__5x_cudnn::ComputeOffsetsParams)",1,2.7197265625
304,2,conv2_5x5,_5x_cudnn_volta_scudnn_128x64_relu_xregs_large_nn_v1,1,308.4443359375
304,2,conv2_5x5,"void cask__5x_cudnn::computeOffsetsKernel<false, false>(cask__5x_cudnn::ComputeOffsetsParams)",1,2.5283203125
304,2,conv3_3x3_s2,_5x_cudnn_volta_scudnn_128x64_relu_xregs_large_nn_v1,1,152.3818359375
304,2,conv3_3x3_s2,"void cask__5x_cudnn::computeOffsetsKernel<false, false>(cask__5x_cudnn::ComputeOffsetsParams)",1,2.81640625
304,2,conv4_1x1,volta_sgemm_64x64_nn,1,57.5673828125
304,2,conv5_3x3_s2,_5x_cudnn_volta_scudnn_128x32_sliced1x4_ldg4_relu_exp_medium_nhwc_tn_v1,1,314.267578125
304,2,conv5_3x3_s2,"void cask__5x_cudnn::computeOffsetsKernel<false, false>(cask__5x_cudnn::ComputeOffsetsParams)",1,2.84765625
304,2,conv5_3x3_s2,"void cudnn::engines_precompiled::nchwToNhwcKernel<float, float, float, false, true, (cudnnKernelDataType_t)0>(cudnn::engines_precompiled::nchw2nhwc_params_t<float>, float const*, float*)",2,21.83935546875
304,2,conv5_3x3_s2,"void cudnn::engines_precompiled::nhwcToNchwKernel<float, float, float, true, false, (cudnnKernelDataType_t)0>(cudnn::engines_precompiled::nhwc2nchw_params_t<float>, float const*, float*)",1,6.015625
304,2,conv6_1x1,_5x_cudnn_volta_scudnn_128x64_relu_small_nn_v1,1,76.798828125
304,2,conv6_1x1,"void cask__5x_cudnn::computeOffsetsKernel<false, false>(cask__5x_cudnn::ComputeOffsetsParams)",1,2.240234375
304,2,fc1,"void gemmSN_TN_kernel<float, 128, 16, 2, 4, 2, 2, true, cublasGemvTensorStridedBatched<float const>, cublasGemvTensorStridedBatched<float const>, cublasGemvTensorStridedBatched<float> >(cublasGemmSmallNParams<cublasGemvTensorStridedBatched<float const>, cublasGemvTensorStridedBatched<float const>, cublasGemvTensorStridedBatched<float>, float>)",1,6.6240234375
304,2,fc2,"void gemmSN_TN_kernel<float, 128, 16, 2, 4, 2, 2, true, cublasGemvTensorStridedBatched<float const>, cublasGemvTensorStridedBatched<float const>, cublasGemvTensorStridedBatched<float> >(cublasGemmSmallNParams<cublasGemvTensorStridedBatched<float const>, cublasGemvTensorStridedBatched<float const>, cublasGemvTensorStridedBatched<float>, float>)",1,4.0
304,2,gap,"void at::native::reduce_kernel<512, 1, at::native::ReduceOp<float, at::native::MeanOps<float, float, float, float>, unsigned int, float, 4, 4> >(at::native::ReduceOp<float, at::native::MeanOps<float, float, float, float>, unsigned int, float, 4, 4>)",1,7.2001953125
304,2,maxpool1,"void at::native::(anonymous namespace)::max_pool_forward_nchw<float, int>(int, float const*, long, long, long, int, int, int, int, int, int, int, int, int, int, float*, long*)",1,52.03125
304,2,relu1,"void at::native::vectorized_elementwise_kernel<4, at::native::(anonymous namespace)::launch_clamp_scalar(at::TensorIteratorBase&, c10::Scalar, c10::Scalar, at::native::detail::ClampLimits)::{lambda()#1}::operator()() const::{lambda()#7}::operator()() const::{lambda(float)#1}, std::array<char*, 2ul> >(int, at::native::(anonymous namespace)::launch_clamp_scalar(at::TensorIteratorBase&, c10::Scalar, c10::Scalar, at::native::detail::ClampLimits)::{lambda()#1}::operator()() const::{lambda()#7}::operator()() const::{lambda(float)#1}, std::array<char*, 2ul>)",1,49.53515625
304,2,relu2,"void at::native::vectorized_elementwise_kernel<4, at::native::(anonymous namespace)::launch_clamp_scalar(at::TensorIteratorBase&, c10::Scalar, c10::Scalar, at::native::detail::ClampLimits)::{lambda()#1}::operator()() const::{lambda()#7}::operator()() const::{lambda(float)#1}, std::array<char*, 2ul> >(int, at::native::(anonymous namespace)::launch_clamp_scalar(at::TensorIteratorBase&, c10::Scalar, c10::Scalar, at::native::detail::ClampLimits)::{lambda()#1}::operator()() const::{lambda()#7}::operator()() const::{lambda(float)#1}, std::array<char*, 2ul>)",1,7.6162109375
304,2,relu3,"void at::native::vectorized_elementwise_kernel<4, at::native::(anonymous namespace)::launch_clamp_scalar(at::TensorIteratorBase&, c10::Scalar, c10::Scalar, at::native::detail::ClampLimits)::{lambda()#1}::operator()() const::{lambda()#7}::operator()() const::{lambda(float)#1}, std::array<char*, 2ul> >(int, at::native::(anonymous namespace)::launch_clamp_scalar(at::TensorIteratorBase&, c10::Scalar, c10::Scalar, at::native::detail::ClampLimits)::{lambda()#1}::operator()() const::{lambda()#7}::operator()() const::{lambda(float)#1}, std::array<char*, 2ul>)",1,5.248046875
304,2,relu4,"void at::native::vectorized_elementwise_kernel<4, at::native::(anonymous namespace)::launch_clamp_scalar(at::TensorIteratorBase&, c10::Scalar, c10::Scalar, at::native::detail::ClampLimits)::{lambda()#1}::operator()() const::{lambda()#7}::operator()() const::{lambda(float)#1}, std::array<char*, 2ul> >(int, at::native::(anonymous namespace)::launch_clamp_scalar(at::TensorIteratorBase&, c10::Scalar, c10::Scalar, at::native::detail::ClampLimits)::{lambda()#1}::operator()() const::{lambda()#7}::operator()() const::{lambda(float)#1}, std::array<char*, 2ul>)",1,20.48046875
304,2,relu5,"void at::native::vectorized_elementwise_kernel<4, at::native::(anonymous namespace)::launch_clamp_scalar(at::TensorIteratorBase&, c10::Scalar, c10::Scalar, at::native::detail::ClampLimits)::{lambda()#1}::operator()() const::{lambda()#7}::operator()() const::{lambda(float)#1}, std::array<char*, 2ul> >(int, at::native::(anonymous namespace)::launch_clamp_scalar(at::TensorIteratorBase&, c10::Scalar, c10::Scalar, at::native::detail::ClampLimits)::{lambda()#1}::operator()() const::{lambda()#7}::operator()() const::{lambda(float)#1}, std::array<char*, 2ul>)",1,3.48828125
304,2,relu6,"void at::native::vectorized_elementwise_kernel<4, at::native::(anonymous namespace)::launch_clamp_scalar(at::TensorIteratorBase&, c10::Scalar, c10::Scalar, at::native::detail::ClampLimits)::{lambda()#1}::operator()() const::{lambda()#7}::operator()() const::{lambda(float)#1}, std::array<char*, 2ul> >(int, at::native::(anonymous namespace)::launch_clamp_scalar(at::TensorIteratorBase&, c10::Scalar, c10::Scalar, at::native::detail::ClampLimits)::{lambda()#1}::operator()() const::{lambda()#7}::operator()() const::{lambda(float)#1}, std::array<char*, 2ul>)",1,4.927734375
304,2,relu7,"void at::native::vectorized_elementwise_kernel<4, at::native::(anonymous namespace)::launch_clamp_scalar(at::TensorIteratorBase&, c10::Scalar, c10::Scalar, at::native::detail::ClampLimits)::{lambda()#1}::operator()() const::{lambda()#7}::operator()() const::{lambda(float)#1}, std::array<char*, 2ul> >(int, at::native::(anonymous namespace)::launch_clamp_scalar(at::TensorIteratorBase&, c10::Scalar, c10::Scalar, at::native::detail::ClampLimits)::{lambda()#1}::operator()() const::{lambda()#7}::operator()() const::{lambda(float)#1}, std::array<char*, 2ul>)",1,2.080078125
304,4,conv1_7x7_s2,_5x_cudnn_volta_scudnn_128x32_relu_medium_nn_v1,1,281.1767578125
304,4,conv1_7x7_s2,"void cask__5x_cudnn::computeOffsetsKernel<false, false>(cask__5x_cudnn::ComputeOffsetsParams)",1,3.0078125
304,4,conv2_5x5,_5x_cudnn_volta_scudnn_128x64_relu_xregs_large_nn_v1,1,542.8984375
304,4,conv2_5x5,"void cask__5x_cudnn::computeOffsetsKernel<false, false>(cask__5x_cudnn::ComputeOffsetsParams)",1,3.0400390625
304,4,conv3_3x3_s2,_5x_cudnn_volta_scudnn_128x64_relu_xregs_large_nn_v1,1,242.4580078125
304,4,conv3_3x3_s2,"void cask__5x_cudnn::computeOffsetsKernel<false, false>(cask__5x_cudnn::ComputeOffsetsParams)",1,2.9443359375
304,4,conv4_1x1,volta_sgemm_128x64_nn,1,98.365234375
304,4,conv5_3x3_s2,_5x_cudnn_volta_scudnn_128x64_relu_small_nn_v1,1,641.103515625
304,4,conv5_3x3_s2,"void cask__5x_cudnn::computeOffsetsKernel<false, false>(cask__5x_cudnn::ComputeOffsetsParams)",1,2.9755859375
304,4,conv6_1x1,_5x_cudnn_volta_scudnn_128x64_relu_small_nn_v1,1,117.724609375
304,4,conv6_1x1,"void cask__5x_cudnn::computeOffsetsKernel<false, false>(cask__5x_cudnn::ComputeOffsetsParams)",1,2.5283203125
304,4,fc1,"void gemmSN_TN_kernel<float, 128, 16, 2, 4, 4, 4, true, cublasGemvTensorStridedBatched<float const>, cublasGemvTensorStridedBatched<float const>, cublasGemvTensorStridedBatched<float> >(cublasGemmSmallNParams<cublasGemvTensorStridedBatched<float const>, cublasGemvTensorStridedBatched<float const>, cublasGemvTensorStridedBatched<float>, float>)",1,7.5185546875
304,4,fc2,"void gemmSN_TN_kernel<float, 128, 16, 2, 4, 4, 4, true, cublasGemvTensorStridedBatched<float const>, cublasGemvTensorStridedBatched<float const>, cublasGemvTensorStridedBatched<float> >(cublasGemmSmallNParams<cublasGemvTensorStridedBatched<float const>, cublasGemvTensorStridedBatched<float const>, cublasGemvTensorStridedBatched<float>, float>)",1,4.3515625
304,4,gap,"void at::native::reduce_kernel<512, 1, at::native::ReduceOp<float, at::native::MeanOps<float, float, float, float>, unsigned int, float, 4, 4> >(at::native::ReduceOp<float, at::native::MeanOps<float, float, float, float>, unsigned int, float, 4, 4>)",1,12.16015625
304,4,maxpool1,"void at::native::(anonymous namespace)::max_pool_forward_nchw<float, int>(int, float const*, long, long, long, int, int, int, int, int, int, int, int, int, int, float*, long*)",1,100.318359375
304,4,relu1,"void at::native::vectorized_elementwise_kernel<4, at::native::(anonymous namespace)::launch_clamp_scalar(at::TensorIteratorBase&, c10::Scalar, c10::Scalar, at::native::detail::ClampLimits)::{lambda()#1}::operator()() const::{lambda()#7}::operator()() const::{lambda(float)#1}, std::array<char*, 2ul> >(int, at::native::(anonymous namespace)::launch_clamp_scalar(at::TensorIteratorBase&, c10::Scalar, c10::Scalar, at::native::detail::ClampLimits)::{lambda()#1}::operator()() const::{lambda()#7}::operator()() const::{lambda(float)#1}, std::array<char*, 2ul>)",1,101.1494140625
304,4,relu2,"void at::native::vectorized_elementwise_kernel<4, at::native::(anonymous namespace)::launch_clamp_scalar(at::TensorIteratorBase&, c10::Scalar, c10::Scalar, at::native::detail::ClampLimits)::{lambda()#1}::operator()() const::{lambda()#7}::operator()() const::{lambda(float)#1}, std::array<char*, 2ul> >(int, at::native::(anonymous namespace)::launch_clamp_scalar(at::TensorIteratorBase&, c10::Scalar, c10::Scalar, at::native::detail::ClampLimits)::{lambda()#1}::operator()() const::{lambda()#7}::operator()() const::{lambda(float)#1}, std::array<char*, 2ul>)",1,50.271484375
304,4,relu3,"void at::native::vectorized_elementwise_kernel<4, at::native::(anonymous namespace)::launch_clamp_scalar(at::TensorIteratorBase&, c10::Scalar, c10::Scalar, at::native::detail::ClampLimits)::{lambda()#1}::operator()() const::{lambda()#7}::operator()() const::{lambda(float)#1}, std::array<char*, 2ul> >(int, at::native::(anonymous namespace)::launch_clamp_scalar(at::TensorIteratorBase&, c10::Scalar, c10::Scalar, at::native::detail::ClampLimits)::{lambda()#1}::operator()() const::{lambda()#7}::operator()() const::{lambda(float)#1}, std::array<char*, 2ul>)",1,10.015625
304,4,relu4,"void at::native::vectorized_elementwise_kernel<4, at::native::(anonymous namespace)::launch_clamp_scalar(at::TensorIteratorBase&, c10::Scalar, c10::Scalar, at::native::detail::ClampLimits)::{lambda()#1}::operator()() const::{lambda()#7}::operator()() const::{lambda(float)#1}, std::array<char*, 2ul> >(int, at::native::(anonymous namespace)::launch_clamp_scalar(at::TensorIteratorBase&, c10::Scalar, c10::Scalar, at::native::detail::ClampLimits)::{lambda()#1}::operator()() const::{lambda()#7}::operator()() const::{lambda(float)#1}, std::array<char*, 2ul>)",1,51.966796875
304,4,relu5,"void at::native::vectorized_elementwise_kernel<4, at::native::(anonymous namespace)::launch_clamp_scalar(at::TensorIteratorBase&, c10::Scalar, c10::Scalar, at::native::detail::ClampLimits)::{lambda()#1}::operator()() const::{lambda()#7}::operator()() const::{lambda(float)#1}, std::array<char*, 2ul> >(int, at::native::(anonymous namespace)::launch_clamp_scalar(at::TensorIteratorBase&, c10::Scalar, c10::Scalar, at::native::detail::ClampLimits)::{lambda()#1}::operator()() const::{lambda()#7}::operator()() const::{lambda(float)#1}, std::array<char*, 2ul>)",1,6.17578125
304,4,relu6,"void at::native::vectorized_elementwise_kernel<4, at::native::(anonymous namespace)::launch_clamp_scalar(at::TensorIteratorBase&, c10::Scalar, c10::Scalar, at::native::detail::ClampLimits)::{lambda()#1}::operator()() const::{lambda()#7}::operator()() const::{lambda(float)#1}, std::array<char*, 2ul> >(int, at::native::(anonymous namespace)::launch_clamp_scalar(at::TensorIteratorBase&, c10::Scalar, c10::Scalar, at::native::detail::ClampLimits)::{lambda()#1}::operator()() const::{lambda()#7}::operator()() const::{lambda(float)#1}, std::array<char*, 2ul>)",1,9.7275390625
304,4,relu7,"void at::native::vectorized_elementwise_kernel<4, at::native::(anonymous namespace)::launch_clamp_scalar(at::TensorIteratorBase&, c10::Scalar, c10::Scalar, at::native::detail::ClampLimits)::{lambda()#1}::operator()() const::{lambda()#7}::operator()() const::{lambda(float)#1}, std::array<char*, 2ul> >(int, at::native::(anonymous namespace)::launch_clamp_scalar(at::TensorIteratorBase&, c10::Scalar, c10::Scalar, at::native::detail::ClampLimits)::{lambda()#1}::operator()() const::{lambda()#7}::operator()() const::{lambda(float)#1}, std::array<char*, 2ul>)",1,1.984375
304,8,conv1_7x7_s2,_5x_cudnn_volta_scudnn_128x32_relu_medium_nn_v1,1,574.873046875
304,8,conv1_7x7_s2,"void cask__5x_cudnn::computeOffsetsKernel<false, false>(cask__5x_cudnn::ComputeOffsetsParams)",1,3.2001953125
304,8,conv2_5x5,_5x_cudnn_volta_scudnn_128x64_relu_xregs_large_nn_v1,1,1148.369140625
304,8,conv2_5x5,"void cask__5x_cudnn::computeOffsetsKernel<false, false>(cask__5x_cudnn::ComputeOffsetsParams)",1,3.3603515625
304,8,conv3_3x3_s2,_5x_cudnn_volta_scudnn_128x64_relu_xregs_large_nn_v1,1,439.451171875
304,8,conv3_3x3_s2,"void cask__5x_cudnn::computeOffsetsKernel<false, false>(cask__5x_cudnn::ComputeOffsetsParams)",1,3.263671875
304,8,conv4_1x1,volta_sgemm_128x64_nn,1,203.61328125
304,8,conv5_3x3_s2,_5x_cudnn_volta_scudnn_128x64_relu_xregs_large_nn_v1,1,1007.2509765625
304,8,conv5_3x3_s2,"void cask__5x_cudnn::computeOffsetsKernel<false, false>(cask__5x_cudnn::ComputeOffsetsParams)",1,3.232421875
304,8,conv6_1x1,_5x_cudnn_volta_scudnn_128x64_relu_small_nn_v1,1,210.3662109375
304,8,conv6_1x1,"void cask__5x_cudnn::computeOffsetsKernel<false, false>(cask__5x_cudnn::ComputeOffsetsParams)",1,2.84765625
304,8,fc1,"void gemmSN_TN_kernel<float, 128, 16, 2, 4, 8, 9, false, cublasGemvTensorStridedBatched<float const>, cublasGemvTensorStridedBatched<float const>, cublasGemvTensorStridedBatched<float> >(cublasGemmSmallNParams<cublasGemvTensorStridedBatched<float const>, cublasGemvTensorStridedBatched<float const>, cublasGemvTensorStridedBatched<float>, float>)",1,12.7666015625
304,8,fc2,"void gemmSN_TN_kernel<float, 128, 16, 2, 4, 8, 9, false, cublasGemvTensorStridedBatched<float const>, cublasGemvTensorStridedBatched<float const>, cublasGemvTensorStridedBatched<float> >(cublasGemmSmallNParams<cublasGemvTensorStridedBatched<float const>, cublasGemvTensorStridedBatched<float const>, cublasGemvTensorStridedBatched<float>, float>)",1,6.751953125
304,8,gap,"void at::native::reduce_kernel<512, 1, at::native::ReduceOp<float, at::native::MeanOps<float, float, float, float>, unsigned int, float, 4, 4> >(at::native::ReduceOp<float, at::native::MeanOps<float, float, float, float>, unsigned int, float, 4, 4>)",1,40.576171875
304,8,maxpool1,"void at::native::(anonymous namespace)::max_pool_forward_nchw<float, int>(int, float const*, long, long, long, int, int, int, int, int, int, int, int, int, int, float*, long*)",1,203.166015625
304,8,relu1,"void at::native::vectorized_elementwise_kernel<4, at::native::(anonymous namespace)::launch_clamp_scalar(at::TensorIteratorBase&, c10::Scalar, c10::Scalar, at::native::detail::ClampLimits)::{lambda()#1}::operator()() const::{lambda()#7}::operator()() const::{lambda(float)#1}, std::array<char*, 2ul> >(int, at::native::(anonymous namespace)::launch_clamp_scalar(at::TensorIteratorBase&, c10::Scalar, c10::Scalar, at::native::detail::ClampLimits)::{lambda()#1}::operator()() const::{lambda()#7}::operator()() const::{lambda(float)#1}, std::array<char*, 2ul>)",1,199.037109375
304,8,relu2,"void at::native::vectorized_elementwise_kernel<4, at::native::(anonymous namespace)::launch_clamp_scalar(at::TensorIteratorBase&, c10::Scalar, c10::Scalar, at::native::detail::ClampLimits)::{lambda()#1}::operator()() const::{lambda()#7}::operator()() const::{lambda(float)#1}, std::array<char*, 2ul> >(int, at::native::(anonymous namespace)::launch_clamp_scalar(at::TensorIteratorBase&, c10::Scalar, c10::Scalar, at::native::detail::ClampLimits)::{lambda()#1}::operator()() const::{lambda()#7}::operator()() const::{lambda(float)#1}, std::array<char*, 2ul>)",1,97.7578125
304,8,relu3,"void at::native::vectorized_elementwise_kernel<4, at::native::(anonymous namespace)::launch_clamp_scalar(at::TensorIteratorBase&, c10::Scalar, c10::Scalar, at::native::detail::ClampLimits)::{lambda()#1}::operator()() const::{lambda()#7}::operator()() const::{lambda(float)#1}, std::array<char*, 2ul> >(int, at::native::(anonymous namespace)::launch_clamp_scalar(at::TensorIteratorBase&, c10::Scalar, c10::Scalar, at::native::detail::ClampLimits)::{lambda()#1}::operator()() const::{lambda()#7}::operator()() const::{lambda(float)#1}, std::array<char*, 2ul>)",1,48.1591796875
304,8,relu4,"void at::native::vectorized_elementwise_kernel<4, at::native::(anonymous namespace)::launch_clamp_scalar(at::TensorIteratorBase&, c10::Scalar, c10::Scalar, at::native::detail::ClampLimits)::{lambda()#1}::operator()() const::{lambda()#7}::operator()() const::{lambda(float)#1}, std::array<char*, 2ul> >(int, at::native::(anonymous namespace)::launch_clamp_scalar(at::TensorIteratorBase&, c10::Scalar, c10::Scalar, at::native::detail::ClampLimits)::{lambda()#1}::operator()() const::{lambda()#7}::operator()() const::{lambda(float)#1}, std::array<char*, 2ul>)",1,99.0390625
304,8,relu5,"void at::native::vectorized_elementwise_kernel<4, at::native::(anonymous namespace)::launch_clamp_scalar(at::TensorIteratorBase&, c10::Scalar, c10::Scalar, at::native::detail::ClampLimits)::{lambda()#1}::operator()() const::{lambda()#7}::operator()() const::{lambda(float)#1}, std::array<char*, 2ul> >(int, at::native::(anonymous namespace)::launch_clamp_scalar(at::TensorIteratorBase&, c10::Scalar, c10::Scalar, at::native::detail::ClampLimits)::{lambda()#1}::operator()() const::{lambda()#7}::operator()() const::{lambda(float)#1}, std::array<char*, 2ul>)",1,13.791015625
304,8,relu6,"void at::native::vectorized_elementwise_kernel<4, at::native::(anonymous namespace)::launch_clamp_scalar(at::TensorIteratorBase&, c10::Scalar, c10::Scalar, at::native::detail::ClampLimits)::{lambda()#1}::operator()() const::{lambda()#7}::operator()() const::{lambda(float)#1}, std::array<char*, 2ul> >(int, at::native::(anonymous namespace)::launch_clamp_scalar(at::TensorIteratorBase&, c10::Scalar, c10::Scalar, at::native::detail::ClampLimits)::{lambda()#1}::operator()() const::{lambda()#7}::operator()() const::{lambda(float)#1}, std::array<char*, 2ul>)",1,45.630859375
304,8,relu7,"void at::native::vectorized_elementwise_kernel<4, at::native::(anonymous namespace)::launch_clamp_scalar(at::TensorIteratorBase&, c10::Scalar, c10::Scalar, at::native::detail::ClampLimits)::{lambda()#1}::operator()() const::{lambda()#7}::operator()() const::{lambda(float)#1}, std::array<char*, 2ul> >(int, at::native::(anonymous namespace)::launch_clamp_scalar(at::TensorIteratorBase&, c10::Scalar, c10::Scalar, at::native::detail::ClampLimits)::{lambda()#1}::operator()() const::{lambda()#7}::operator()() const::{lambda(float)#1}, std::array<char*, 2ul>)",1,2.6240234375
304,16,conv1_7x7_s2,_5x_cudnn_volta_scudnn_128x32_relu_medium_nn_v1,1,1217.90625
304,16,conv1_7x7_s2,"void cask__5x_cudnn::computeOffsetsKernel<false, false>(cask__5x_cudnn::ComputeOffsetsParams)",1,3.3603515625
304,16,conv2_5x5,"void cudnn::winograd_nonfused::winogradForwardData9x9_5x5<float, float>(cudnn::winograd_nonfused::WinogradDataParams<float, float>)",1,459.4189453125
304,16,conv2_5x5,"void cudnn::winograd_nonfused::winogradForwardFilter9x9_5x5<float, float>(cudnn::winograd_nonfused::WinogradFilterParams<float, float>)",1,10.783203125
304,16,conv2_5x5,"void cudnn::winograd_nonfused::winogradForwardOutput9x9_5x5<float, float>(cudnn::winograd_nonfused::WinogradOutputParams<float, float>)",1,591.1611328125
304,16,conv2_5x5,volta_sgemm_128x64_nn,1,429.3076171875
304,16,conv3_3x3_s2,_5x_cudnn_volta_scudnn_128x128_relu_medium_nn_v1,1,892.4697265625
304,16,conv3_3x3_s2,"void cask__5x_cudnn::computeOffsetsKernel<false, false>(cask__5x_cudnn::ComputeOffsetsParams)",1,3.48828125
304,16,conv4_1x1,volta_sgemm_128x64_nn,1,429.5
304,16,conv5_3x3_s2,_5x_cudnn_volta_scudnn_128x64_relu_small_nn_v1,1,1907.08203125
304,16,conv5_3x3_s2,"void cask__5x_cudnn::computeOffsetsKernel<false, false>(cask__5x_cudnn::ComputeOffsetsParams)",1,3.4560546875
304,16,conv6_1x1,_5x_cudnn_volta_scudnn_128x128_relu_medium_nn_v1,1,422.7470703125
304,16,conv6_1x1,"void cask__5x_cudnn::computeOffsetsKernel<false, false>(cask__5x_cudnn::ComputeOffsetsParams)",1,3.328125
304,16,fc1,"void gemmSN_TN_kernel<float, 128, 16, 2, 4, 8, 9, false, cublasGemvTensorStridedBatched<float const>, cublasGemvTensorStridedBatched<float const>, cublasGemvTensorStridedBatched<float> >(cublasGemmSmallNParams<cublasGemvTensorStridedBatched<float const>, cublasGemvTensorStridedBatched<float const>, cublasGemvTensorStridedBatched<float>, float>)",1,16.1279296875
304,16,fc2,"void gemmSN_TN_kernel<float, 128, 16, 2, 4, 8, 9, false, cublasGemvTensorStridedBatched<float const>, cublasGemvTensorStridedBatched<float const>, cublasGemvTensorStridedBatched<float> >(cublasGemmSmallNParams<cublasGemvTensorStridedBatched<float const>, cublasGemvTensorStridedBatched<float const>, cublasGemvTensorStridedBatched<float>, float>)",1,7.3603515625
304,16,gap,"void at::native::reduce_kernel<512, 1, at::native::ReduceOp<float, at::native::MeanOps<float, float, float, float>, unsigned int, float, 4, 4> >(at::native::ReduceOp<float, at::native::MeanOps<float, float, float, float>, unsigned int, float, 4, 4>)",1,70.55859375
304,16,maxpool1,"void at::native::(anonymous namespace)::max_pool_forward_nchw<float, int>(int, float const*, long, long, long, int, int, int, int, int, int, int, int, int, int, float*, long*)",1,425.4033203125
304,16,relu1,"void at::native::vectorized_elementwise_kernel<4, at::native::(anonymous namespace)::launch_clamp_scalar(at::TensorIteratorBase&, c10::Scalar, c10::Scalar, at::native::detail::ClampLimits)::{lambda()#1}::operator()() const::{lambda()#7}::operator()() const::{lambda(float)#1}, std::array<char*, 2ul> >(int, at::native::(anonymous namespace)::launch_clamp_scalar(at::TensorIteratorBase&, c10::Scalar, c10::Scalar, at::native::detail::ClampLimits)::{lambda()#1}::operator()() const::{lambda()#7}::operator()() const::{lambda(float)#1}, std::array<char*, 2ul>)",1,394.9716796875
304,16,relu2,"void at::native::vectorized_elementwise_kernel<4, at::native::(anonymous namespace)::launch_clamp_scalar(at::TensorIteratorBase&, c10::Scalar, c10::Scalar, at::native::detail::ClampLimits)::{lambda()#1}::operator()() const::{lambda()#7}::operator()() const::{lambda(float)#1}, std::array<char*, 2ul> >(int, at::native::(anonymous namespace)::launch_clamp_scalar(at::TensorIteratorBase&, c10::Scalar, c10::Scalar, at::native::detail::ClampLimits)::{lambda()#1}::operator()() const::{lambda()#7}::operator()() const::{lambda(float)#1}, std::array<char*, 2ul>)",1,192.734375
304,16,relu3,"void at::native::vectorized_elementwise_kernel<4, at::native::(anonymous namespace)::launch_clamp_scalar(at::TensorIteratorBase&, c10::Scalar, c10::Scalar, at::native::detail::ClampLimits)::{lambda()#1}::operator()() const::{lambda()#7}::operator()() const::{lambda(float)#1}, std::array<char*, 2ul> >(int, at::native::(anonymous namespace)::launch_clamp_scalar(at::TensorIteratorBase&, c10::Scalar, c10::Scalar, at::native::detail::ClampLimits)::{lambda()#1}::operator()() const::{lambda()#7}::operator()() const::{lambda(float)#1}, std::array<char*, 2ul>)",1,97.6298828125
304,16,relu4,"void at::native::vectorized_elementwise_kernel<4, at::native::(anonymous namespace)::launch_clamp_scalar(at::TensorIteratorBase&, c10::Scalar, c10::Scalar, at::native::detail::ClampLimits)::{lambda()#1}::operator()() const::{lambda()#7}::operator()() const::{lambda(float)#1}, std::array<char*, 2ul> >(int, at::native::(anonymous namespace)::launch_clamp_scalar(at::TensorIteratorBase&, c10::Scalar, c10::Scalar, at::native::detail::ClampLimits)::{lambda()#1}::operator()() const::{lambda()#7}::operator()() const::{lambda(float)#1}, std::array<char*, 2ul>)",1,197.2451171875
304,16,relu5,"void at::native::vectorized_elementwise_kernel<4, at::native::(anonymous namespace)::launch_clamp_scalar(at::TensorIteratorBase&, c10::Scalar, c10::Scalar, at::native::detail::ClampLimits)::{lambda()#1}::operator()() const::{lambda()#7}::operator()() const::{lambda(float)#1}, std::array<char*, 2ul> >(int, at::native::(anonymous namespace)::launch_clamp_scalar(at::TensorIteratorBase&, c10::Scalar, c10::Scalar, at::native::detail::ClampLimits)::{lambda()#1}::operator()() const::{lambda()#7}::operator()() const::{lambda(float)#1}, std::array<char*, 2ul>)",1,42.7197265625
304,16,relu6,"void at::native::vectorized_elementwise_kernel<4, at::native::(anonymous namespace)::launch_clamp_scalar(at::TensorIteratorBase&, c10::Scalar, c10::Scalar, at::native::detail::ClampLimits)::{lambda()#1}::operator()() const::{lambda()#7}::operator()() const::{lambda(float)#1}, std::array<char*, 2ul> >(int, at::native::(anonymous namespace)::launch_clamp_scalar(at::TensorIteratorBase&, c10::Scalar, c10::Scalar, at::native::detail::ClampLimits)::{lambda()#1}::operator()() const::{lambda()#7}::operator()() const::{lambda(float)#1}, std::array<char*, 2ul>)",1,100.0947265625
304,16,relu7,"void at::native::vectorized_elementwise_kernel<4, at::native::(anonymous namespace)::launch_clamp_scalar(at::TensorIteratorBase&, c10::Scalar, c10::Scalar, at::native::detail::ClampLimits)::{lambda()#1}::operator()() const::{lambda()#7}::operator()() const::{lambda(float)#1}, std::array<char*, 2ul> >(int, at::native::(anonymous namespace)::launch_clamp_scalar(at::TensorIteratorBase&, c10::Scalar, c10::Scalar, at::native::detail::ClampLimits)::{lambda()#1}::operator()() const::{lambda()#7}::operator()() const::{lambda(float)#1}, std::array<char*, 2ul>)",1,2.751953125
304,32,conv1_7x7_s2,_5x_cudnn_volta_scudnn_128x32_relu_medium_nn_v1,1,2183.9462890625
304,32,conv1_7x7_s2,"void cask__5x_cudnn::computeOffsetsKernel<false, false>(cask__5x_cudnn::ComputeOffsetsParams)",1,3.0400390625
304,32,conv2_5x5,"void cudnn::winograd_nonfused::winogradForwardData9x9_5x5<float, float>(cudnn::winograd_nonfused::WinogradDataParams<float, float>)",1,869.3037109375
304,32,conv2_5x5,"void cudnn::winograd_nonfused::winogradForwardFilter9x9_5x5<float, float>(cudnn::winograd_nonfused::WinogradFilterParams<float, float>)",1,9.7919921875
304,32,conv2_5x5,"void cudnn::winograd_nonfused::winogradForwardOutput9x9_5x5<float, float>(cudnn::winograd_nonfused::WinogradOutputParams<float, float>)",1,1119.6689453125
304,32,conv2_5x5,volta_sgemm_128x64_nn,1,828.0234375
304,32,conv3_3x3_s2,_5x_cudnn_volta_scudnn_128x128_relu_medium_nn_v1,1,1595.888671875
304,32,conv3_3x3_s2,"void cask__5x_cudnn::computeOffsetsKernel<false, false>(cask__5x_cudnn::ComputeOffsetsParams)",1,3.103515625
304,32,conv4_1x1,volta_sgemm_128x64_nn,1,747.3212890625
304,32,conv5_3x3_s2,_5x_cudnn_volta_scudnn_128x64_relu_xregs_large_nn_v1,1,3260.478515625
304,32,conv5_3x3_s2,"void cask__5x_cudnn::computeOffsetsKernel<false, false>(cask__5x_cudnn::ComputeOffsetsParams)",1,3.1357421875
304,32,conv6_1x1,_5x_cudnn_volta_scudnn_128x128_relu_medium_nn_v1,1,750.96875
304,32,conv6_1x1,"void cask__5x_cudnn::computeOffsetsKernel<false, false>(cask__5x_cudnn::ComputeOffsetsParams)",1,3.0400390625
304,32,fc1,"void cublasLt::splitKreduce_kernel<32, 16, int, float, float, float, float, false, float, float, float, true, true, false>(cublasLt::cublasSplitKParams<float>, float const*, float const*, float*, float*, float const*, float const*, float const*, float const*, float*, void*, long, float*, int*, float*, float*, float const*, float const*, float const*, float const*, float const*)",1,3.83984375
304,32,fc1,volta_sgemm_64x32_sliced1x4_tn,1,13.919921875
304,32,fc2,volta_sgemm_32x32_sliced1x4_tn,1,15.8720703125
304,32,gap,"void at::native::reduce_kernel<512, 1, at::native::ReduceOp<float, at::native::MeanOps<float, float, float, float>, unsigned int, float, 4, 4> >(at::native::ReduceOp<float, at::native::MeanOps<float, float, float, float>, unsigned int, float, 4, 4>)",1,115.8388671875
304,32,maxpool1,"void at::native::(anonymous namespace)::max_pool_forward_nchw<float, int>(int, float const*, long, long, long, int, int, int, int, int, int, int, int, int, int, float*, long*)",1,774.1357421875
304,32,relu1,"void at::native::vectorized_elementwise_kernel<4, at::native::(anonymous namespace)::launch_clamp_scalar(at::TensorIteratorBase&, c10::Scalar, c10::Scalar, at::native::detail::ClampLimits)::{lambda()#1}::operator()() const::{lambda()#7}::operator()() const::{lambda(float)#1}, std::array<char*, 2ul> >(int, at::native::(anonymous namespace)::launch_clamp_scalar(at::TensorIteratorBase&, c10::Scalar, c10::Scalar, at::native::detail::ClampLimits)::{lambda()#1}::operator()() const::{lambda()#7}::operator()() const::{lambda(float)#1}, std::array<char*, 2ul>)",1,792.7919921875
304,32,relu2,"void at::native::vectorized_elementwise_kernel<4, at::native::(anonymous namespace)::launch_clamp_scalar(at::TensorIteratorBase&, c10::Scalar, c10::Scalar, at::native::detail::ClampLimits)::{lambda()#1}::operator()() const::{lambda()#7}::operator()() const::{lambda(float)#1}, std::array<char*, 2ul> >(int, at::native::(anonymous namespace)::launch_clamp_scalar(at::TensorIteratorBase&, c10::Scalar, c10::Scalar, at::native::detail::ClampLimits)::{lambda()#1}::operator()() const::{lambda()#7}::operator()() const::{lambda(float)#1}, std::array<char*, 2ul>)",1,392.732421875
304,32,relu3,"void at::native::vectorized_elementwise_kernel<4, at::native::(anonymous namespace)::launch_clamp_scalar(at::TensorIteratorBase&, c10::Scalar, c10::Scalar, at::native::detail::ClampLimits)::{lambda()#1}::operator()() const::{lambda()#7}::operator()() const::{lambda(float)#1}, std::array<char*, 2ul> >(int, at::native::(anonymous namespace)::launch_clamp_scalar(at::TensorIteratorBase&, c10::Scalar, c10::Scalar, at::native::detail::ClampLimits)::{lambda()#1}::operator()() const::{lambda()#7}::operator()() const::{lambda(float)#1}, std::array<char*, 2ul>)",1,197.4052734375
304,32,relu4,"void at::native::vectorized_elementwise_kernel<4, at::native::(anonymous namespace)::launch_clamp_scalar(at::TensorIteratorBase&, c10::Scalar, c10::Scalar, at::native::detail::ClampLimits)::{lambda()#1}::operator()() const::{lambda()#7}::operator()() const::{lambda(float)#1}, std::array<char*, 2ul> >(int, at::native::(anonymous namespace)::launch_clamp_scalar(at::TensorIteratorBase&, c10::Scalar, c10::Scalar, at::native::detail::ClampLimits)::{lambda()#1}::operator()() const::{lambda()#7}::operator()() const::{lambda(float)#1}, std::array<char*, 2ul>)",1,395.7724609375
304,32,relu5,"void at::native::vectorized_elementwise_kernel<4, at::native::(anonymous namespace)::launch_clamp_scalar(at::TensorIteratorBase&, c10::Scalar, c10::Scalar, at::native::detail::ClampLimits)::{lambda()#1}::operator()() const::{lambda()#7}::operator()() const::{lambda(float)#1}, std::array<char*, 2ul> >(int, at::native::(anonymous namespace)::launch_clamp_scalar(at::TensorIteratorBase&, c10::Scalar, c10::Scalar, at::native::detail::ClampLimits)::{lambda()#1}::operator()() const::{lambda()#7}::operator()() const::{lambda(float)#1}, std::array<char*, 2ul>)",1,96.86328125
304,32,relu6,"void at::native::vectorized_elementwise_kernel<4, at::native::(anonymous namespace)::launch_clamp_scalar(at::TensorIteratorBase&, c10::Scalar, c10::Scalar, at::native::detail::ClampLimits)::{lambda()#1}::operator()() const::{lambda()#7}::operator()() const::{lambda(float)#1}, std::array<char*, 2ul> >(int, at::native::(anonymous namespace)::launch_clamp_scalar(at::TensorIteratorBase&, c10::Scalar, c10::Scalar, at::native::detail::ClampLimits)::{lambda()#1}::operator()() const::{lambda()#7}::operator()() const::{lambda(float)#1}, std::array<char*, 2ul>)",1,197.0537109375
304,32,relu7,"void at::native::vectorized_elementwise_kernel<4, at::native::(anonymous namespace)::launch_clamp_scalar(at::TensorIteratorBase&, c10::Scalar, c10::Scalar, at::native::detail::ClampLimits)::{lambda()#1}::operator()() const::{lambda()#7}::operator()() const::{lambda(float)#1}, std::array<char*, 2ul> >(int, at::native::(anonymous namespace)::launch_clamp_scalar(at::TensorIteratorBase&, c10::Scalar, c10::Scalar, at::native::detail::ClampLimits)::{lambda()#1}::operator()() const::{lambda()#7}::operator()() const::{lambda(float)#1}, std::array<char*, 2ul>)",1,2.2080078125
304,64,conv1_7x7_s2,_5x_cudnn_volta_scudnn_128x32_relu_medium_nn_v1,1,5233.15625
304,64,conv1_7x7_s2,"void cask__5x_cudnn::computeOffsetsKernel<false, false>(cask__5x_cudnn::ComputeOffsetsParams)",1,3.6796875
304,64,conv2_5x5,"void cudnn::winograd_nonfused::winogradForwardData9x9_5x5<float, float>(cudnn::winograd_nonfused::WinogradDataParams<float, float>)",1,1838.283203125
304,64,conv2_5x5,"void cudnn::winograd_nonfused::winogradForwardFilter9x9_5x5<float, float>(cudnn::winograd_nonfused::WinogradFilterParams<float, float>)",1,11.2001953125
304,64,conv2_5x5,"void cudnn::winograd_nonfused::winogradForwardOutput9x9_5x5<float, float>(cudnn::winograd_nonfused::WinogradOutputParams<float, float>)",1,2406.8203125
304,64,conv2_5x5,volta_sgemm_128x64_nn,1,1557.3583984375
304,64,conv3_3x3_s2,_5x_cudnn_volta_scudnn_128x128_relu_medium_nn_v1,1,3348.79296875
304,64,conv3_3x3_s2,"void cask__5x_cudnn::computeOffsetsKernel<false, false>(cask__5x_cudnn::ComputeOffsetsParams)",1,3.4560546875
304,64,conv4_1x1,volta_sgemm_128x64_nn,1,1624.716796875
304,64,conv5_3x3_s2,_5x_cudnn_volta_scudnn_128x64_relu_xregs_large_nn_v1,1,6811.6015625
304,64,conv5_3x3_s2,"void cask__5x_cudnn::computeOffsetsKernel<false, false>(cask__5x_cudnn::ComputeOffsetsParams)",1,3.423828125
304,64,conv6_1x1,_5x_cudnn_volta_scudnn_128x128_relu_medium_nn_v1,1,1561.646484375
304,64,conv6_1x1,"void cask__5x_cudnn::computeOffsetsKernel<false, false>(cask__5x_cudnn::ComputeOffsetsParams)",1,3.3916015625
304,64,fc1,"void cublasLt::splitKreduce_kernel<32, 16, int, float, float, float, float, false, float, float, float, true, true, false>(cublasLt::cublasSplitKParams<float>, float const*, float const*, float*, float*, float const*, float const*, float const*, float const*, float*, void*, long, float*, int*, float*, float*, float const*, float const*, float const*, float const*, float const*)",1,4.1923828125
304,64,fc1,volta_sgemm_64x32_sliced1x4_tn,1,17.6318359375
304,64,fc2,volta_sgemm_32x32_sliced1x4_tn,1,17.5361328125
304,64,gap,"void at::native::reduce_kernel<512, 1, at::native::ReduceOp<float, at::native::MeanOps<float, float, float, float>, unsigned int, float, 4, 4> >(at::native::ReduceOp<float, at::native::MeanOps<float, float, float, float>, unsigned int, float, 4, 4>)",1,211.548828125
304,64,maxpool1,"void at::native::(anonymous namespace)::max_pool_forward_nchw<float, int>(int, float const*, long, long, long, int, int, int, int, int, int, int, int, int, int, float*, long*)",1,1790.474609375
304,64,relu1,"void at::native::vectorized_elementwise_kernel<4, at::native::(anonymous namespace)::launch_clamp_scalar(at::TensorIteratorBase&, c10::Scalar, c10::Scalar, at::native::detail::ClampLimits)::{lambda()#1}::operator()() const::{lambda()#7}::operator()() const::{lambda(float)#1}, std::array<char*, 2ul> >(int, at::native::(anonymous namespace)::launch_clamp_scalar(at::TensorIteratorBase&, c10::Scalar, c10::Scalar, at::native::detail::ClampLimits)::{lambda()#1}::operator()() const::{lambda()#7}::operator()() const::{lambda(float)#1}, std::array<char*, 2ul>)",1,1571.470703125
304,64,relu2,"void at::native::vectorized_elementwise_kernel<4, at::native::(anonymous namespace)::launch_clamp_scalar(at::TensorIteratorBase&, c10::Scalar, c10::Scalar, at::native::detail::ClampLimits)::{lambda()#1}::operator()() const::{lambda()#7}::operator()() const::{lambda(float)#1}, std::array<char*, 2ul> >(int, at::native::(anonymous namespace)::launch_clamp_scalar(at::TensorIteratorBase&, c10::Scalar, c10::Scalar, at::native::detail::ClampLimits)::{lambda()#1}::operator()() const::{lambda()#7}::operator()() const::{lambda(float)#1}, std::array<char*, 2ul>)",1,783.9599609375
304,64,relu3,"void at::native::vectorized_elementwise_kernel<4, at::native::(anonymous namespace)::launch_clamp_scalar(at::TensorIteratorBase&, c10::Scalar, c10::Scalar, at::native::detail::ClampLimits)::{lambda()#1}::operator()() const::{lambda()#7}::operator()() const::{lambda(float)#1}, std::array<char*, 2ul> >(int, at::native::(anonymous namespace)::launch_clamp_scalar(at::TensorIteratorBase&, c10::Scalar, c10::Scalar, at::native::detail::ClampLimits)::{lambda()#1}::operator()() const::{lambda()#7}::operator()() const::{lambda(float)#1}, std::array<char*, 2ul>)",1,395.9638671875
304,64,relu4,"void at::native::vectorized_elementwise_kernel<4, at::native::(anonymous namespace)::launch_clamp_scalar(at::TensorIteratorBase&, c10::Scalar, c10::Scalar, at::native::detail::ClampLimits)::{lambda()#1}::operator()() const::{lambda()#7}::operator()() const::{lambda(float)#1}, std::array<char*, 2ul> >(int, at::native::(anonymous namespace)::launch_clamp_scalar(at::TensorIteratorBase&, c10::Scalar, c10::Scalar, at::native::detail::ClampLimits)::{lambda()#1}::operator()() const::{lambda()#7}::operator()() const::{lambda(float)#1}, std::array<char*, 2ul>)",1,789.6865234375
304,64,relu5,"void at::native::vectorized_elementwise_kernel<4, at::native::(anonymous namespace)::launch_clamp_scalar(at::TensorIteratorBase&, c10::Scalar, c10::Scalar, at::native::detail::ClampLimits)::{lambda()#1}::operator()() const::{lambda()#7}::operator()() const::{lambda(float)#1}, std::array<char*, 2ul> >(int, at::native::(anonymous namespace)::launch_clamp_scalar(at::TensorIteratorBase&, c10::Scalar, c10::Scalar, at::native::detail::ClampLimits)::{lambda()#1}::operator()() const::{lambda()#7}::operator()() const::{lambda(float)#1}, std::array<char*, 2ul>)",1,194.6220703125
304,64,relu6,"void at::native::vectorized_elementwise_kernel<4, at::native::(anonymous namespace)::launch_clamp_scalar(at::TensorIteratorBase&, c10::Scalar, c10::Scalar, at::native::detail::ClampLimits)::{lambda()#1}::operator()() const::{lambda()#7}::operator()() const::{lambda(float)#1}, std::array<char*, 2ul> >(int, at::native::(anonymous namespace)::launch_clamp_scalar(at::TensorIteratorBase&, c10::Scalar, c10::Scalar, at::native::detail::ClampLimits)::{lambda()#1}::operator()() const::{lambda()#7}::operator()() const::{lambda(float)#1}, std::array<char*, 2ul>)",1,393.8515625
304,64,relu7,"void at::native::vectorized_elementwise_kernel<4, at::native::(anonymous namespace)::launch_clamp_scalar(at::TensorIteratorBase&, c10::Scalar, c10::Scalar, at::native::detail::ClampLimits)::{lambda()#1}::operator()() const::{lambda()#7}::operator()() const::{lambda(float)#1}, std::array<char*, 2ul> >(int, at::native::(anonymous namespace)::launch_clamp_scalar(at::TensorIteratorBase&, c10::Scalar, c10::Scalar, at::native::detail::ClampLimits)::{lambda()#1}::operator()() const::{lambda()#7}::operator()() const::{lambda(float)#1}, std::array<char*, 2ul>)",1,2.5283203125
304,111,conv1_7x7_s2,"void fft2d_c2r_32x32<float, true, false, 0u, false, false>(float*, float2 const*, int, int, int, int, int, int, int, int, int, float, float, cudnn::reduced_divisor, bool, float*, float*, int2, cudnnActivationStruct, int, int)",287,160.96616398083623
304,111,conv1_7x7_s2,"void fft2d_r2c_32x32<float, false, 0u, false>(float2*, float const*, int, int, int, int, int, int, int, int, int, cudnn::reduced_divisor, bool, int2, int, int)",287,37.540665151350176
304,111,conv1_7x7_s2,"void fft2d_r2c_32x32<float, false, 1u, true>(float2*, float const*, int, int, int, int, int, int, int, int, int, cudnn::reduced_divisor, bool, int2, int, int)",1,16.416015625
304,111,conv1_7x7_s2,volta_gcgemm_32x32_nt,286,123.3087576486014
304,111,conv2_5x5,"void cudnn::winograd_nonfused::winogradForwardData9x9_5x5<float, float>(cudnn::winograd_nonfused::WinogradDataParams<float, float>)",1,3028.154296875
304,111,conv2_5x5,"void cudnn::winograd_nonfused::winogradForwardFilter9x9_5x5<float, float>(cudnn::winograd_nonfused::WinogradFilterParams<float, float>)",1,9.6962890625
304,111,conv2_5x5,"void cudnn::winograd_nonfused::winogradForwardOutput9x9_5x5<float, float>(cudnn::winograd_nonfused::WinogradOutputParams<float, float>)",1,3945.421875
304,111,conv2_5x5,volta_sgemm_128x64_nn,1,2971.35546875
304,111,conv3_3x3_s2,_5x_cudnn_volta_scudnn_128x128_relu_medium_nn_v1,1,5199.615234375
304,111,conv3_3x3_s2,"void cask__5x_cudnn::computeOffsetsKernel<false, false>(cask__5x_cudnn::ComputeOffsetsParams)",1,3.2001953125
304,111,conv4_1x1,volta_sgemm_128x64_nn,1,2597.4072265625
304,111,conv5_3x3_s2,_5x_cudnn_volta_scudnn_128x64_relu_xregs_large_nn_v1,1,11367.697265625
304,111,conv5_3x3_s2,"void cask__5x_cudnn::computeOffsetsKernel<false, false>(cask__5x_cudnn::ComputeOffsetsParams)",1,3.232421875
304,111,conv6_1x1,_5x_cudnn_volta_scudnn_128x128_relu_medium_nn_v1,1,2630.5908203125
304,111,conv6_1x1,"void cask__5x_cudnn::computeOffsetsKernel<false, false>(cask__5x_cudnn::ComputeOffsetsParams)",1,3.3916015625
304,111,fc1,"void cublasLt::splitKreduce_kernel<32, 16, int, float, float, float, float, false, float, float, float, true, true, false>(cublasLt::cublasSplitKParams<float>, float const*, float const*, float*, float*, float const*, float const*, float const*, float const*, float*, void*, long, float*, int*, float*, float*, float const*, float const*, float const*, float const*, float const*)",1,4.6083984375
304,111,fc1,volta_sgemm_128x32_tn,1,24.095703125
304,111,fc2,"void cublasLt::splitKreduce_kernel<32, 16, int, float, float, float, float, false, float, float, float, true, true, false>(cublasLt::cublasSplitKParams<float>, float const*, float const*, float*, float*, float const*, float const*, float const*, float const*, float*, void*, long, float*, int*, float*, float*, float const*, float const*, float const*, float const*, float const*)",1,3.6796875
304,111,fc2,volta_sgemm_128x32_tn,1,11.9677734375
304,111,gap,"void at::native::reduce_kernel<512, 1, at::native::ReduceOp<float, at::native::MeanOps<float, float, float, float>, unsigned int, float, 4, 4> >(at::native::ReduceOp<float, at::native::MeanOps<float, float, float, float>, unsigned int, float, 4, 4>)",1,350.970703125
304,111,maxpool1,"void at::native::(anonymous namespace)::max_pool_forward_nchw<float, int>(int, float const*, long, long, long, int, int, int, int, int, int, int, int, int, int, float*, long*)",1,2721.59765625
304,111,relu1,"void at::native::vectorized_elementwise_kernel<4, at::native::(anonymous namespace)::launch_clamp_scalar(at::TensorIteratorBase&, c10::Scalar, c10::Scalar, at::native::detail::ClampLimits)::{lambda()#1}::operator()() const::{lambda()#7}::operator()() const::{lambda(float)#1}, std::array<char*, 2ul> >(int, at::native::(anonymous namespace)::launch_clamp_scalar(at::TensorIteratorBase&, c10::Scalar, c10::Scalar, at::native::detail::ClampLimits)::{lambda()#1}::operator()() const::{lambda()#7}::operator()() const::{lambda(float)#1}, std::array<char*, 2ul>)",1,2732.09375
304,111,relu2,"void at::native::vectorized_elementwise_kernel<4, at::native::(anonymous namespace)::launch_clamp_scalar(at::TensorIteratorBase&, c10::Scalar, c10::Scalar, at::native::detail::ClampLimits)::{lambda()#1}::operator()() const::{lambda()#7}::operator()() const::{lambda(float)#1}, std::array<char*, 2ul> >(int, at::native::(anonymous namespace)::launch_clamp_scalar(at::TensorIteratorBase&, c10::Scalar, c10::Scalar, at::native::detail::ClampLimits)::{lambda()#1}::operator()() const::{lambda()#7}::operator()() const::{lambda(float)#1}, std::array<char*, 2ul>)",1,1367.439453125
304,111,relu3,"void at::native::vectorized_elementwise_kernel<4, at::native::(anonymous namespace)::launch_clamp_scalar(at::TensorIteratorBase&, c10::Scalar, c10::Scalar, at::native::detail::ClampLimits)::{lambda()#1}::operator()() const::{lambda()#7}::operator()() const::{lambda(float)#1}, std::array<char*, 2ul> >(int, at::native::(anonymous namespace)::launch_clamp_scalar(at::TensorIteratorBase&, c10::Scalar, c10::Scalar, at::native::detail::ClampLimits)::{lambda()#1}::operator()() const::{lambda()#7}::operator()() const::{lambda(float)#1}, std::array<char*, 2ul>)",1,683.2880859375
304,111,relu4,"void at::native::vectorized_elementwise_kernel<4, at::native::(anonymous namespace)::launch_clamp_scalar(at::TensorIteratorBase&, c10::Scalar, c10::Scalar, at::native::detail::ClampLimits)::{lambda()#1}::operator()() const::{lambda()#7}::operator()() const::{lambda(float)#1}, std::array<char*, 2ul> >(int, at::native::(anonymous namespace)::launch_clamp_scalar(at::TensorIteratorBase&, c10::Scalar, c10::Scalar, at::native::detail::ClampLimits)::{lambda()#1}::operator()() const::{lambda()#7}::operator()() const::{lambda(float)#1}, std::array<char*, 2ul>)",1,1370.19140625
304,111,relu5,"void at::native::vectorized_elementwise_kernel<4, at::native::(anonymous namespace)::launch_clamp_scalar(at::TensorIteratorBase&, c10::Scalar, c10::Scalar, at::native::detail::ClampLimits)::{lambda()#1}::operator()() const::{lambda()#7}::operator()() const::{lambda(float)#1}, std::array<char*, 2ul> >(int, at::native::(anonymous namespace)::launch_clamp_scalar(at::TensorIteratorBase&, c10::Scalar, c10::Scalar, at::native::detail::ClampLimits)::{lambda()#1}::operator()() const::{lambda()#7}::operator()() const::{lambda(float)#1}, std::array<char*, 2ul>)",1,336.572265625
304,111,relu6,"void at::native::vectorized_elementwise_kernel<4, at::native::(anonymous namespace)::launch_clamp_scalar(at::TensorIteratorBase&, c10::Scalar, c10::Scalar, at::native::detail::ClampLimits)::{lambda()#1}::operator()() const::{lambda()#7}::operator()() const::{lambda(float)#1}, std::array<char*, 2ul> >(int, at::native::(anonymous namespace)::launch_clamp_scalar(at::TensorIteratorBase&, c10::Scalar, c10::Scalar, at::native::detail::ClampLimits)::{lambda()#1}::operator()() const::{lambda()#7}::operator()() const::{lambda(float)#1}, std::array<char*, 2ul>)",1,683.2880859375
304,111,relu7,"void at::native::vectorized_elementwise_kernel<4, at::native::(anonymous namespace)::launch_clamp_scalar(at::TensorIteratorBase&, c10::Scalar, c10::Scalar, at::native::detail::ClampLimits)::{lambda()#1}::operator()() const::{lambda()#7}::operator()() const::{lambda(float)#1}, std::array<char*, 2ul> >(int, at::native::(anonymous namespace)::launch_clamp_scalar(at::TensorIteratorBase&, c10::Scalar, c10::Scalar, at::native::detail::ClampLimits)::{lambda()#1}::operator()() const::{lambda()#7}::operator()() const::{lambda(float)#1}, std::array<char*, 2ul>)",1,2.8798828125
304,128,conv1_7x7_s2,"void fft2d_c2r_32x32<float, true, false, 0u, false, false>(float*, float2 const*, int, int, int, int, int, int, int, int, int, float, float, cudnn::reduced_divisor, bool, float*, float*, int2, cudnnActivationStruct, int, int)",287,187.89620535714286
304,128,conv1_7x7_s2,"void fft2d_r2c_32x32<float, false, 0u, false>(float2*, float const*, int, int, int, int, int, int, int, int, int, cudnn::reduced_divisor, bool, int2, int, int)",287,39.975545105618465
304,128,conv1_7x7_s2,"void fft2d_r2c_32x32<float, false, 1u, true>(float2*, float const*, int, int, int, int, int, int, int, int, int, cudnn::reduced_divisor, bool, int2, int, int)",1,17.0556640625
304,128,conv1_7x7_s2,volta_gcgemm_32x32_nt,286,135.6287423513986
304,128,conv2_5x5,"void cudnn::winograd_nonfused::winogradForwardData9x9_5x5<float, float>(cudnn::winograd_nonfused::WinogradDataParams<float, float>)",1,3514.1025390625
304,128,conv2_5x5,"void cudnn::winograd_nonfused::winogradForwardFilter9x9_5x5<float, float>(cudnn::winograd_nonfused::WinogradFilterParams<float, float>)",1,9.8876953125
304,128,conv2_5x5,"void cudnn::winograd_nonfused::winogradForwardOutput9x9_5x5<float, float>(cudnn::winograd_nonfused::WinogradOutputParams<float, float>)",1,4519.916015625
304,128,conv2_5x5,volta_sgemm_128x64_nn,1,3160.0595703125
304,128,conv3_3x3_s2,_5x_cudnn_volta_scudnn_128x128_relu_medium_nn_v1,1,6375.8310546875
304,128,conv3_3x3_s2,"void cask__5x_cudnn::computeOffsetsKernel<false, false>(cask__5x_cudnn::ComputeOffsetsParams)",1,3.2958984375
304,128,conv4_1x1,volta_sgemm_128x64_nn,1,3229.8515625
304,128,conv5_3x3_s2,_5x_cudnn_volta_scudnn_128x64_relu_xregs_large_nn_v1,1,13509.220703125
304,128,conv5_3x3_s2,"void cask__5x_cudnn::computeOffsetsKernel<false, false>(cask__5x_cudnn::ComputeOffsetsParams)",1,3.4560546875
304,128,conv6_1x1,_5x_cudnn_volta_scudnn_128x128_relu_medium_nn_v1,1,3357.369140625
304,128,conv6_1x1,"void cask__5x_cudnn::computeOffsetsKernel<false, false>(cask__5x_cudnn::ComputeOffsetsParams)",1,3.6484375
304,128,fc1,"void cublasLt::splitKreduce_kernel<32, 16, int, float, float, float, float, false, float, float, float, true, true, false>(cublasLt::cublasSplitKParams<float>, float const*, float const*, float*, float*, float const*, float const*, float const*, float const*, float*, void*, long, float*, int*, float*, float*, float const*, float const*, float const*, float const*, float const*)",1,4.9599609375
304,128,fc1,volta_sgemm_128x32_tn,1,26.302734375
304,128,fc2,"void cublasLt::splitKreduce_kernel<32, 16, int, float, float, float, float, false, float, float, float, true, true, false>(cublasLt::cublasSplitKParams<float>, float const*, float const*, float*, float*, float const*, float const*, float const*, float const*, float*, void*, long, float*, int*, float*, float*, float const*, float const*, float const*, float const*, float const*)",1,4.1279296875
304,128,fc2,volta_sgemm_32x128_tn,1,13.4716796875
304,128,gap,"void at::native::reduce_kernel<512, 1, at::native::ReduceOp<float, at::native::MeanOps<float, float, float, float>, unsigned int, float, 4, 4> >(at::native::ReduceOp<float, at::native::MeanOps<float, float, float, float>, unsigned int, float, 4, 4>)",1,404.8916015625
304,128,maxpool1,"void at::native::(anonymous namespace)::max_pool_forward_nchw<float, int>(int, float const*, long, long, long, int, int, int, int, int, int, int, int, int, int, float*, long*)",1,3201.1474609375
304,128,relu1,"void at::native::vectorized_elementwise_kernel<4, at::native::(anonymous namespace)::launch_clamp_scalar(at::TensorIteratorBase&, c10::Scalar, c10::Scalar, at::native::detail::ClampLimits)::{lambda()#1}::operator()() const::{lambda()#7}::operator()() const::{lambda(float)#1}, std::array<char*, 2ul> >(int, at::native::(anonymous namespace)::launch_clamp_scalar(at::TensorIteratorBase&, c10::Scalar, c10::Scalar, at::native::detail::ClampLimits)::{lambda()#1}::operator()() const::{lambda()#7}::operator()() const::{lambda(float)#1}, std::array<char*, 2ul>)",1,3148.828125
304,128,relu2,"void at::native::vectorized_elementwise_kernel<4, at::native::(anonymous namespace)::launch_clamp_scalar(at::TensorIteratorBase&, c10::Scalar, c10::Scalar, at::native::detail::ClampLimits)::{lambda()#1}::operator()() const::{lambda()#7}::operator()() const::{lambda(float)#1}, std::array<char*, 2ul> >(int, at::native::(anonymous namespace)::launch_clamp_scalar(at::TensorIteratorBase&, c10::Scalar, c10::Scalar, at::native::detail::ClampLimits)::{lambda()#1}::operator()() const::{lambda()#7}::operator()() const::{lambda(float)#1}, std::array<char*, 2ul>)",1,1572.4619140625
304,128,relu3,"void at::native::vectorized_elementwise_kernel<4, at::native::(anonymous namespace)::launch_clamp_scalar(at::TensorIteratorBase&, c10::Scalar, c10::Scalar, at::native::detail::ClampLimits)::{lambda()#1}::operator()() const::{lambda()#7}::operator()() const::{lambda(float)#1}, std::array<char*, 2ul> >(int, at::native::(anonymous namespace)::launch_clamp_scalar(at::TensorIteratorBase&, c10::Scalar, c10::Scalar, at::native::detail::ClampLimits)::{lambda()#1}::operator()() const::{lambda()#7}::operator()() const::{lambda(float)#1}, std::array<char*, 2ul>)",1,784.91796875
304,128,relu4,"void at::native::vectorized_elementwise_kernel<4, at::native::(anonymous namespace)::launch_clamp_scalar(at::TensorIteratorBase&, c10::Scalar, c10::Scalar, at::native::detail::ClampLimits)::{lambda()#1}::operator()() const::{lambda()#7}::operator()() const::{lambda(float)#1}, std::array<char*, 2ul> >(int, at::native::(anonymous namespace)::launch_clamp_scalar(at::TensorIteratorBase&, c10::Scalar, c10::Scalar, at::native::detail::ClampLimits)::{lambda()#1}::operator()() const::{lambda()#7}::operator()() const::{lambda(float)#1}, std::array<char*, 2ul>)",1,1572.8447265625
304,128,relu5,"void at::native::vectorized_elementwise_kernel<4, at::native::(anonymous namespace)::launch_clamp_scalar(at::TensorIteratorBase&, c10::Scalar, c10::Scalar, at::native::detail::ClampLimits)::{lambda()#1}::operator()() const::{lambda()#7}::operator()() const::{lambda(float)#1}, std::array<char*, 2ul> >(int, at::native::(anonymous namespace)::launch_clamp_scalar(at::TensorIteratorBase&, c10::Scalar, c10::Scalar, at::native::detail::ClampLimits)::{lambda()#1}::operator()() const::{lambda()#7}::operator()() const::{lambda(float)#1}, std::array<char*, 2ul>)",1,390.4921875
304,128,relu6,"void at::native::vectorized_elementwise_kernel<4, at::native::(anonymous namespace)::launch_clamp_scalar(at::TensorIteratorBase&, c10::Scalar, c10::Scalar, at::native::detail::ClampLimits)::{lambda()#1}::operator()() const::{lambda()#7}::operator()() const::{lambda(float)#1}, std::array<char*, 2ul> >(int, at::native::(anonymous namespace)::launch_clamp_scalar(at::TensorIteratorBase&, c10::Scalar, c10::Scalar, at::native::detail::ClampLimits)::{lambda()#1}::operator()() const::{lambda()#7}::operator()() const::{lambda(float)#1}, std::array<char*, 2ul>)",1,788.375
304,128,relu7,"void at::native::vectorized_elementwise_kernel<4, at::native::(anonymous namespace)::launch_clamp_scalar(at::TensorIteratorBase&, c10::Scalar, c10::Scalar, at::native::detail::ClampLimits)::{lambda()#1}::operator()() const::{lambda()#7}::operator()() const::{lambda(float)#1}, std::array<char*, 2ul> >(int, at::native::(anonymous namespace)::launch_clamp_scalar(at::TensorIteratorBase&, c10::Scalar, c10::Scalar, at::native::detail::ClampLimits)::{lambda()#1}::operator()() const::{lambda()#7}::operator()() const::{lambda(float)#1}, std::array<char*, 2ul>)",1,2.81640625
304,133,conv1_7x7_s2,"void fft2d_c2r_32x32<float, true, false, 0u, false, false>(float*, float2 const*, int, int, int, int, int, int, int, int, int, float, float, cudnn::reduced_divisor, bool, float*, float*, int2, cudnnActivationStruct, int, int)",287,199.19142326328398
304,133,conv1_7x7_s2,"void fft2d_r2c_32x32<float, false, 0u, false>(float2*, float const*, int, int, int, int, int, int, int, int, int, cudnn::reduced_divisor, bool, int2, int, int)",287,40.37734443053136
304,133,conv1_7x7_s2,"void fft2d_r2c_32x32<float, false, 1u, true>(float2*, float const*, int, int, int, int, int, int, int, int, int, cudnn::reduced_divisor, bool, int2, int, int)",1,18.52734375
304,133,conv1_7x7_s2,volta_gcgemm_32x32_nt,286,152.9344849486451
304,133,conv2_5x5,"void cudnn::winograd_nonfused::winogradForwardData9x9_5x5<float, float>(cudnn::winograd_nonfused::WinogradDataParams<float, float>)",1,3840.1796875
304,133,conv2_5x5,"void cudnn::winograd_nonfused::winogradForwardFilter9x9_5x5<float, float>(cudnn::winograd_nonfused::WinogradFilterParams<float, float>)",1,9.9189453125
304,133,conv2_5x5,"void cudnn::winograd_nonfused::winogradForwardOutput9x9_5x5<float, float>(cudnn::winograd_nonfused::WinogradOutputParams<float, float>)",1,5022.7900390625
304,133,conv2_5x5,volta_sgemm_128x64_nn,1,3843.0283203125
304,133,conv3_3x3_s2,_5x_cudnn_volta_scudnn_128x128_relu_medium_nn_v1,1,6339.3193359375
304,133,conv3_3x3_s2,"void cask__5x_cudnn::computeOffsetsKernel<false, false>(cask__5x_cudnn::ComputeOffsetsParams)",1,3.232421875
304,133,conv4_1x1,volta_sgemm_128x64_nn,1,3356.6005859375
304,133,conv5_3x3_s2,_5x_cudnn_volta_scudnn_128x64_relu_xregs_large_nn_v1,1,13780.224609375
304,133,conv5_3x3_s2,"void cask__5x_cudnn::computeOffsetsKernel<false, false>(cask__5x_cudnn::ComputeOffsetsParams)",1,3.5517578125
304,133,conv6_1x1,_5x_cudnn_volta_scudnn_128x128_relu_medium_nn_v1,1,3454.2958984375
304,133,conv6_1x1,"void cask__5x_cudnn::computeOffsetsKernel<false, false>(cask__5x_cudnn::ComputeOffsetsParams)",1,3.6162109375
304,133,fc1,Memset (Device),1,0.671875
304,133,fc1,volta_sgemm_64x32_sliced1x4_tn,1,32.064453125
304,133,fc2,volta_sgemm_32x32_sliced1x4_tn,1,17.50390625
304,133,gap,"void at::native::reduce_kernel<512, 1, at::native::ReduceOp<float, at::native::MeanOps<float, float, float, float>, unsigned int, float, 4, 4> >(at::native::ReduceOp<float, at::native::MeanOps<float, float, float, float>, unsigned int, float, 4, 4>)",1,420.955078125
304,133,maxpool1,"void at::native::(anonymous namespace)::max_pool_forward_nchw<float, int>(int, float const*, long, long, long, int, int, int, int, int, int, int, int, int, int, float*, long*)",1,3263.2255859375
304,133,relu1,"void at::native::vectorized_elementwise_kernel<4, at::native::(anonymous namespace)::launch_clamp_scalar(at::TensorIteratorBase&, c10::Scalar, c10::Scalar, at::native::detail::ClampLimits)::{lambda()#1}::operator()() const::{lambda()#7}::operator()() const::{lambda(float)#1}, std::array<char*, 2ul> >(int, at::native::(anonymous namespace)::launch_clamp_scalar(at::TensorIteratorBase&, c10::Scalar, c10::Scalar, at::native::detail::ClampLimits)::{lambda()#1}::operator()() const::{lambda()#7}::operator()() const::{lambda(float)#1}, std::array<char*, 2ul>)",1,3293.37109375
304,133,relu2,"void at::native::vectorized_elementwise_kernel<4, at::native::(anonymous namespace)::launch_clamp_scalar(at::TensorIteratorBase&, c10::Scalar, c10::Scalar, at::native::detail::ClampLimits)::{lambda()#1}::operator()() const::{lambda()#7}::operator()() const::{lambda(float)#1}, std::array<char*, 2ul> >(int, at::native::(anonymous namespace)::launch_clamp_scalar(at::TensorIteratorBase&, c10::Scalar, c10::Scalar, at::native::detail::ClampLimits)::{lambda()#1}::operator()() const::{lambda()#7}::operator()() const::{lambda(float)#1}, std::array<char*, 2ul>)",1,1636.2685546875
304,133,relu3,"void at::native::vectorized_elementwise_kernel<4, at::native::(anonymous namespace)::launch_clamp_scalar(at::TensorIteratorBase&, c10::Scalar, c10::Scalar, at::native::detail::ClampLimits)::{lambda()#1}::operator()() const::{lambda()#7}::operator()() const::{lambda(float)#1}, std::array<char*, 2ul> >(int, at::native::(anonymous namespace)::launch_clamp_scalar(at::TensorIteratorBase&, c10::Scalar, c10::Scalar, at::native::detail::ClampLimits)::{lambda()#1}::operator()() const::{lambda()#7}::operator()() const::{lambda(float)#1}, std::array<char*, 2ul>)",1,814.998046875
304,133,relu4,"void at::native::vectorized_elementwise_kernel<4, at::native::(anonymous namespace)::launch_clamp_scalar(at::TensorIteratorBase&, c10::Scalar, c10::Scalar, at::native::detail::ClampLimits)::{lambda()#1}::operator()() const::{lambda()#7}::operator()() const::{lambda(float)#1}, std::array<char*, 2ul> >(int, at::native::(anonymous namespace)::launch_clamp_scalar(at::TensorIteratorBase&, c10::Scalar, c10::Scalar, at::native::detail::ClampLimits)::{lambda()#1}::operator()() const::{lambda()#7}::operator()() const::{lambda(float)#1}, std::array<char*, 2ul>)",1,1636.556640625
304,133,relu5,"void at::native::vectorized_elementwise_kernel<4, at::native::(anonymous namespace)::launch_clamp_scalar(at::TensorIteratorBase&, c10::Scalar, c10::Scalar, at::native::detail::ClampLimits)::{lambda()#1}::operator()() const::{lambda()#7}::operator()() const::{lambda(float)#1}, std::array<char*, 2ul> >(int, at::native::(anonymous namespace)::launch_clamp_scalar(at::TensorIteratorBase&, c10::Scalar, c10::Scalar, at::native::detail::ClampLimits)::{lambda()#1}::operator()() const::{lambda()#7}::operator()() const::{lambda(float)#1}, std::array<char*, 2ul>)",1,403.515625
304,133,relu6,"void at::native::vectorized_elementwise_kernel<4, at::native::(anonymous namespace)::launch_clamp_scalar(at::TensorIteratorBase&, c10::Scalar, c10::Scalar, at::native::detail::ClampLimits)::{lambda()#1}::operator()() const::{lambda()#7}::operator()() const::{lambda(float)#1}, std::array<char*, 2ul> >(int, at::native::(anonymous namespace)::launch_clamp_scalar(at::TensorIteratorBase&, c10::Scalar, c10::Scalar, at::native::detail::ClampLimits)::{lambda()#1}::operator()() const::{lambda()#7}::operator()() const::{lambda(float)#1}, std::array<char*, 2ul>)",1,816.1513671875
304,133,relu7,"void at::native::vectorized_elementwise_kernel<4, at::native::(anonymous namespace)::launch_clamp_scalar(at::TensorIteratorBase&, c10::Scalar, c10::Scalar, at::native::detail::ClampLimits)::{lambda()#1}::operator()() const::{lambda()#7}::operator()() const::{lambda(float)#1}, std::array<char*, 2ul> >(int, at::native::(anonymous namespace)::launch_clamp_scalar(at::TensorIteratorBase&, c10::Scalar, c10::Scalar, at::native::detail::ClampLimits)::{lambda()#1}::operator()() const::{lambda()#7}::operator()() const::{lambda(float)#1}, std::array<char*, 2ul>)",1,3.232421875
304,139,conv1_7x7_s2,"void fft2d_c2r_32x32<float, true, false, 0u, false, false>(float*, float2 const*, int, int, int, int, int, int, int, int, int, float, float, cudnn::reduced_divisor, bool, float*, float*, int2, cudnnActivationStruct, int, int)",287,207.74469866071428
304,139,conv1_7x7_s2,"void fft2d_r2c_32x32<float, false, 0u, false>(float2*, float const*, int, int, int, int, int, int, int, int, int, cudnn::reduced_divisor, bool, int2, int, int)",287,41.814242160278745
304,139,conv1_7x7_s2,"void fft2d_r2c_32x32<float, false, 1u, true>(float2*, float const*, int, int, int, int, int, int, int, int, int, cudnn::reduced_divisor, bool, int2, int, int)",1,17.7919921875
304,139,conv1_7x7_s2,volta_gcgemm_32x32_nt,286,151.72074409965035
304,139,conv2_5x5,"void cudnn::winograd_nonfused::winogradForwardData9x9_5x5<float, float>(cudnn::winograd_nonfused::WinogradDataParams<float, float>)",1,3909.6806640625
304,139,conv2_5x5,"void cudnn::winograd_nonfused::winogradForwardFilter9x9_5x5<float, float>(cudnn::winograd_nonfused::WinogradFilterParams<float, float>)",1,10.3681640625
304,139,conv2_5x5,"void cudnn::winograd_nonfused::winogradForwardOutput9x9_5x5<float, float>(cudnn::winograd_nonfused::WinogradOutputParams<float, float>)",1,5100.38671875
304,139,conv2_5x5,volta_sgemm_128x64_nn,1,3843.025390625
304,139,conv3_3x3_s2,_5x_cudnn_volta_scudnn_128x128_relu_medium_nn_v1,1,7054.0908203125
304,139,conv3_3x3_s2,"void cask__5x_cudnn::computeOffsetsKernel<false, false>(cask__5x_cudnn::ComputeOffsetsParams)",1,3.4560546875
304,139,conv4_1x1,volta_sgemm_128x64_nn,1,3508.0859375
304,139,conv5_3x3_s2,_5x_cudnn_volta_scudnn_128x64_relu_xregs_large_nn_v1,1,14340.3388671875
304,139,conv5_3x3_s2,"void cask__5x_cudnn::computeOffsetsKernel<false, false>(cask__5x_cudnn::ComputeOffsetsParams)",1,3.423828125
304,139,conv6_1x1,_5x_cudnn_volta_scudnn_128x128_relu_medium_nn_v1,1,3281.1435546875
304,139,conv6_1x1,"void cask__5x_cudnn::computeOffsetsKernel<false, false>(cask__5x_cudnn::ComputeOffsetsParams)",1,3.48828125
304,139,fc1,Memset (Device),1,0.6396484375
304,139,fc1,volta_sgemm_64x32_sliced1x4_tn,1,29.21484375
304,139,fc2,volta_sgemm_32x32_sliced1x4_tn,1,16.16015625
304,139,gap,"void at::native::reduce_kernel<512, 1, at::native::ReduceOp<float, at::native::MeanOps<float, float, float, float>, unsigned int, float, 4, 4> >(at::native::ReduceOp<float, at::native::MeanOps<float, float, float, float>, unsigned int, float, 4, 4>)",1,431.962890625
304,139,maxpool1,"void at::native::(anonymous namespace)::max_pool_forward_nchw<float, int>(int, float const*, long, long, long, int, int, int, int, int, int, int, int, int, int, float*, long*)",1,3477.8779296875
304,139,relu1,"void at::native::vectorized_elementwise_kernel<4, at::native::(anonymous namespace)::launch_clamp_scalar(at::TensorIteratorBase&, c10::Scalar, c10::Scalar, at::native::detail::ClampLimits)::{lambda()#1}::operator()() const::{lambda()#7}::operator()() const::{lambda(float)#1}, std::array<char*, 2ul> >(int, at::native::(anonymous namespace)::launch_clamp_scalar(at::TensorIteratorBase&, c10::Scalar, c10::Scalar, at::native::detail::ClampLimits)::{lambda()#1}::operator()() const::{lambda()#7}::operator()() const::{lambda(float)#1}, std::array<char*, 2ul>)",1,3423.703125
304,139,relu2,"void at::native::vectorized_elementwise_kernel<4, at::native::(anonymous namespace)::launch_clamp_scalar(at::TensorIteratorBase&, c10::Scalar, c10::Scalar, at::native::detail::ClampLimits)::{lambda()#1}::operator()() const::{lambda()#7}::operator()() const::{lambda(float)#1}, std::array<char*, 2ul> >(int, at::native::(anonymous namespace)::launch_clamp_scalar(at::TensorIteratorBase&, c10::Scalar, c10::Scalar, at::native::detail::ClampLimits)::{lambda()#1}::operator()() const::{lambda()#7}::operator()() const::{lambda(float)#1}, std::array<char*, 2ul>)",1,1705.0673828125
304,139,relu3,"void at::native::vectorized_elementwise_kernel<4, at::native::(anonymous namespace)::launch_clamp_scalar(at::TensorIteratorBase&, c10::Scalar, c10::Scalar, at::native::detail::ClampLimits)::{lambda()#1}::operator()() const::{lambda()#7}::operator()() const::{lambda(float)#1}, std::array<char*, 2ul> >(int, at::native::(anonymous namespace)::launch_clamp_scalar(at::TensorIteratorBase&, c10::Scalar, c10::Scalar, at::native::detail::ClampLimits)::{lambda()#1}::operator()() const::{lambda()#7}::operator()() const::{lambda(float)#1}, std::array<char*, 2ul>)",1,856.7578125
304,139,relu4,"void at::native::vectorized_elementwise_kernel<4, at::native::(anonymous namespace)::launch_clamp_scalar(at::TensorIteratorBase&, c10::Scalar, c10::Scalar, at::native::detail::ClampLimits)::{lambda()#1}::operator()() const::{lambda()#7}::operator()() const::{lambda(float)#1}, std::array<char*, 2ul> >(int, at::native::(anonymous namespace)::launch_clamp_scalar(at::TensorIteratorBase&, c10::Scalar, c10::Scalar, at::native::detail::ClampLimits)::{lambda()#1}::operator()() const::{lambda()#7}::operator()() const::{lambda(float)#1}, std::array<char*, 2ul>)",1,1706.69921875
304,139,relu5,"void at::native::vectorized_elementwise_kernel<4, at::native::(anonymous namespace)::launch_clamp_scalar(at::TensorIteratorBase&, c10::Scalar, c10::Scalar, at::native::detail::ClampLimits)::{lambda()#1}::operator()() const::{lambda()#7}::operator()() const::{lambda(float)#1}, std::array<char*, 2ul> >(int, at::native::(anonymous namespace)::launch_clamp_scalar(at::TensorIteratorBase&, c10::Scalar, c10::Scalar, at::native::detail::ClampLimits)::{lambda()#1}::operator()() const::{lambda()#7}::operator()() const::{lambda(float)#1}, std::array<char*, 2ul>)",1,421.2431640625
304,139,relu6,"void at::native::vectorized_elementwise_kernel<4, at::native::(anonymous namespace)::launch_clamp_scalar(at::TensorIteratorBase&, c10::Scalar, c10::Scalar, at::native::detail::ClampLimits)::{lambda()#1}::operator()() const::{lambda()#7}::operator()() const::{lambda(float)#1}, std::array<char*, 2ul> >(int, at::native::(anonymous namespace)::launch_clamp_scalar(at::TensorIteratorBase&, c10::Scalar, c10::Scalar, at::native::detail::ClampLimits)::{lambda()#1}::operator()() const::{lambda()#7}::operator()() const::{lambda(float)#1}, std::array<char*, 2ul>)",1,857.58984375
304,139,relu7,"void at::native::vectorized_elementwise_kernel<4, at::native::(anonymous namespace)::launch_clamp_scalar(at::TensorIteratorBase&, c10::Scalar, c10::Scalar, at::native::detail::ClampLimits)::{lambda()#1}::operator()() const::{lambda()#7}::operator()() const::{lambda(float)#1}, std::array<char*, 2ul> >(int, at::native::(anonymous namespace)::launch_clamp_scalar(at::TensorIteratorBase&, c10::Scalar, c10::Scalar, at::native::detail::ClampLimits)::{lambda()#1}::operator()() const::{lambda()#7}::operator()() const::{lambda(float)#1}, std::array<char*, 2ul>)",1,3.232421875
304,256,conv1_7x7_s2,"void fft2d_c2r_32x32<float, true, false, 0u, false, false>(float*, float2 const*, int, int, int, int, int, int, int, int, int, float, float, cudnn::reduced_divisor, bool, float*, float*, int2, cudnnActivationStruct, int, int)",287,396.3729209766986
304,256,conv1_7x7_s2,"void fft2d_r2c_32x32<float, false, 0u, false>(float2*, float const*, int, int, int, int, int, int, int, int, int, cudnn::reduced_divisor, bool, int2, int, int)",287,86.42958882295297
304,256,conv1_7x7_s2,volta_gcgemm_32x32_nt,286,235.6516710828234
304,256,conv2_5x5,"void cudnn::winograd_nonfused::winogradForwardData9x9_5x5<float, float>(cudnn::winograd_nonfused::WinogradDataParams<float, float>)",1,6937.4912109375
304,256,conv2_5x5,"void cudnn::winograd_nonfused::winogradForwardFilter9x9_5x5<float, float>(cudnn::winograd_nonfused::WinogradFilterParams<float, float>)",1,10.3359375
304,256,conv2_5x5,"void cudnn::winograd_nonfused::winogradForwardOutput9x9_5x5<float, float>(cudnn::winograd_nonfused::WinogradOutputParams<float, float>)",1,8978.3974609375
304,256,conv2_5x5,volta_sgemm_128x64_nn,1,6457.0166015625
304,256,conv3_3x3_s2,_5x_cudnn_volta_scudnn_128x128_relu_medium_nn_v1,1,13303.4365234375
304,256,conv3_3x3_s2,"void cask__5x_cudnn::computeOffsetsKernel<false, false>(cask__5x_cudnn::ComputeOffsetsParams)",1,3.6162109375
304,256,conv4_1x1,volta_sgemm_128x64_nn,1,6647.22265625
304,256,conv5_3x3_s2,_5x_cudnn_volta_scudnn_128x64_relu_xregs_large_nn_v1,1,28003.5634765625
304,256,conv5_3x3_s2,"void cask__5x_cudnn::computeOffsetsKernel<false, false>(cask__5x_cudnn::ComputeOffsetsParams)",1,3.5517578125
304,256,conv6_1x1,_5x_cudnn_volta_scudnn_128x128_relu_medium_nn_v1,1,6691.158203125
304,256,conv6_1x1,"void cask__5x_cudnn::computeOffsetsKernel<false, false>(cask__5x_cudnn::ComputeOffsetsParams)",1,3.5517578125
304,256,fc1,"void cublasLt::splitKreduce_kernel<32, 16, int, float, float, float, float, false, float, float, float, true, true, false>(cublasLt::cublasSplitKParams<float>, float const*, float const*, float*, float*, float const*, float const*, float const*, float const*, float*, void*, long, float*, int*, float*, float*, float const*, float const*, float const*, float const*, float const*)",1,7.83984375
304,256,fc1,volta_sgemm_128x64_tn,1,38.20703125
304,256,fc2,"void cublasLt::splitKreduce_kernel<32, 16, int, float, float, float, float, false, float, float, float, true, true, false>(cublasLt::cublasSplitKParams<float>, float const*, float const*, float*, float*, float const*, float const*, float const*, float const*, float*, void*, long, float*, int*, float*, float*, float const*, float const*, float const*, float const*, float const*)",1,4.896484375
304,256,fc2,volta_sgemm_32x128_tn,1,17.15234375
304,256,gap,"void at::native::reduce_kernel<512, 1, at::native::ReduceOp<float, at::native::MeanOps<float, float, float, float>, unsigned int, float, 4, 4> >(at::native::ReduceOp<float, at::native::MeanOps<float, float, float, float>, unsigned int, float, 4, 4>)",1,785.9755859375
304,256,maxpool1,"void at::native::(anonymous namespace)::max_pool_forward_nchw<float, int>(int, float const*, long, long, long, int, int, int, int, int, int, int, int, int, int, float*, long*)",1,6402.5849609375
304,256,relu1,"void at::native::vectorized_elementwise_kernel<4, at::native::(anonymous namespace)::launch_clamp_scalar(at::TensorIteratorBase&, c10::Scalar, c10::Scalar, at::native::detail::ClampLimits)::{lambda()#1}::operator()() const::{lambda()#7}::operator()() const::{lambda(float)#1}, std::array<char*, 2ul> >(int, at::native::(anonymous namespace)::launch_clamp_scalar(at::TensorIteratorBase&, c10::Scalar, c10::Scalar, at::native::detail::ClampLimits)::{lambda()#1}::operator()() const::{lambda()#7}::operator()() const::{lambda(float)#1}, std::array<char*, 2ul>)",1,6304.4111328125
304,256,relu2,"void at::native::vectorized_elementwise_kernel<4, at::native::(anonymous namespace)::launch_clamp_scalar(at::TensorIteratorBase&, c10::Scalar, c10::Scalar, at::native::detail::ClampLimits)::{lambda()#1}::operator()() const::{lambda()#7}::operator()() const::{lambda(float)#1}, std::array<char*, 2ul> >(int, at::native::(anonymous namespace)::launch_clamp_scalar(at::TensorIteratorBase&, c10::Scalar, c10::Scalar, at::native::detail::ClampLimits)::{lambda()#1}::operator()() const::{lambda()#7}::operator()() const::{lambda(float)#1}, std::array<char*, 2ul>)",1,3145.4365234375
304,256,relu3,"void at::native::vectorized_elementwise_kernel<4, at::native::(anonymous namespace)::launch_clamp_scalar(at::TensorIteratorBase&, c10::Scalar, c10::Scalar, at::native::detail::ClampLimits)::{lambda()#1}::operator()() const::{lambda()#7}::operator()() const::{lambda(float)#1}, std::array<char*, 2ul> >(int, at::native::(anonymous namespace)::launch_clamp_scalar(at::TensorIteratorBase&, c10::Scalar, c10::Scalar, at::native::detail::ClampLimits)::{lambda()#1}::operator()() const::{lambda()#7}::operator()() const::{lambda(float)#1}, std::array<char*, 2ul>)",1,1574.19140625
304,256,relu4,"void at::native::vectorized_elementwise_kernel<4, at::native::(anonymous namespace)::launch_clamp_scalar(at::TensorIteratorBase&, c10::Scalar, c10::Scalar, at::native::detail::ClampLimits)::{lambda()#1}::operator()() const::{lambda()#7}::operator()() const::{lambda(float)#1}, std::array<char*, 2ul> >(int, at::native::(anonymous namespace)::launch_clamp_scalar(at::TensorIteratorBase&, c10::Scalar, c10::Scalar, at::native::detail::ClampLimits)::{lambda()#1}::operator()() const::{lambda()#7}::operator()() const::{lambda(float)#1}, std::array<char*, 2ul>)",1,3144.541015625
304,256,relu5,"void at::native::vectorized_elementwise_kernel<4, at::native::(anonymous namespace)::launch_clamp_scalar(at::TensorIteratorBase&, c10::Scalar, c10::Scalar, at::native::detail::ClampLimits)::{lambda()#1}::operator()() const::{lambda()#7}::operator()() const::{lambda(float)#1}, std::array<char*, 2ul> >(int, at::native::(anonymous namespace)::launch_clamp_scalar(at::TensorIteratorBase&, c10::Scalar, c10::Scalar, at::native::detail::ClampLimits)::{lambda()#1}::operator()() const::{lambda()#7}::operator()() const::{lambda(float)#1}, std::array<char*, 2ul>)",1,781.591796875
304,256,relu6,"void at::native::vectorized_elementwise_kernel<4, at::native::(anonymous namespace)::launch_clamp_scalar(at::TensorIteratorBase&, c10::Scalar, c10::Scalar, at::native::detail::ClampLimits)::{lambda()#1}::operator()() const::{lambda()#7}::operator()() const::{lambda(float)#1}, std::array<char*, 2ul> >(int, at::native::(anonymous namespace)::launch_clamp_scalar(at::TensorIteratorBase&, c10::Scalar, c10::Scalar, at::native::detail::ClampLimits)::{lambda()#1}::operator()() const::{lambda()#7}::operator()() const::{lambda(float)#1}, std::array<char*, 2ul>)",1,1579.6943359375
304,256,relu7,"void at::native::vectorized_elementwise_kernel<4, at::native::(anonymous namespace)::launch_clamp_scalar(at::TensorIteratorBase&, c10::Scalar, c10::Scalar, at::native::detail::ClampLimits)::{lambda()#1}::operator()() const::{lambda()#7}::operator()() const::{lambda(float)#1}, std::array<char*, 2ul> >(int, at::native::(anonymous namespace)::launch_clamp_scalar(at::TensorIteratorBase&, c10::Scalar, c10::Scalar, at::native::detail::ClampLimits)::{lambda()#1}::operator()() const::{lambda()#7}::operator()() const::{lambda(float)#1}, std::array<char*, 2ul>)",1,3.328125
320,1,conv1_7x7_s2,_5x_cudnn_volta_scudnn_128x32_relu_medium_nn_v1,1,85.9521484375
320,1,conv2_5x5,_5x_cudnn_volta_scudnn_128x32_sliced1x4_ldg4_relu_exp_medium_nhwc_tn_v1,1,180.669921875
320,1,conv2_5x5,"void cask__5x_cudnn::computeOffsetsKernel<false, false>(cask__5x_cudnn::ComputeOffsetsParams)",1,2.3359375
320,1,conv2_5x5,"void cudnn::engines_precompiled::nchwToNhwcKernel<float, float, float, false, true, (cudnnKernelDataType_t)0>(cudnn::engines_precompiled::nchw2nhwc_params_t<float>, float const*, float*)",2,5.6962890625
320,1,conv2_5x5,"void cudnn::engines_precompiled::nhwcToNchwKernel<float, float, float, true, false, (cudnnKernelDataType_t)0>(cudnn::engines_precompiled::nhwc2nchw_params_t<float>, float const*, float*)",1,6.912109375
320,1,conv3_3x3_s2,_5x_cudnn_volta_scudnn_128x64_relu_xregs_large_nn_v1,1,96.1904296875
320,1,conv3_3x3_s2,"void cask__5x_cudnn::computeOffsetsKernel<false, false>(cask__5x_cudnn::ComputeOffsetsParams)",1,2.3359375
320,1,conv4_1x1,volta_sgemm_128x64_nn,1,38.4638671875
320,1,conv5_3x3_s2,_5x_cudnn_volta_scudnn_128x32_sliced1x4_ldg4_relu_exp_medium_nhwc_tn_v1,1,160.2861328125
320,1,conv5_3x3_s2,"void cask__5x_cudnn::computeOffsetsKernel<false, false>(cask__5x_cudnn::ComputeOffsetsParams)",1,2.431640625
320,1,conv5_3x3_s2,"void cudnn::engines_precompiled::nchwToNhwcKernel<float, float, float, false, true, (cudnnKernelDataType_t)0>(cudnn::engines_precompiled::nchw2nhwc_params_t<float>, float const*, float*)",2,17.2802734375
320,1,conv5_3x3_s2,"void cudnn::engines_precompiled::nhwcToNchwKernel<float, float, float, true, false, (cudnnKernelDataType_t)0>(cudnn::engines_precompiled::nhwc2nchw_params_t<float>, float const*, float*)",1,3.232421875
320,1,conv6_1x1,volta_sgemm_128x64_nn,1,39.87109375
320,1,fc1,"std::enable_if<!(false), void>::type internal::gemvx::kernel<int, int, float, float, float, float, false, true, true, false, 7, false, cublasGemvParamsEx<int, cublasGemvTensorStridedBatched<float const>, cublasGemvTensorStridedBatched<float const>, cublasGemvTensorStridedBatched<float>, float> >(cublasGemvParamsEx<int, cublasGemvTensorStridedBatched<float const>, cublasGemvTensorStridedBatched<float const>, cublasGemvTensorStridedBatched<float>, float>)",1,5.6640625
320,1,fc2,"std::enable_if<!(false), void>::type internal::gemvx::kernel<int, int, float, float, float, float, false, true, true, false, 7, false, cublasGemvParamsEx<int, cublasGemvTensorStridedBatched<float const>, cublasGemvTensorStridedBatched<float const>, cublasGemvTensorStridedBatched<float>, float> >(cublasGemvParamsEx<int, cublasGemvTensorStridedBatched<float const>, cublasGemvTensorStridedBatched<float const>, cublasGemvTensorStridedBatched<float>, float>)",1,4.48046875
320,1,gap,"void at::native::reduce_kernel<512, 1, at::native::ReduceOp<float, at::native::MeanOps<float, float, float, float>, unsigned int, float, 4, 4> >(at::native::ReduceOp<float, at::native::MeanOps<float, float, float, float>, unsigned int, float, 4, 4>)",1,6.912109375
320,1,maxpool1,"void at::native::(anonymous namespace)::max_pool_forward_nchw<float, int>(int, float const*, long, long, long, int, int, int, int, int, int, int, int, int, int, float*, long*)",1,26.5595703125
320,1,relu1,"void at::native::vectorized_elementwise_kernel<4, at::native::(anonymous namespace)::launch_clamp_scalar(at::TensorIteratorBase&, c10::Scalar, c10::Scalar, at::native::detail::ClampLimits)::{lambda()#1}::operator()() const::{lambda()#7}::operator()() const::{lambda(float)#1}, std::array<char*, 2ul> >(int, at::native::(anonymous namespace)::launch_clamp_scalar(at::TensorIteratorBase&, c10::Scalar, c10::Scalar, at::native::detail::ClampLimits)::{lambda()#1}::operator()() const::{lambda()#7}::operator()() const::{lambda(float)#1}, std::array<char*, 2ul>)",1,8.0
320,1,relu2,"void at::native::vectorized_elementwise_kernel<4, at::native::(anonymous namespace)::launch_clamp_scalar(at::TensorIteratorBase&, c10::Scalar, c10::Scalar, at::native::detail::ClampLimits)::{lambda()#1}::operator()() const::{lambda()#7}::operator()() const::{lambda(float)#1}, std::array<char*, 2ul> >(int, at::native::(anonymous namespace)::launch_clamp_scalar(at::TensorIteratorBase&, c10::Scalar, c10::Scalar, at::native::detail::ClampLimits)::{lambda()#1}::operator()() const::{lambda()#7}::operator()() const::{lambda(float)#1}, std::array<char*, 2ul>)",1,4.8642578125
320,1,relu3,"void at::native::vectorized_elementwise_kernel<4, at::native::(anonymous namespace)::launch_clamp_scalar(at::TensorIteratorBase&, c10::Scalar, c10::Scalar, at::native::detail::ClampLimits)::{lambda()#1}::operator()() const::{lambda()#7}::operator()() const::{lambda(float)#1}, std::array<char*, 2ul> >(int, at::native::(anonymous namespace)::launch_clamp_scalar(at::TensorIteratorBase&, c10::Scalar, c10::Scalar, at::native::detail::ClampLimits)::{lambda()#1}::operator()() const::{lambda()#7}::operator()() const::{lambda(float)#1}, std::array<char*, 2ul>)",1,3.328125
320,1,relu4,"void at::native::vectorized_elementwise_kernel<4, at::native::(anonymous namespace)::launch_clamp_scalar(at::TensorIteratorBase&, c10::Scalar, c10::Scalar, at::native::detail::ClampLimits)::{lambda()#1}::operator()() const::{lambda()#7}::operator()() const::{lambda(float)#1}, std::array<char*, 2ul> >(int, at::native::(anonymous namespace)::launch_clamp_scalar(at::TensorIteratorBase&, c10::Scalar, c10::Scalar, at::native::detail::ClampLimits)::{lambda()#1}::operator()() const::{lambda()#7}::operator()() const::{lambda(float)#1}, std::array<char*, 2ul>)",1,4.9921875
320,1,relu5,"void at::native::vectorized_elementwise_kernel<4, at::native::(anonymous namespace)::launch_clamp_scalar(at::TensorIteratorBase&, c10::Scalar, c10::Scalar, at::native::detail::ClampLimits)::{lambda()#1}::operator()() const::{lambda()#7}::operator()() const::{lambda(float)#1}, std::array<char*, 2ul> >(int, at::native::(anonymous namespace)::launch_clamp_scalar(at::TensorIteratorBase&, c10::Scalar, c10::Scalar, at::native::detail::ClampLimits)::{lambda()#1}::operator()() const::{lambda()#7}::operator()() const::{lambda(float)#1}, std::array<char*, 2ul>)",1,2.9443359375
320,1,relu6,"void at::native::vectorized_elementwise_kernel<4, at::native::(anonymous namespace)::launch_clamp_scalar(at::TensorIteratorBase&, c10::Scalar, c10::Scalar, at::native::detail::ClampLimits)::{lambda()#1}::operator()() const::{lambda()#7}::operator()() const::{lambda(float)#1}, std::array<char*, 2ul> >(int, at::native::(anonymous namespace)::launch_clamp_scalar(at::TensorIteratorBase&, c10::Scalar, c10::Scalar, at::native::detail::ClampLimits)::{lambda()#1}::operator()() const::{lambda()#7}::operator()() const::{lambda(float)#1}, std::array<char*, 2ul>)",1,3.51953125
320,1,relu7,"void at::native::vectorized_elementwise_kernel<4, at::native::(anonymous namespace)::launch_clamp_scalar(at::TensorIteratorBase&, c10::Scalar, c10::Scalar, at::native::detail::ClampLimits)::{lambda()#1}::operator()() const::{lambda()#7}::operator()() const::{lambda(float)#1}, std::array<char*, 2ul> >(int, at::native::(anonymous namespace)::launch_clamp_scalar(at::TensorIteratorBase&, c10::Scalar, c10::Scalar, at::native::detail::ClampLimits)::{lambda()#1}::operator()() const::{lambda()#7}::operator()() const::{lambda(float)#1}, std::array<char*, 2ul>)",1,2.0478515625
320,2,conv1_7x7_s2,_5x_cudnn_volta_scudnn_128x32_relu_medium_nn_v1,1,147.6787109375
320,2,conv2_5x5,_5x_cudnn_volta_scudnn_128x64_relu_xregs_large_nn_v1,1,322.236328125
320,2,conv2_5x5,"void cask__5x_cudnn::computeOffsetsKernel<false, false>(cask__5x_cudnn::ComputeOffsetsParams)",1,2.65625
320,2,conv3_3x3_s2,_5x_cudnn_volta_scudnn_128x64_relu_xregs_large_nn_v1,1,159.6142578125
320,2,conv3_3x3_s2,"void cask__5x_cudnn::computeOffsetsKernel<false, false>(cask__5x_cudnn::ComputeOffsetsParams)",1,2.9443359375
320,2,conv4_1x1,volta_sgemm_64x64_nn,1,59.51953125
320,2,conv5_3x3_s2,_5x_cudnn_volta_scudnn_128x32_sliced1x4_ldg4_relu_exp_medium_nhwc_tn_v1,1,329.9482421875
320,2,conv5_3x3_s2,"void cask__5x_cudnn::computeOffsetsKernel<false, false>(cask__5x_cudnn::ComputeOffsetsParams)",1,2.912109375
320,2,conv5_3x3_s2,"void cudnn::engines_precompiled::nchwToNhwcKernel<float, float, float, false, true, (cudnnKernelDataType_t)0>(cudnn::engines_precompiled::nchw2nhwc_params_t<float>, float const*, float*)",2,25.2958984375
320,2,conv5_3x3_s2,"void cudnn::engines_precompiled::nhwcToNchwKernel<float, float, float, true, false, (cudnnKernelDataType_t)0>(cudnn::engines_precompiled::nhwc2nchw_params_t<float>, float const*, float*)",1,6.5283203125
320,2,conv6_1x1,_5x_cudnn_volta_scudnn_128x64_relu_small_nn_v1,1,80.3505859375
320,2,conv6_1x1,"void cask__5x_cudnn::computeOffsetsKernel<false, false>(cask__5x_cudnn::ComputeOffsetsParams)",1,2.3037109375
320,2,fc1,"void gemmSN_TN_kernel<float, 128, 16, 2, 4, 2, 2, true, cublasGemvTensorStridedBatched<float const>, cublasGemvTensorStridedBatched<float const>, cublasGemvTensorStridedBatched<float> >(cublasGemmSmallNParams<cublasGemvTensorStridedBatched<float const>, cublasGemvTensorStridedBatched<float const>, cublasGemvTensorStridedBatched<float>, float>)",1,7.103515625
320,2,fc2,"void gemmSN_TN_kernel<float, 128, 16, 2, 4, 2, 2, true, cublasGemvTensorStridedBatched<float const>, cublasGemvTensorStridedBatched<float const>, cublasGemvTensorStridedBatched<float> >(cublasGemmSmallNParams<cublasGemvTensorStridedBatched<float const>, cublasGemvTensorStridedBatched<float const>, cublasGemvTensorStridedBatched<float>, float>)",1,4.1923828125
320,2,gap,"void at::native::reduce_kernel<512, 1, at::native::ReduceOp<float, at::native::MeanOps<float, float, float, float>, unsigned int, float, 4, 4> >(at::native::ReduceOp<float, at::native::MeanOps<float, float, float, float>, unsigned int, float, 4, 4>)",1,7.7763671875
320,2,maxpool1,"void at::native::(anonymous namespace)::max_pool_forward_nchw<float, int>(int, float const*, long, long, long, int, int, int, int, int, int, int, int, int, int, float*, long*)",1,57.3759765625
320,2,relu1,"void at::native::vectorized_elementwise_kernel<4, at::native::(anonymous namespace)::launch_clamp_scalar(at::TensorIteratorBase&, c10::Scalar, c10::Scalar, at::native::detail::ClampLimits)::{lambda()#1}::operator()() const::{lambda()#7}::operator()() const::{lambda(float)#1}, std::array<char*, 2ul> >(int, at::native::(anonymous namespace)::launch_clamp_scalar(at::TensorIteratorBase&, c10::Scalar, c10::Scalar, at::native::detail::ClampLimits)::{lambda()#1}::operator()() const::{lambda()#7}::operator()() const::{lambda(float)#1}, std::array<char*, 2ul>)",1,55.9990234375
320,2,relu2,"void at::native::vectorized_elementwise_kernel<4, at::native::(anonymous namespace)::launch_clamp_scalar(at::TensorIteratorBase&, c10::Scalar, c10::Scalar, at::native::detail::ClampLimits)::{lambda()#1}::operator()() const::{lambda()#7}::operator()() const::{lambda(float)#1}, std::array<char*, 2ul> >(int, at::native::(anonymous namespace)::launch_clamp_scalar(at::TensorIteratorBase&, c10::Scalar, c10::Scalar, at::native::detail::ClampLimits)::{lambda()#1}::operator()() const::{lambda()#7}::operator()() const::{lambda(float)#1}, std::array<char*, 2ul>)",1,8.6396484375
320,2,relu3,"void at::native::vectorized_elementwise_kernel<4, at::native::(anonymous namespace)::launch_clamp_scalar(at::TensorIteratorBase&, c10::Scalar, c10::Scalar, at::native::detail::ClampLimits)::{lambda()#1}::operator()() const::{lambda()#7}::operator()() const::{lambda(float)#1}, std::array<char*, 2ul> >(int, at::native::(anonymous namespace)::launch_clamp_scalar(at::TensorIteratorBase&, c10::Scalar, c10::Scalar, at::native::detail::ClampLimits)::{lambda()#1}::operator()() const::{lambda()#7}::operator()() const::{lambda(float)#1}, std::array<char*, 2ul>)",1,5.6318359375
320,2,relu4,"void at::native::vectorized_elementwise_kernel<4, at::native::(anonymous namespace)::launch_clamp_scalar(at::TensorIteratorBase&, c10::Scalar, c10::Scalar, at::native::detail::ClampLimits)::{lambda()#1}::operator()() const::{lambda()#7}::operator()() const::{lambda(float)#1}, std::array<char*, 2ul> >(int, at::native::(anonymous namespace)::launch_clamp_scalar(at::TensorIteratorBase&, c10::Scalar, c10::Scalar, at::native::detail::ClampLimits)::{lambda()#1}::operator()() const::{lambda()#7}::operator()() const::{lambda(float)#1}, std::array<char*, 2ul>)",1,25.7587890625
320,2,relu5,"void at::native::vectorized_elementwise_kernel<4, at::native::(anonymous namespace)::launch_clamp_scalar(at::TensorIteratorBase&, c10::Scalar, c10::Scalar, at::native::detail::ClampLimits)::{lambda()#1}::operator()() const::{lambda()#7}::operator()() const::{lambda(float)#1}, std::array<char*, 2ul> >(int, at::native::(anonymous namespace)::launch_clamp_scalar(at::TensorIteratorBase&, c10::Scalar, c10::Scalar, at::native::detail::ClampLimits)::{lambda()#1}::operator()() const::{lambda()#7}::operator()() const::{lambda(float)#1}, std::array<char*, 2ul>)",1,3.744140625
320,2,relu6,"void at::native::vectorized_elementwise_kernel<4, at::native::(anonymous namespace)::launch_clamp_scalar(at::TensorIteratorBase&, c10::Scalar, c10::Scalar, at::native::detail::ClampLimits)::{lambda()#1}::operator()() const::{lambda()#7}::operator()() const::{lambda(float)#1}, std::array<char*, 2ul> >(int, at::native::(anonymous namespace)::launch_clamp_scalar(at::TensorIteratorBase&, c10::Scalar, c10::Scalar, at::native::detail::ClampLimits)::{lambda()#1}::operator()() const::{lambda()#7}::operator()() const::{lambda(float)#1}, std::array<char*, 2ul>)",1,5.2158203125
320,2,relu7,"void at::native::vectorized_elementwise_kernel<4, at::native::(anonymous namespace)::launch_clamp_scalar(at::TensorIteratorBase&, c10::Scalar, c10::Scalar, at::native::detail::ClampLimits)::{lambda()#1}::operator()() const::{lambda()#7}::operator()() const::{lambda(float)#1}, std::array<char*, 2ul> >(int, at::native::(anonymous namespace)::launch_clamp_scalar(at::TensorIteratorBase&, c10::Scalar, c10::Scalar, at::native::detail::ClampLimits)::{lambda()#1}::operator()() const::{lambda()#7}::operator()() const::{lambda(float)#1}, std::array<char*, 2ul>)",1,2.17578125
320,4,conv1_7x7_s2,_5x_cudnn_volta_scudnn_128x32_relu_medium_nn_v1,1,320.123046875
320,4,conv2_5x5,_5x_cudnn_volta_scudnn_128x64_relu_xregs_large_nn_v1,1,594.583984375
320,4,conv2_5x5,"void cask__5x_cudnn::computeOffsetsKernel<false, false>(cask__5x_cudnn::ComputeOffsetsParams)",1,3.232421875
320,4,conv3_3x3_s2,_5x_cudnn_volta_scudnn_128x64_relu_xregs_large_nn_v1,1,264.0283203125
320,4,conv3_3x3_s2,"void cask__5x_cudnn::computeOffsetsKernel<false, false>(cask__5x_cudnn::ComputeOffsetsParams)",1,3.2001953125
320,4,conv4_1x1,volta_sgemm_128x64_nn,1,122.8154296875
320,4,conv5_3x3_s2,_5x_cudnn_volta_scudnn_128x64_relu_small_nn_v1,1,701.75
320,4,conv5_3x3_s2,"void cask__5x_cudnn::computeOffsetsKernel<false, false>(cask__5x_cudnn::ComputeOffsetsParams)",1,3.2001953125
320,4,conv6_1x1,_5x_cudnn_volta_scudnn_128x64_relu_small_nn_v1,1,128.734375
320,4,conv6_1x1,"void cask__5x_cudnn::computeOffsetsKernel<false, false>(cask__5x_cudnn::ComputeOffsetsParams)",1,2.65625
320,4,fc1,"void gemmSN_TN_kernel<float, 128, 16, 2, 4, 4, 4, true, cublasGemvTensorStridedBatched<float const>, cublasGemvTensorStridedBatched<float const>, cublasGemvTensorStridedBatched<float> >(cublasGemmSmallNParams<cublasGemvTensorStridedBatched<float const>, cublasGemvTensorStridedBatched<float const>, cublasGemvTensorStridedBatched<float>, float>)",1,8.1923828125
320,4,fc2,"void gemmSN_TN_kernel<float, 128, 16, 2, 4, 4, 4, true, cublasGemvTensorStridedBatched<float const>, cublasGemvTensorStridedBatched<float const>, cublasGemvTensorStridedBatched<float> >(cublasGemmSmallNParams<cublasGemvTensorStridedBatched<float const>, cublasGemvTensorStridedBatched<float const>, cublasGemvTensorStridedBatched<float>, float>)",1,4.7666015625
320,4,gap,"void at::native::reduce_kernel<512, 1, at::native::ReduceOp<float, at::native::MeanOps<float, float, float, float>, unsigned int, float, 4, 4> >(at::native::ReduceOp<float, at::native::MeanOps<float, float, float, float>, unsigned int, float, 4, 4>)",1,13.984375
320,4,maxpool1,"void at::native::(anonymous namespace)::max_pool_forward_nchw<float, int>(int, float const*, long, long, long, int, int, int, int, int, int, int, int, int, int, float*, long*)",1,115.3896484375
320,4,relu1,"void at::native::vectorized_elementwise_kernel<4, at::native::(anonymous namespace)::launch_clamp_scalar(at::TensorIteratorBase&, c10::Scalar, c10::Scalar, at::native::detail::ClampLimits)::{lambda()#1}::operator()() const::{lambda()#7}::operator()() const::{lambda(float)#1}, std::array<char*, 2ul> >(int, at::native::(anonymous namespace)::launch_clamp_scalar(at::TensorIteratorBase&, c10::Scalar, c10::Scalar, at::native::detail::ClampLimits)::{lambda()#1}::operator()() const::{lambda()#7}::operator()() const::{lambda(float)#1}, std::array<char*, 2ul>)",1,109.21484375
320,4,relu2,"void at::native::vectorized_elementwise_kernel<4, at::native::(anonymous namespace)::launch_clamp_scalar(at::TensorIteratorBase&, c10::Scalar, c10::Scalar, at::native::detail::ClampLimits)::{lambda()#1}::operator()() const::{lambda()#7}::operator()() const::{lambda(float)#1}, std::array<char*, 2ul> >(int, at::native::(anonymous namespace)::launch_clamp_scalar(at::TensorIteratorBase&, c10::Scalar, c10::Scalar, at::native::detail::ClampLimits)::{lambda()#1}::operator()() const::{lambda()#7}::operator()() const::{lambda(float)#1}, std::array<char*, 2ul>)",1,55.9033203125
320,4,relu3,"void at::native::vectorized_elementwise_kernel<4, at::native::(anonymous namespace)::launch_clamp_scalar(at::TensorIteratorBase&, c10::Scalar, c10::Scalar, at::native::detail::ClampLimits)::{lambda()#1}::operator()() const::{lambda()#7}::operator()() const::{lambda(float)#1}, std::array<char*, 2ul> >(int, at::native::(anonymous namespace)::launch_clamp_scalar(at::TensorIteratorBase&, c10::Scalar, c10::Scalar, at::native::detail::ClampLimits)::{lambda()#1}::operator()() const::{lambda()#7}::operator()() const::{lambda(float)#1}, std::array<char*, 2ul>)",1,14.17578125
320,4,relu4,"void at::native::vectorized_elementwise_kernel<4, at::native::(anonymous namespace)::launch_clamp_scalar(at::TensorIteratorBase&, c10::Scalar, c10::Scalar, at::native::detail::ClampLimits)::{lambda()#1}::operator()() const::{lambda()#7}::operator()() const::{lambda(float)#1}, std::array<char*, 2ul> >(int, at::native::(anonymous namespace)::launch_clamp_scalar(at::TensorIteratorBase&, c10::Scalar, c10::Scalar, at::native::detail::ClampLimits)::{lambda()#1}::operator()() const::{lambda()#7}::operator()() const::{lambda(float)#1}, std::array<char*, 2ul>)",1,57.310546875
320,4,relu5,"void at::native::vectorized_elementwise_kernel<4, at::native::(anonymous namespace)::launch_clamp_scalar(at::TensorIteratorBase&, c10::Scalar, c10::Scalar, at::native::detail::ClampLimits)::{lambda()#1}::operator()() const::{lambda()#7}::operator()() const::{lambda(float)#1}, std::array<char*, 2ul> >(int, at::native::(anonymous namespace)::launch_clamp_scalar(at::TensorIteratorBase&, c10::Scalar, c10::Scalar, at::native::detail::ClampLimits)::{lambda()#1}::operator()() const::{lambda()#7}::operator()() const::{lambda(float)#1}, std::array<char*, 2ul>)",1,7.8720703125
320,4,relu6,"void at::native::vectorized_elementwise_kernel<4, at::native::(anonymous namespace)::launch_clamp_scalar(at::TensorIteratorBase&, c10::Scalar, c10::Scalar, at::native::detail::ClampLimits)::{lambda()#1}::operator()() const::{lambda()#7}::operator()() const::{lambda(float)#1}, std::array<char*, 2ul> >(int, at::native::(anonymous namespace)::launch_clamp_scalar(at::TensorIteratorBase&, c10::Scalar, c10::Scalar, at::native::detail::ClampLimits)::{lambda()#1}::operator()() const::{lambda()#7}::operator()() const::{lambda(float)#1}, std::array<char*, 2ul>)",1,13.4716796875
320,4,relu7,"void at::native::vectorized_elementwise_kernel<4, at::native::(anonymous namespace)::launch_clamp_scalar(at::TensorIteratorBase&, c10::Scalar, c10::Scalar, at::native::detail::ClampLimits)::{lambda()#1}::operator()() const::{lambda()#7}::operator()() const::{lambda(float)#1}, std::array<char*, 2ul> >(int, at::native::(anonymous namespace)::launch_clamp_scalar(at::TensorIteratorBase&, c10::Scalar, c10::Scalar, at::native::detail::ClampLimits)::{lambda()#1}::operator()() const::{lambda()#7}::operator()() const::{lambda(float)#1}, std::array<char*, 2ul>)",1,2.080078125
320,8,conv1_7x7_s2,_5x_cudnn_volta_scudnn_128x32_relu_medium_nn_v1,1,666.72265625
320,8,conv2_5x5,_5x_cudnn_volta_scudnn_128x64_relu_xregs_large_nn_v1,1,1245.6064453125
320,8,conv2_5x5,"void cask__5x_cudnn::computeOffsetsKernel<false, false>(cask__5x_cudnn::ComputeOffsetsParams)",1,3.51953125
320,8,conv3_3x3_s2,_5x_cudnn_volta_scudnn_128x64_relu_xregs_large_nn_v1,1,472.513671875
320,8,conv3_3x3_s2,"void cask__5x_cudnn::computeOffsetsKernel<false, false>(cask__5x_cudnn::ComputeOffsetsParams)",1,3.3916015625
320,8,conv4_1x1,volta_sgemm_128x64_nn,1,237.921875
320,8,conv5_3x3_s2,_5x_cudnn_volta_scudnn_128x64_relu_xregs_large_nn_v1,1,1084.7099609375
320,8,conv5_3x3_s2,"void cask__5x_cudnn::computeOffsetsKernel<false, false>(cask__5x_cudnn::ComputeOffsetsParams)",1,3.423828125
320,8,conv6_1x1,_5x_cudnn_volta_scudnn_128x64_relu_small_nn_v1,1,224.4814453125
320,8,conv6_1x1,"void cask__5x_cudnn::computeOffsetsKernel<false, false>(cask__5x_cudnn::ComputeOffsetsParams)",1,2.9755859375
320,8,fc1,"void gemmSN_TN_kernel<float, 128, 16, 2, 4, 8, 9, false, cublasGemvTensorStridedBatched<float const>, cublasGemvTensorStridedBatched<float const>, cublasGemvTensorStridedBatched<float> >(cublasGemmSmallNParams<cublasGemvTensorStridedBatched<float const>, cublasGemvTensorStridedBatched<float const>, cublasGemvTensorStridedBatched<float>, float>)",1,13.3115234375
320,8,fc2,"void gemmSN_TN_kernel<float, 128, 16, 2, 4, 8, 9, false, cublasGemvTensorStridedBatched<float const>, cublasGemvTensorStridedBatched<float const>, cublasGemvTensorStridedBatched<float> >(cublasGemmSmallNParams<cublasGemvTensorStridedBatched<float const>, cublasGemvTensorStridedBatched<float const>, cublasGemvTensorStridedBatched<float>, float>)",1,7.103515625
320,8,gap,"void at::native::reduce_kernel<512, 1, at::native::ReduceOp<float, at::native::MeanOps<float, float, float, float>, unsigned int, float, 4, 4> >(at::native::ReduceOp<float, at::native::MeanOps<float, float, float, float>, unsigned int, float, 4, 4>)",1,47.201171875
320,8,maxpool1,"void at::native::(anonymous namespace)::max_pool_forward_nchw<float, int>(int, float const*, long, long, long, int, int, int, int, int, int, int, int, int, int, float*, long*)",1,235.6806640625
320,8,relu1,"void at::native::vectorized_elementwise_kernel<4, at::native::(anonymous namespace)::launch_clamp_scalar(at::TensorIteratorBase&, c10::Scalar, c10::Scalar, at::native::detail::ClampLimits)::{lambda()#1}::operator()() const::{lambda()#7}::operator()() const::{lambda(float)#1}, std::array<char*, 2ul> >(int, at::native::(anonymous namespace)::launch_clamp_scalar(at::TensorIteratorBase&, c10::Scalar, c10::Scalar, at::native::detail::ClampLimits)::{lambda()#1}::operator()() const::{lambda()#7}::operator()() const::{lambda(float)#1}, std::array<char*, 2ul>)",1,216.76953125
320,8,relu2,"void at::native::vectorized_elementwise_kernel<4, at::native::(anonymous namespace)::launch_clamp_scalar(at::TensorIteratorBase&, c10::Scalar, c10::Scalar, at::native::detail::ClampLimits)::{lambda()#1}::operator()() const::{lambda()#7}::operator()() const::{lambda(float)#1}, std::array<char*, 2ul> >(int, at::native::(anonymous namespace)::launch_clamp_scalar(at::TensorIteratorBase&, c10::Scalar, c10::Scalar, at::native::detail::ClampLimits)::{lambda()#1}::operator()() const::{lambda()#7}::operator()() const::{lambda(float)#1}, std::array<char*, 2ul>)",1,109.537109375
320,8,relu3,"void at::native::vectorized_elementwise_kernel<4, at::native::(anonymous namespace)::launch_clamp_scalar(at::TensorIteratorBase&, c10::Scalar, c10::Scalar, at::native::detail::ClampLimits)::{lambda()#1}::operator()() const::{lambda()#7}::operator()() const::{lambda(float)#1}, std::array<char*, 2ul> >(int, at::native::(anonymous namespace)::launch_clamp_scalar(at::TensorIteratorBase&, c10::Scalar, c10::Scalar, at::native::detail::ClampLimits)::{lambda()#1}::operator()() const::{lambda()#7}::operator()() const::{lambda(float)#1}, std::array<char*, 2ul>)",1,54.015625
320,8,relu4,"void at::native::vectorized_elementwise_kernel<4, at::native::(anonymous namespace)::launch_clamp_scalar(at::TensorIteratorBase&, c10::Scalar, c10::Scalar, at::native::detail::ClampLimits)::{lambda()#1}::operator()() const::{lambda()#7}::operator()() const::{lambda(float)#1}, std::array<char*, 2ul> >(int, at::native::(anonymous namespace)::launch_clamp_scalar(at::TensorIteratorBase&, c10::Scalar, c10::Scalar, at::native::detail::ClampLimits)::{lambda()#1}::operator()() const::{lambda()#7}::operator()() const::{lambda(float)#1}, std::array<char*, 2ul>)",1,110.3681640625
320,8,relu5,"void at::native::vectorized_elementwise_kernel<4, at::native::(anonymous namespace)::launch_clamp_scalar(at::TensorIteratorBase&, c10::Scalar, c10::Scalar, at::native::detail::ClampLimits)::{lambda()#1}::operator()() const::{lambda()#7}::operator()() const::{lambda(float)#1}, std::array<char*, 2ul> >(int, at::native::(anonymous namespace)::launch_clamp_scalar(at::TensorIteratorBase&, c10::Scalar, c10::Scalar, at::native::detail::ClampLimits)::{lambda()#1}::operator()() const::{lambda()#7}::operator()() const::{lambda(float)#1}, std::array<char*, 2ul>)",1,16.416015625
320,8,relu6,"void at::native::vectorized_elementwise_kernel<4, at::native::(anonymous namespace)::launch_clamp_scalar(at::TensorIteratorBase&, c10::Scalar, c10::Scalar, at::native::detail::ClampLimits)::{lambda()#1}::operator()() const::{lambda()#7}::operator()() const::{lambda(float)#1}, std::array<char*, 2ul> >(int, at::native::(anonymous namespace)::launch_clamp_scalar(at::TensorIteratorBase&, c10::Scalar, c10::Scalar, at::native::detail::ClampLimits)::{lambda()#1}::operator()() const::{lambda()#7}::operator()() const::{lambda(float)#1}, std::array<char*, 2ul>)",1,51.8076171875
320,8,relu7,"void at::native::vectorized_elementwise_kernel<4, at::native::(anonymous namespace)::launch_clamp_scalar(at::TensorIteratorBase&, c10::Scalar, c10::Scalar, at::native::detail::ClampLimits)::{lambda()#1}::operator()() const::{lambda()#7}::operator()() const::{lambda(float)#1}, std::array<char*, 2ul> >(int, at::native::(anonymous namespace)::launch_clamp_scalar(at::TensorIteratorBase&, c10::Scalar, c10::Scalar, at::native::detail::ClampLimits)::{lambda()#1}::operator()() const::{lambda()#7}::operator()() const::{lambda(float)#1}, std::array<char*, 2ul>)",1,2.6884765625
320,16,conv1_7x7_s2,_5x_cudnn_volta_scudnn_128x32_relu_medium_nn_v1,1,1366.8017578125
320,16,conv2_5x5,"void cudnn::winograd_nonfused::winogradForwardData9x9_5x5<float, float>(cudnn::winograd_nonfused::WinogradDataParams<float, float>)",1,468.634765625
320,16,conv2_5x5,"void cudnn::winograd_nonfused::winogradForwardFilter9x9_5x5<float, float>(cudnn::winograd_nonfused::WinogradFilterParams<float, float>)",1,10.9443359375
320,16,conv2_5x5,"void cudnn::winograd_nonfused::winogradForwardOutput9x9_5x5<float, float>(cudnn::winograd_nonfused::WinogradOutputParams<float, float>)",1,590.9697265625
320,16,conv2_5x5,volta_sgemm_128x64_nn,1,429.755859375
320,16,conv3_3x3_s2,_5x_cudnn_volta_scudnn_128x128_relu_medium_nn_v1,1,860.4404296875
320,16,conv3_3x3_s2,"void cask__5x_cudnn::computeOffsetsKernel<false, false>(cask__5x_cudnn::ComputeOffsetsParams)",1,3.328125
320,16,conv4_1x1,volta_sgemm_128x64_nn,1,431.9951171875
320,16,conv5_3x3_s2,_5x_cudnn_volta_scudnn_128x64_relu_small_nn_v1,1,1835.4384765625
320,16,conv5_3x3_s2,"void cask__5x_cudnn::computeOffsetsKernel<false, false>(cask__5x_cudnn::ComputeOffsetsParams)",1,3.263671875
320,16,conv6_1x1,_5x_cudnn_volta_scudnn_128x64_relu_small_nn_v1,1,424.603515625
320,16,conv6_1x1,"void cask__5x_cudnn::computeOffsetsKernel<false, false>(cask__5x_cudnn::ComputeOffsetsParams)",1,3.3603515625
320,16,fc1,"void gemmSN_TN_kernel<float, 128, 16, 2, 4, 8, 9, false, cublasGemvTensorStridedBatched<float const>, cublasGemvTensorStridedBatched<float const>, cublasGemvTensorStridedBatched<float> >(cublasGemmSmallNParams<cublasGemvTensorStridedBatched<float const>, cublasGemvTensorStridedBatched<float const>, cublasGemvTensorStridedBatched<float>, float>)",1,15.6162109375
320,16,fc2,"void gemmSN_TN_kernel<float, 128, 16, 2, 4, 8, 9, false, cublasGemvTensorStridedBatched<float const>, cublasGemvTensorStridedBatched<float const>, cublasGemvTensorStridedBatched<float> >(cublasGemmSmallNParams<cublasGemvTensorStridedBatched<float const>, cublasGemvTensorStridedBatched<float const>, cublasGemvTensorStridedBatched<float>, float>)",1,7.1357421875
320,16,gap,"void at::native::reduce_kernel<512, 1, at::native::ReduceOp<float, at::native::MeanOps<float, float, float, float>, unsigned int, float, 4, 4> >(at::native::ReduceOp<float, at::native::MeanOps<float, float, float, float>, unsigned int, float, 4, 4>)",1,81.1826171875
320,16,maxpool1,"void at::native::(anonymous namespace)::max_pool_forward_nchw<float, int>(int, float const*, long, long, long, int, int, int, int, int, int, int, int, int, int, float*, long*)",1,479.451171875
320,16,relu1,"void at::native::vectorized_elementwise_kernel<4, at::native::(anonymous namespace)::launch_clamp_scalar(at::TensorIteratorBase&, c10::Scalar, c10::Scalar, at::native::detail::ClampLimits)::{lambda()#1}::operator()() const::{lambda()#7}::operator()() const::{lambda(float)#1}, std::array<char*, 2ul> >(int, at::native::(anonymous namespace)::launch_clamp_scalar(at::TensorIteratorBase&, c10::Scalar, c10::Scalar, at::native::detail::ClampLimits)::{lambda()#1}::operator()() const::{lambda()#7}::operator()() const::{lambda(float)#1}, std::array<char*, 2ul>)",1,435.068359375
320,16,relu2,"void at::native::vectorized_elementwise_kernel<4, at::native::(anonymous namespace)::launch_clamp_scalar(at::TensorIteratorBase&, c10::Scalar, c10::Scalar, at::native::detail::ClampLimits)::{lambda()#1}::operator()() const::{lambda()#7}::operator()() const::{lambda(float)#1}, std::array<char*, 2ul> >(int, at::native::(anonymous namespace)::launch_clamp_scalar(at::TensorIteratorBase&, c10::Scalar, c10::Scalar, at::native::detail::ClampLimits)::{lambda()#1}::operator()() const::{lambda()#7}::operator()() const::{lambda(float)#1}, std::array<char*, 2ul>)",1,215.5810546875
320,16,relu3,"void at::native::vectorized_elementwise_kernel<4, at::native::(anonymous namespace)::launch_clamp_scalar(at::TensorIteratorBase&, c10::Scalar, c10::Scalar, at::native::detail::ClampLimits)::{lambda()#1}::operator()() const::{lambda()#7}::operator()() const::{lambda(float)#1}, std::array<char*, 2ul> >(int, at::native::(anonymous namespace)::launch_clamp_scalar(at::TensorIteratorBase&, c10::Scalar, c10::Scalar, at::native::detail::ClampLimits)::{lambda()#1}::operator()() const::{lambda()#7}::operator()() const::{lambda(float)#1}, std::array<char*, 2ul>)",1,108.9912109375
320,16,relu4,"void at::native::vectorized_elementwise_kernel<4, at::native::(anonymous namespace)::launch_clamp_scalar(at::TensorIteratorBase&, c10::Scalar, c10::Scalar, at::native::detail::ClampLimits)::{lambda()#1}::operator()() const::{lambda()#7}::operator()() const::{lambda(float)#1}, std::array<char*, 2ul> >(int, at::native::(anonymous namespace)::launch_clamp_scalar(at::TensorIteratorBase&, c10::Scalar, c10::Scalar, at::native::detail::ClampLimits)::{lambda()#1}::operator()() const::{lambda()#7}::operator()() const::{lambda(float)#1}, std::array<char*, 2ul>)",1,218.5576171875
320,16,relu5,"void at::native::vectorized_elementwise_kernel<4, at::native::(anonymous namespace)::launch_clamp_scalar(at::TensorIteratorBase&, c10::Scalar, c10::Scalar, at::native::detail::ClampLimits)::{lambda()#1}::operator()() const::{lambda()#7}::operator()() const::{lambda(float)#1}, std::array<char*, 2ul> >(int, at::native::(anonymous namespace)::launch_clamp_scalar(at::TensorIteratorBase&, c10::Scalar, c10::Scalar, at::native::detail::ClampLimits)::{lambda()#1}::operator()() const::{lambda()#7}::operator()() const::{lambda(float)#1}, std::array<char*, 2ul>)",1,48.9267578125
320,16,relu6,"void at::native::vectorized_elementwise_kernel<4, at::native::(anonymous namespace)::launch_clamp_scalar(at::TensorIteratorBase&, c10::Scalar, c10::Scalar, at::native::detail::ClampLimits)::{lambda()#1}::operator()() const::{lambda()#7}::operator()() const::{lambda(float)#1}, std::array<char*, 2ul> >(int, at::native::(anonymous namespace)::launch_clamp_scalar(at::TensorIteratorBase&, c10::Scalar, c10::Scalar, at::native::detail::ClampLimits)::{lambda()#1}::operator()() const::{lambda()#7}::operator()() const::{lambda(float)#1}, std::array<char*, 2ul>)",1,106.462890625
320,16,relu7,"void at::native::vectorized_elementwise_kernel<4, at::native::(anonymous namespace)::launch_clamp_scalar(at::TensorIteratorBase&, c10::Scalar, c10::Scalar, at::native::detail::ClampLimits)::{lambda()#1}::operator()() const::{lambda()#7}::operator()() const::{lambda(float)#1}, std::array<char*, 2ul> >(int, at::native::(anonymous namespace)::launch_clamp_scalar(at::TensorIteratorBase&, c10::Scalar, c10::Scalar, at::native::detail::ClampLimits)::{lambda()#1}::operator()() const::{lambda()#7}::operator()() const::{lambda(float)#1}, std::array<char*, 2ul>)",1,2.65625
320,32,conv1_7x7_s2,_5x_cudnn_volta_scudnn_128x32_relu_medium_nn_v1,1,2717.1171875
320,32,conv2_5x5,"void cudnn::winograd_nonfused::winogradForwardData9x9_5x5<float, float>(cudnn::winograd_nonfused::WinogradDataParams<float, float>)",1,907.6689453125
320,32,conv2_5x5,"void cudnn::winograd_nonfused::winogradForwardFilter9x9_5x5<float, float>(cudnn::winograd_nonfused::WinogradFilterParams<float, float>)",1,11.103515625
320,32,conv2_5x5,"void cudnn::winograd_nonfused::winogradForwardOutput9x9_5x5<float, float>(cudnn::winograd_nonfused::WinogradOutputParams<float, float>)",1,1211.9853515625
320,32,conv2_5x5,volta_sgemm_128x64_nn,1,817.845703125
320,32,conv3_3x3_s2,_5x_cudnn_volta_scudnn_128x128_relu_medium_nn_v1,1,1689.962890625
320,32,conv3_3x3_s2,"void cask__5x_cudnn::computeOffsetsKernel<false, false>(cask__5x_cudnn::ComputeOffsetsParams)",1,3.5517578125
320,32,conv4_1x1,volta_sgemm_128x64_nn,1,798.677734375
320,32,conv5_3x3_s2,_5x_cudnn_volta_scudnn_128x64_relu_xregs_large_nn_v1,1,3278.390625
320,32,conv5_3x3_s2,"void cask__5x_cudnn::computeOffsetsKernel<false, false>(cask__5x_cudnn::ComputeOffsetsParams)",1,3.103515625
320,32,conv6_1x1,_5x_cudnn_volta_scudnn_128x128_relu_medium_nn_v1,1,745.0458984375
320,32,conv6_1x1,"void cask__5x_cudnn::computeOffsetsKernel<false, false>(cask__5x_cudnn::ComputeOffsetsParams)",1,3.232421875
320,32,fc1,"void cublasLt::splitKreduce_kernel<32, 16, int, float, float, float, float, false, float, float, float, true, true, false>(cublasLt::cublasSplitKParams<float>, float const*, float const*, float*, float*, float const*, float const*, float const*, float const*, float*, void*, long, float*, int*, float*, float*, float const*, float const*, float const*, float const*, float const*)",1,3.7763671875
320,32,fc1,volta_sgemm_64x32_sliced1x4_tn,1,13.8876953125
320,32,fc2,volta_sgemm_32x32_sliced1x4_tn,1,15.7763671875
320,32,gap,"void at::native::reduce_kernel<512, 1, at::native::ReduceOp<float, at::native::MeanOps<float, float, float, float>, unsigned int, float, 4, 4> >(at::native::ReduceOp<float, at::native::MeanOps<float, float, float, float>, unsigned int, float, 4, 4>)",1,140.6064453125
320,32,maxpool1,"void at::native::(anonymous namespace)::max_pool_forward_nchw<float, int>(int, float const*, long, long, long, int, int, int, int, int, int, int, int, int, int, float*, long*)",1,952.3388671875
320,32,relu1,"void at::native::vectorized_elementwise_kernel<4, at::native::(anonymous namespace)::launch_clamp_scalar(at::TensorIteratorBase&, c10::Scalar, c10::Scalar, at::native::detail::ClampLimits)::{lambda()#1}::operator()() const::{lambda()#7}::operator()() const::{lambda(float)#1}, std::array<char*, 2ul> >(int, at::native::(anonymous namespace)::launch_clamp_scalar(at::TensorIteratorBase&, c10::Scalar, c10::Scalar, at::native::detail::ClampLimits)::{lambda()#1}::operator()() const::{lambda()#7}::operator()() const::{lambda(float)#1}, std::array<char*, 2ul>)",1,877.0458984375
320,32,relu2,"void at::native::vectorized_elementwise_kernel<4, at::native::(anonymous namespace)::launch_clamp_scalar(at::TensorIteratorBase&, c10::Scalar, c10::Scalar, at::native::detail::ClampLimits)::{lambda()#1}::operator()() const::{lambda()#7}::operator()() const::{lambda(float)#1}, std::array<char*, 2ul> >(int, at::native::(anonymous namespace)::launch_clamp_scalar(at::TensorIteratorBase&, c10::Scalar, c10::Scalar, at::native::detail::ClampLimits)::{lambda()#1}::operator()() const::{lambda()#7}::operator()() const::{lambda(float)#1}, std::array<char*, 2ul>)",1,435.0341796875
320,32,relu3,"void at::native::vectorized_elementwise_kernel<4, at::native::(anonymous namespace)::launch_clamp_scalar(at::TensorIteratorBase&, c10::Scalar, c10::Scalar, at::native::detail::ClampLimits)::{lambda()#1}::operator()() const::{lambda()#7}::operator()() const::{lambda(float)#1}, std::array<char*, 2ul> >(int, at::native::(anonymous namespace)::launch_clamp_scalar(at::TensorIteratorBase&, c10::Scalar, c10::Scalar, at::native::detail::ClampLimits)::{lambda()#1}::operator()() const::{lambda()#7}::operator()() const::{lambda(float)#1}, std::array<char*, 2ul>)",1,219.9326171875
320,32,relu4,"void at::native::vectorized_elementwise_kernel<4, at::native::(anonymous namespace)::launch_clamp_scalar(at::TensorIteratorBase&, c10::Scalar, c10::Scalar, at::native::detail::ClampLimits)::{lambda()#1}::operator()() const::{lambda()#7}::operator()() const::{lambda(float)#1}, std::array<char*, 2ul> >(int, at::native::(anonymous namespace)::launch_clamp_scalar(at::TensorIteratorBase&, c10::Scalar, c10::Scalar, at::native::detail::ClampLimits)::{lambda()#1}::operator()() const::{lambda()#7}::operator()() const::{lambda(float)#1}, std::array<char*, 2ul>)",1,439.73828125
320,32,relu5,"void at::native::vectorized_elementwise_kernel<4, at::native::(anonymous namespace)::launch_clamp_scalar(at::TensorIteratorBase&, c10::Scalar, c10::Scalar, at::native::detail::ClampLimits)::{lambda()#1}::operator()() const::{lambda()#7}::operator()() const::{lambda(float)#1}, std::array<char*, 2ul> >(int, at::native::(anonymous namespace)::launch_clamp_scalar(at::TensorIteratorBase&, c10::Scalar, c10::Scalar, at::native::detail::ClampLimits)::{lambda()#1}::operator()() const::{lambda()#7}::operator()() const::{lambda(float)#1}, std::array<char*, 2ul>)",1,107.455078125
320,32,relu6,"void at::native::vectorized_elementwise_kernel<4, at::native::(anonymous namespace)::launch_clamp_scalar(at::TensorIteratorBase&, c10::Scalar, c10::Scalar, at::native::detail::ClampLimits)::{lambda()#1}::operator()() const::{lambda()#7}::operator()() const::{lambda(float)#1}, std::array<char*, 2ul> >(int, at::native::(anonymous namespace)::launch_clamp_scalar(at::TensorIteratorBase&, c10::Scalar, c10::Scalar, at::native::detail::ClampLimits)::{lambda()#1}::operator()() const::{lambda()#7}::operator()() const::{lambda(float)#1}, std::array<char*, 2ul>)",1,219.5498046875
320,32,relu7,"void at::native::vectorized_elementwise_kernel<4, at::native::(anonymous namespace)::launch_clamp_scalar(at::TensorIteratorBase&, c10::Scalar, c10::Scalar, at::native::detail::ClampLimits)::{lambda()#1}::operator()() const::{lambda()#7}::operator()() const::{lambda(float)#1}, std::array<char*, 2ul> >(int, at::native::(anonymous namespace)::launch_clamp_scalar(at::TensorIteratorBase&, c10::Scalar, c10::Scalar, at::native::detail::ClampLimits)::{lambda()#1}::operator()() const::{lambda()#7}::operator()() const::{lambda(float)#1}, std::array<char*, 2ul>)",1,2.240234375
320,64,conv1_7x7_s2,_5x_cudnn_volta_scudnn_128x32_relu_medium_nn_v1,1,5514.1767578125
320,64,conv2_5x5,"void cudnn::winograd_nonfused::winogradForwardData9x9_5x5<float, float>(cudnn::winograd_nonfused::WinogradDataParams<float, float>)",1,1757.642578125
320,64,conv2_5x5,"void cudnn::winograd_nonfused::winogradForwardFilter9x9_5x5<float, float>(cudnn::winograd_nonfused::WinogradFilterParams<float, float>)",1,9.6962890625
320,64,conv2_5x5,"void cudnn::winograd_nonfused::winogradForwardOutput9x9_5x5<float, float>(cudnn::winograd_nonfused::WinogradOutputParams<float, float>)",1,2249.9580078125
320,64,conv2_5x5,volta_sgemm_128x64_nn,1,1578.22265625
320,64,conv3_3x3_s2,_5x_cudnn_volta_scudnn_128x128_relu_medium_nn_v1,1,3194.939453125
320,64,conv3_3x3_s2,"void cask__5x_cudnn::computeOffsetsKernel<false, false>(cask__5x_cudnn::ComputeOffsetsParams)",1,3.1357421875
320,64,conv4_1x1,volta_sgemm_128x64_nn,1,1582.25390625
320,64,conv5_3x3_s2,_5x_cudnn_volta_scudnn_128x64_relu_xregs_large_nn_v1,1,6534.2939453125
320,64,conv5_3x3_s2,"void cask__5x_cudnn::computeOffsetsKernel<false, false>(cask__5x_cudnn::ComputeOffsetsParams)",1,3.103515625
320,64,conv6_1x1,_5x_cudnn_volta_scudnn_128x128_relu_medium_nn_v1,1,1522.7666015625
320,64,conv6_1x1,"void cask__5x_cudnn::computeOffsetsKernel<false, false>(cask__5x_cudnn::ComputeOffsetsParams)",1,3.1357421875
320,64,fc1,"void cublasLt::splitKreduce_kernel<32, 16, int, float, float, float, float, false, float, float, float, true, true, false>(cublasLt::cublasSplitKParams<float>, float const*, float const*, float*, float*, float const*, float const*, float const*, float const*, float*, void*, long, float*, int*, float*, float*, float const*, float const*, float const*, float const*, float const*)",1,3.935546875
320,64,fc1,volta_sgemm_64x32_sliced1x4_tn,1,16.5439453125
320,64,fc2,volta_sgemm_32x32_sliced1x4_tn,1,16.16015625
320,64,gap,"void at::native::reduce_kernel<512, 1, at::native::ReduceOp<float, at::native::MeanOps<float, float, float, float>, unsigned int, float, 4, 4> >(at::native::ReduceOp<float, at::native::MeanOps<float, float, float, float>, unsigned int, float, 4, 4>)",1,261.373046875
320,64,maxpool1,"void at::native::(anonymous namespace)::max_pool_forward_nchw<float, int>(int, float const*, long, long, long, int, int, int, int, int, int, int, int, int, int, float*, long*)",1,1684.5888671875
320,64,relu1,"void at::native::vectorized_elementwise_kernel<4, at::native::(anonymous namespace)::launch_clamp_scalar(at::TensorIteratorBase&, c10::Scalar, c10::Scalar, at::native::detail::ClampLimits)::{lambda()#1}::operator()() const::{lambda()#7}::operator()() const::{lambda(float)#1}, std::array<char*, 2ul> >(int, at::native::(anonymous namespace)::launch_clamp_scalar(at::TensorIteratorBase&, c10::Scalar, c10::Scalar, at::native::detail::ClampLimits)::{lambda()#1}::operator()() const::{lambda()#7}::operator()() const::{lambda(float)#1}, std::array<char*, 2ul>)",1,1746.1884765625
320,64,relu2,"void at::native::vectorized_elementwise_kernel<4, at::native::(anonymous namespace)::launch_clamp_scalar(at::TensorIteratorBase&, c10::Scalar, c10::Scalar, at::native::detail::ClampLimits)::{lambda()#1}::operator()() const::{lambda()#7}::operator()() const::{lambda(float)#1}, std::array<char*, 2ul> >(int, at::native::(anonymous namespace)::launch_clamp_scalar(at::TensorIteratorBase&, c10::Scalar, c10::Scalar, at::native::detail::ClampLimits)::{lambda()#1}::operator()() const::{lambda()#7}::operator()() const::{lambda(float)#1}, std::array<char*, 2ul>)",1,873.58984375
320,64,relu3,"void at::native::vectorized_elementwise_kernel<4, at::native::(anonymous namespace)::launch_clamp_scalar(at::TensorIteratorBase&, c10::Scalar, c10::Scalar, at::native::detail::ClampLimits)::{lambda()#1}::operator()() const::{lambda()#7}::operator()() const::{lambda(float)#1}, std::array<char*, 2ul> >(int, at::native::(anonymous namespace)::launch_clamp_scalar(at::TensorIteratorBase&, c10::Scalar, c10::Scalar, at::native::detail::ClampLimits)::{lambda()#1}::operator()() const::{lambda()#7}::operator()() const::{lambda(float)#1}, std::array<char*, 2ul>)",1,438.6826171875
320,64,relu4,"void at::native::vectorized_elementwise_kernel<4, at::native::(anonymous namespace)::launch_clamp_scalar(at::TensorIteratorBase&, c10::Scalar, c10::Scalar, at::native::detail::ClampLimits)::{lambda()#1}::operator()() const::{lambda()#7}::operator()() const::{lambda(float)#1}, std::array<char*, 2ul> >(int, at::native::(anonymous namespace)::launch_clamp_scalar(at::TensorIteratorBase&, c10::Scalar, c10::Scalar, at::native::detail::ClampLimits)::{lambda()#1}::operator()() const::{lambda()#7}::operator()() const::{lambda(float)#1}, std::array<char*, 2ul>)",1,874.58203125
320,64,relu5,"void at::native::vectorized_elementwise_kernel<4, at::native::(anonymous namespace)::launch_clamp_scalar(at::TensorIteratorBase&, c10::Scalar, c10::Scalar, at::native::detail::ClampLimits)::{lambda()#1}::operator()() const::{lambda()#7}::operator()() const::{lambda(float)#1}, std::array<char*, 2ul> >(int, at::native::(anonymous namespace)::launch_clamp_scalar(at::TensorIteratorBase&, c10::Scalar, c10::Scalar, at::native::detail::ClampLimits)::{lambda()#1}::operator()() const::{lambda()#7}::operator()() const::{lambda(float)#1}, std::array<char*, 2ul>)",1,218.3974609375
320,64,relu6,"void at::native::vectorized_elementwise_kernel<4, at::native::(anonymous namespace)::launch_clamp_scalar(at::TensorIteratorBase&, c10::Scalar, c10::Scalar, at::native::detail::ClampLimits)::{lambda()#1}::operator()() const::{lambda()#7}::operator()() const::{lambda(float)#1}, std::array<char*, 2ul> >(int, at::native::(anonymous namespace)::launch_clamp_scalar(at::TensorIteratorBase&, c10::Scalar, c10::Scalar, at::native::detail::ClampLimits)::{lambda()#1}::operator()() const::{lambda()#7}::operator()() const::{lambda(float)#1}, std::array<char*, 2ul>)",1,438.970703125
320,64,relu7,"void at::native::vectorized_elementwise_kernel<4, at::native::(anonymous namespace)::launch_clamp_scalar(at::TensorIteratorBase&, c10::Scalar, c10::Scalar, at::native::detail::ClampLimits)::{lambda()#1}::operator()() const::{lambda()#7}::operator()() const::{lambda(float)#1}, std::array<char*, 2ul> >(int, at::native::(anonymous namespace)::launch_clamp_scalar(at::TensorIteratorBase&, c10::Scalar, c10::Scalar, at::native::detail::ClampLimits)::{lambda()#1}::operator()() const::{lambda()#7}::operator()() const::{lambda(float)#1}, std::array<char*, 2ul>)",1,2.3359375
320,111,conv1_7x7_s2,"void fft2d_c2r_32x32<float, true, false, 0u, false, false>(float*, float2 const*, int, int, int, int, int, int, int, int, int, float, float, cudnn::reduced_divisor, bool, float*, float*, int2, cudnnActivationStruct, int, int)",337,159.62998423590506
320,111,conv1_7x7_s2,"void fft2d_r2c_32x32<float, false, 0u, false>(float2*, float const*, int, int, int, int, int, int, int, int, int, cudnn::reduced_divisor, bool, int2, int, int)",337,38.179725171550444
320,111,conv1_7x7_s2,volta_gcgemm_32x32_nt,336,128.82597133091517
320,111,conv2_5x5,"void cudnn::winograd_nonfused::winogradForwardData9x9_5x5<float, float>(cudnn::winograd_nonfused::WinogradDataParams<float, float>)",1,3117.083984375
320,111,conv2_5x5,"void cudnn::winograd_nonfused::winogradForwardFilter9x9_5x5<float, float>(cudnn::winograd_nonfused::WinogradFilterParams<float, float>)",1,9.82421875
320,111,conv2_5x5,"void cudnn::winograd_nonfused::winogradForwardOutput9x9_5x5<float, float>(cudnn::winograd_nonfused::WinogradOutputParams<float, float>)",1,4041.9697265625
320,111,conv2_5x5,volta_sgemm_128x64_nn,1,2957.150390625
320,111,conv3_3x3_s2,_5x_cudnn_volta_scudnn_128x128_relu_medium_nn_v1,1,5866.6533203125
320,111,conv3_3x3_s2,"void cask__5x_cudnn::computeOffsetsKernel<false, false>(cask__5x_cudnn::ComputeOffsetsParams)",1,3.328125
320,111,conv4_1x1,volta_sgemm_128x64_nn,1,2885.0234375
320,111,conv5_3x3_s2,_5x_cudnn_volta_scudnn_128x64_relu_xregs_large_nn_v1,1,12128.24609375
320,111,conv5_3x3_s2,"void cask__5x_cudnn::computeOffsetsKernel<false, false>(cask__5x_cudnn::ComputeOffsetsParams)",1,3.263671875
320,111,conv6_1x1,_5x_cudnn_volta_scudnn_128x128_relu_medium_nn_v1,1,2843.0078125
320,111,conv6_1x1,"void cask__5x_cudnn::computeOffsetsKernel<false, false>(cask__5x_cudnn::ComputeOffsetsParams)",1,3.48828125
320,111,fc1,"void cublasLt::splitKreduce_kernel<32, 16, int, float, float, float, float, false, float, float, float, true, true, false>(cublasLt::cublasSplitKParams<float>, float const*, float const*, float*, float*, float const*, float const*, float const*, float const*, float*, void*, long, float*, int*, float*, float*, float const*, float const*, float const*, float const*, float const*)",1,4.576171875
320,111,fc1,volta_sgemm_128x32_tn,1,23.9990234375
320,111,fc2,"void cublasLt::splitKreduce_kernel<32, 16, int, float, float, float, float, false, float, float, float, true, true, false>(cublasLt::cublasSplitKParams<float>, float const*, float const*, float*, float*, float const*, float const*, float const*, float const*, float*, void*, long, float*, int*, float*, float*, float const*, float const*, float const*, float const*, float const*)",1,3.744140625
320,111,fc2,volta_sgemm_128x32_tn,1,12.095703125
320,111,gap,"void at::native::reduce_kernel<512, 1, at::native::ReduceOp<float, at::native::MeanOps<float, float, float, float>, unsigned int, float, 4, 4> >(at::native::ReduceOp<float, at::native::MeanOps<float, float, float, float>, unsigned int, float, 4, 4>)",1,449.05078125
320,111,maxpool1,"void at::native::(anonymous namespace)::max_pool_forward_nchw<float, int>(int, float const*, long, long, long, int, int, int, int, int, int, int, int, int, int, float*, long*)",1,3088.4453125
320,111,relu1,"void at::native::vectorized_elementwise_kernel<4, at::native::(anonymous namespace)::launch_clamp_scalar(at::TensorIteratorBase&, c10::Scalar, c10::Scalar, at::native::detail::ClampLimits)::{lambda()#1}::operator()() const::{lambda()#7}::operator()() const::{lambda(float)#1}, std::array<char*, 2ul> >(int, at::native::(anonymous namespace)::launch_clamp_scalar(at::TensorIteratorBase&, c10::Scalar, c10::Scalar, at::native::detail::ClampLimits)::{lambda()#1}::operator()() const::{lambda()#7}::operator()() const::{lambda(float)#1}, std::array<char*, 2ul>)",1,3024.09375
320,111,relu2,"void at::native::vectorized_elementwise_kernel<4, at::native::(anonymous namespace)::launch_clamp_scalar(at::TensorIteratorBase&, c10::Scalar, c10::Scalar, at::native::detail::ClampLimits)::{lambda()#1}::operator()() const::{lambda()#7}::operator()() const::{lambda(float)#1}, std::array<char*, 2ul> >(int, at::native::(anonymous namespace)::launch_clamp_scalar(at::TensorIteratorBase&, c10::Scalar, c10::Scalar, at::native::detail::ClampLimits)::{lambda()#1}::operator()() const::{lambda()#7}::operator()() const::{lambda(float)#1}, std::array<char*, 2ul>)",1,1511.7587890625
320,111,relu3,"void at::native::vectorized_elementwise_kernel<4, at::native::(anonymous namespace)::launch_clamp_scalar(at::TensorIteratorBase&, c10::Scalar, c10::Scalar, at::native::detail::ClampLimits)::{lambda()#1}::operator()() const::{lambda()#7}::operator()() const::{lambda(float)#1}, std::array<char*, 2ul> >(int, at::native::(anonymous namespace)::launch_clamp_scalar(at::TensorIteratorBase&, c10::Scalar, c10::Scalar, at::native::detail::ClampLimits)::{lambda()#1}::operator()() const::{lambda()#7}::operator()() const::{lambda(float)#1}, std::array<char*, 2ul>)",1,755.3505859375
320,111,relu4,"void at::native::vectorized_elementwise_kernel<4, at::native::(anonymous namespace)::launch_clamp_scalar(at::TensorIteratorBase&, c10::Scalar, c10::Scalar, at::native::detail::ClampLimits)::{lambda()#1}::operator()() const::{lambda()#7}::operator()() const::{lambda(float)#1}, std::array<char*, 2ul> >(int, at::native::(anonymous namespace)::launch_clamp_scalar(at::TensorIteratorBase&, c10::Scalar, c10::Scalar, at::native::detail::ClampLimits)::{lambda()#1}::operator()() const::{lambda()#7}::operator()() const::{lambda(float)#1}, std::array<char*, 2ul>)",1,1514.0947265625
320,111,relu5,"void at::native::vectorized_elementwise_kernel<4, at::native::(anonymous namespace)::launch_clamp_scalar(at::TensorIteratorBase&, c10::Scalar, c10::Scalar, at::native::detail::ClampLimits)::{lambda()#1}::operator()() const::{lambda()#7}::operator()() const::{lambda(float)#1}, std::array<char*, 2ul> >(int, at::native::(anonymous namespace)::launch_clamp_scalar(at::TensorIteratorBase&, c10::Scalar, c10::Scalar, at::native::detail::ClampLimits)::{lambda()#1}::operator()() const::{lambda()#7}::operator()() const::{lambda(float)#1}, std::array<char*, 2ul>)",1,374.458984375
320,111,relu6,"void at::native::vectorized_elementwise_kernel<4, at::native::(anonymous namespace)::launch_clamp_scalar(at::TensorIteratorBase&, c10::Scalar, c10::Scalar, at::native::detail::ClampLimits)::{lambda()#1}::operator()() const::{lambda()#7}::operator()() const::{lambda(float)#1}, std::array<char*, 2ul> >(int, at::native::(anonymous namespace)::launch_clamp_scalar(at::TensorIteratorBase&, c10::Scalar, c10::Scalar, at::native::detail::ClampLimits)::{lambda()#1}::operator()() const::{lambda()#7}::operator()() const::{lambda(float)#1}, std::array<char*, 2ul>)",1,754.6484375
320,111,relu7,"void at::native::vectorized_elementwise_kernel<4, at::native::(anonymous namespace)::launch_clamp_scalar(at::TensorIteratorBase&, c10::Scalar, c10::Scalar, at::native::detail::ClampLimits)::{lambda()#1}::operator()() const::{lambda()#7}::operator()() const::{lambda(float)#1}, std::array<char*, 2ul> >(int, at::native::(anonymous namespace)::launch_clamp_scalar(at::TensorIteratorBase&, c10::Scalar, c10::Scalar, at::native::detail::ClampLimits)::{lambda()#1}::operator()() const::{lambda()#7}::operator()() const::{lambda(float)#1}, std::array<char*, 2ul>)",1,2.84765625
320,128,conv1_7x7_s2,"void fft2d_c2r_32x32<float, true, false, 0u, false, false>(float*, float2 const*, int, int, int, int, int, int, int, int, int, float, float, cudnn::reduced_divisor, bool, float*, float*, int2, cudnnActivationStruct, int, int)",337,184.56375765022256
320,128,conv1_7x7_s2,"void fft2d_r2c_32x32<float, false, 0u, false>(float2*, float const*, int, int, int, int, int, int, int, int, int, cudnn::reduced_divisor, bool, int2, int, int)",337,40.720503176001486
320,128,conv1_7x7_s2,volta_gcgemm_32x32_nt,336,134.00738234747024
320,128,conv2_5x5,"void cudnn::winograd_nonfused::winogradForwardData9x9_5x5<float, float>(cudnn::winograd_nonfused::WinogradDataParams<float, float>)",1,3526.1689453125
320,128,conv2_5x5,"void cudnn::winograd_nonfused::winogradForwardFilter9x9_5x5<float, float>(cudnn::winograd_nonfused::WinogradFilterParams<float, float>)",1,9.8876953125
320,128,conv2_5x5,"void cudnn::winograd_nonfused::winogradForwardOutput9x9_5x5<float, float>(cudnn::winograd_nonfused::WinogradOutputParams<float, float>)",1,4483.501953125
320,128,conv2_5x5,volta_sgemm_128x64_nn,1,3145.8525390625
320,128,conv3_3x3_s2,_5x_cudnn_volta_scudnn_128x128_relu_medium_nn_v1,1,6384.76171875
320,128,conv3_3x3_s2,"void cask__5x_cudnn::computeOffsetsKernel<false, false>(cask__5x_cudnn::ComputeOffsetsParams)",1,3.16796875
320,128,conv4_1x1,volta_sgemm_128x64_nn,1,3154.4609375
320,128,conv5_3x3_s2,_5x_cudnn_volta_scudnn_128x64_relu_xregs_large_nn_v1,1,13726.18359375
320,128,conv5_3x3_s2,"void cask__5x_cudnn::computeOffsetsKernel<false, false>(cask__5x_cudnn::ComputeOffsetsParams)",1,3.232421875
320,128,conv6_1x1,_5x_cudnn_volta_scudnn_128x128_relu_medium_nn_v1,1,3132.28515625
320,128,conv6_1x1,"void cask__5x_cudnn::computeOffsetsKernel<false, false>(cask__5x_cudnn::ComputeOffsetsParams)",1,3.263671875
320,128,fc1,"void cublasLt::splitKreduce_kernel<32, 16, int, float, float, float, float, false, float, float, float, true, true, false>(cublasLt::cublasSplitKParams<float>, float const*, float const*, float*, float*, float const*, float const*, float const*, float const*, float*, void*, long, float*, int*, float*, float*, float const*, float const*, float const*, float const*, float const*)",1,4.4482421875
320,128,fc1,volta_sgemm_128x32_tn,1,23.6162109375
320,128,fc2,"void cublasLt::splitKreduce_kernel<32, 16, int, float, float, float, float, false, float, float, float, true, true, false>(cublasLt::cublasSplitKParams<float>, float const*, float const*, float*, float*, float const*, float const*, float const*, float const*, float*, void*, long, float*, int*, float*, float*, float const*, float const*, float const*, float const*, float const*)",1,3.583984375
320,128,fc2,volta_sgemm_32x128_tn,1,12.064453125
320,128,gap,"void at::native::reduce_kernel<512, 1, at::native::ReduceOp<float, at::native::MeanOps<float, float, float, float>, unsigned int, float, 4, 4> >(at::native::ReduceOp<float, at::native::MeanOps<float, float, float, float>, unsigned int, float, 4, 4>)",1,514.1064453125
320,128,maxpool1,"void at::native::(anonymous namespace)::max_pool_forward_nchw<float, int>(int, float const*, long, long, long, int, int, int, int, int, int, int, int, int, int, float*, long*)",1,3443.9296875
320,128,relu1,"void at::native::vectorized_elementwise_kernel<4, at::native::(anonymous namespace)::launch_clamp_scalar(at::TensorIteratorBase&, c10::Scalar, c10::Scalar, at::native::detail::ClampLimits)::{lambda()#1}::operator()() const::{lambda()#7}::operator()() const::{lambda(float)#1}, std::array<char*, 2ul> >(int, at::native::(anonymous namespace)::launch_clamp_scalar(at::TensorIteratorBase&, c10::Scalar, c10::Scalar, at::native::detail::ClampLimits)::{lambda()#1}::operator()() const::{lambda()#7}::operator()() const::{lambda(float)#1}, std::array<char*, 2ul>)",1,3490.361328125
320,128,relu2,"void at::native::vectorized_elementwise_kernel<4, at::native::(anonymous namespace)::launch_clamp_scalar(at::TensorIteratorBase&, c10::Scalar, c10::Scalar, at::native::detail::ClampLimits)::{lambda()#1}::operator()() const::{lambda()#7}::operator()() const::{lambda(float)#1}, std::array<char*, 2ul> >(int, at::native::(anonymous namespace)::launch_clamp_scalar(at::TensorIteratorBase&, c10::Scalar, c10::Scalar, at::native::detail::ClampLimits)::{lambda()#1}::operator()() const::{lambda()#7}::operator()() const::{lambda(float)#1}, std::array<char*, 2ul>)",1,1748.396484375
320,128,relu3,"void at::native::vectorized_elementwise_kernel<4, at::native::(anonymous namespace)::launch_clamp_scalar(at::TensorIteratorBase&, c10::Scalar, c10::Scalar, at::native::detail::ClampLimits)::{lambda()#1}::operator()() const::{lambda()#7}::operator()() const::{lambda(float)#1}, std::array<char*, 2ul> >(int, at::native::(anonymous namespace)::launch_clamp_scalar(at::TensorIteratorBase&, c10::Scalar, c10::Scalar, at::native::detail::ClampLimits)::{lambda()#1}::operator()() const::{lambda()#7}::operator()() const::{lambda(float)#1}, std::array<char*, 2ul>)",1,874.837890625
320,128,relu4,"void at::native::vectorized_elementwise_kernel<4, at::native::(anonymous namespace)::launch_clamp_scalar(at::TensorIteratorBase&, c10::Scalar, c10::Scalar, at::native::detail::ClampLimits)::{lambda()#1}::operator()() const::{lambda()#7}::operator()() const::{lambda(float)#1}, std::array<char*, 2ul> >(int, at::native::(anonymous namespace)::launch_clamp_scalar(at::TensorIteratorBase&, c10::Scalar, c10::Scalar, at::native::detail::ClampLimits)::{lambda()#1}::operator()() const::{lambda()#7}::operator()() const::{lambda(float)#1}, std::array<char*, 2ul>)",1,1753.1005859375
320,128,relu5,"void at::native::vectorized_elementwise_kernel<4, at::native::(anonymous namespace)::launch_clamp_scalar(at::TensorIteratorBase&, c10::Scalar, c10::Scalar, at::native::detail::ClampLimits)::{lambda()#1}::operator()() const::{lambda()#7}::operator()() const::{lambda(float)#1}, std::array<char*, 2ul> >(int, at::native::(anonymous namespace)::launch_clamp_scalar(at::TensorIteratorBase&, c10::Scalar, c10::Scalar, at::native::detail::ClampLimits)::{lambda()#1}::operator()() const::{lambda()#7}::operator()() const::{lambda(float)#1}, std::array<char*, 2ul>)",1,434.5546875
320,128,relu6,"void at::native::vectorized_elementwise_kernel<4, at::native::(anonymous namespace)::launch_clamp_scalar(at::TensorIteratorBase&, c10::Scalar, c10::Scalar, at::native::detail::ClampLimits)::{lambda()#1}::operator()() const::{lambda()#7}::operator()() const::{lambda(float)#1}, std::array<char*, 2ul> >(int, at::native::(anonymous namespace)::launch_clamp_scalar(at::TensorIteratorBase&, c10::Scalar, c10::Scalar, at::native::detail::ClampLimits)::{lambda()#1}::operator()() const::{lambda()#7}::operator()() const::{lambda(float)#1}, std::array<char*, 2ul>)",1,872.341796875
320,128,relu7,"void at::native::vectorized_elementwise_kernel<4, at::native::(anonymous namespace)::launch_clamp_scalar(at::TensorIteratorBase&, c10::Scalar, c10::Scalar, at::native::detail::ClampLimits)::{lambda()#1}::operator()() const::{lambda()#7}::operator()() const::{lambda(float)#1}, std::array<char*, 2ul> >(int, at::native::(anonymous namespace)::launch_clamp_scalar(at::TensorIteratorBase&, c10::Scalar, c10::Scalar, at::native::detail::ClampLimits)::{lambda()#1}::operator()() const::{lambda()#7}::operator()() const::{lambda(float)#1}, std::array<char*, 2ul>)",1,2.49609375
320,133,conv1_7x7_s2,"void fft2d_c2r_32x32<float, true, false, 0u, false, false>(float*, float2 const*, int, int, int, int, int, int, int, int, int, float, float, cudnn::reduced_divisor, bool, float*, float*, int2, cudnnActivationStruct, int, int)",337,198.31988362388725
320,133,conv1_7x7_s2,"void fft2d_r2c_32x32<float, false, 0u, false>(float2*, float const*, int, int, int, int, int, int, int, int, int, cudnn::reduced_divisor, bool, int2, int, int)",337,40.32914502967359
320,133,conv1_7x7_s2,volta_gcgemm_32x32_nt,336,150.67715599423363
320,133,conv2_5x5,"void cudnn::winograd_nonfused::winogradForwardData9x9_5x5<float, float>(cudnn::winograd_nonfused::WinogradDataParams<float, float>)",1,3852.2177734375
320,133,conv2_5x5,"void cudnn::winograd_nonfused::winogradForwardFilter9x9_5x5<float, float>(cudnn::winograd_nonfused::WinogradFilterParams<float, float>)",1,9.5673828125
320,133,conv2_5x5,"void cudnn::winograd_nonfused::winogradForwardOutput9x9_5x5<float, float>(cudnn::winograd_nonfused::WinogradOutputParams<float, float>)",1,4995.6298828125
320,133,conv2_5x5,volta_sgemm_128x64_nn,1,3851.70703125
320,133,conv3_3x3_s2,_5x_cudnn_volta_scudnn_128x128_relu_medium_nn_v1,1,6673.6953125
320,133,conv3_3x3_s2,"void cask__5x_cudnn::computeOffsetsKernel<false, false>(cask__5x_cudnn::ComputeOffsetsParams)",1,3.1669921875
320,133,conv4_1x1,volta_sgemm_128x64_nn,1,3354.173828125
320,133,conv5_3x3_s2,_5x_cudnn_volta_scudnn_128x64_relu_xregs_large_nn_v1,1,13856.5673828125
320,133,conv5_3x3_s2,"void cask__5x_cudnn::computeOffsetsKernel<false, false>(cask__5x_cudnn::ComputeOffsetsParams)",1,3.263671875
320,133,conv6_1x1,_5x_cudnn_volta_scudnn_128x128_relu_medium_nn_v1,1,3540.4130859375
320,133,conv6_1x1,"void cask__5x_cudnn::computeOffsetsKernel<false, false>(cask__5x_cudnn::ComputeOffsetsParams)",1,3.16796875
320,133,fc1,Memset (Device),1,0.671875
320,133,fc1,volta_sgemm_64x32_sliced1x4_tn,1,30.84765625
320,133,fc2,volta_sgemm_32x32_sliced1x4_tn,1,16.736328125
320,133,gap,"void at::native::reduce_kernel<512, 1, at::native::ReduceOp<float, at::native::MeanOps<float, float, float, float>, unsigned int, float, 4, 4> >(at::native::ReduceOp<float, at::native::MeanOps<float, float, float, float>, unsigned int, float, 4, 4>)",1,532.474609375
320,133,maxpool1,"void at::native::(anonymous namespace)::max_pool_forward_nchw<float, int>(int, float const*, long, long, long, int, int, int, int, int, int, int, int, int, int, float*, long*)",1,3579.4853515625
320,133,relu1,"void at::native::vectorized_elementwise_kernel<4, at::native::(anonymous namespace)::launch_clamp_scalar(at::TensorIteratorBase&, c10::Scalar, c10::Scalar, at::native::detail::ClampLimits)::{lambda()#1}::operator()() const::{lambda()#7}::operator()() const::{lambda(float)#1}, std::array<char*, 2ul> >(int, at::native::(anonymous namespace)::launch_clamp_scalar(at::TensorIteratorBase&, c10::Scalar, c10::Scalar, at::native::detail::ClampLimits)::{lambda()#1}::operator()() const::{lambda()#7}::operator()() const::{lambda(float)#1}, std::array<char*, 2ul>)",1,3623.0361328125
320,133,relu2,"void at::native::vectorized_elementwise_kernel<4, at::native::(anonymous namespace)::launch_clamp_scalar(at::TensorIteratorBase&, c10::Scalar, c10::Scalar, at::native::detail::ClampLimits)::{lambda()#1}::operator()() const::{lambda()#7}::operator()() const::{lambda(float)#1}, std::array<char*, 2ul> >(int, at::native::(anonymous namespace)::launch_clamp_scalar(at::TensorIteratorBase&, c10::Scalar, c10::Scalar, at::native::detail::ClampLimits)::{lambda()#1}::operator()() const::{lambda()#7}::operator()() const::{lambda(float)#1}, std::array<char*, 2ul>)",1,1818.7666015625
320,133,relu3,"void at::native::vectorized_elementwise_kernel<4, at::native::(anonymous namespace)::launch_clamp_scalar(at::TensorIteratorBase&, c10::Scalar, c10::Scalar, at::native::detail::ClampLimits)::{lambda()#1}::operator()() const::{lambda()#7}::operator()() const::{lambda(float)#1}, std::array<char*, 2ul> >(int, at::native::(anonymous namespace)::launch_clamp_scalar(at::TensorIteratorBase&, c10::Scalar, c10::Scalar, at::native::detail::ClampLimits)::{lambda()#1}::operator()() const::{lambda()#7}::operator()() const::{lambda(float)#1}, std::array<char*, 2ul>)",1,906.359375
320,133,relu4,"void at::native::vectorized_elementwise_kernel<4, at::native::(anonymous namespace)::launch_clamp_scalar(at::TensorIteratorBase&, c10::Scalar, c10::Scalar, at::native::detail::ClampLimits)::{lambda()#1}::operator()() const::{lambda()#7}::operator()() const::{lambda(float)#1}, std::array<char*, 2ul> >(int, at::native::(anonymous namespace)::launch_clamp_scalar(at::TensorIteratorBase&, c10::Scalar, c10::Scalar, at::native::detail::ClampLimits)::{lambda()#1}::operator()() const::{lambda()#7}::operator()() const::{lambda(float)#1}, std::array<char*, 2ul>)",1,1816.943359375
320,133,relu5,"void at::native::vectorized_elementwise_kernel<4, at::native::(anonymous namespace)::launch_clamp_scalar(at::TensorIteratorBase&, c10::Scalar, c10::Scalar, at::native::detail::ClampLimits)::{lambda()#1}::operator()() const::{lambda()#7}::operator()() const::{lambda(float)#1}, std::array<char*, 2ul> >(int, at::native::(anonymous namespace)::launch_clamp_scalar(at::TensorIteratorBase&, c10::Scalar, c10::Scalar, at::native::detail::ClampLimits)::{lambda()#1}::operator()() const::{lambda()#7}::operator()() const::{lambda(float)#1}, std::array<char*, 2ul>)",1,448.603515625
320,133,relu6,"void at::native::vectorized_elementwise_kernel<4, at::native::(anonymous namespace)::launch_clamp_scalar(at::TensorIteratorBase&, c10::Scalar, c10::Scalar, at::native::detail::ClampLimits)::{lambda()#1}::operator()() const::{lambda()#7}::operator()() const::{lambda(float)#1}, std::array<char*, 2ul> >(int, at::native::(anonymous namespace)::launch_clamp_scalar(at::TensorIteratorBase&, c10::Scalar, c10::Scalar, at::native::detail::ClampLimits)::{lambda()#1}::operator()() const::{lambda()#7}::operator()() const::{lambda(float)#1}, std::array<char*, 2ul>)",1,905.3671875
320,133,relu7,"void at::native::vectorized_elementwise_kernel<4, at::native::(anonymous namespace)::launch_clamp_scalar(at::TensorIteratorBase&, c10::Scalar, c10::Scalar, at::native::detail::ClampLimits)::{lambda()#1}::operator()() const::{lambda()#7}::operator()() const::{lambda(float)#1}, std::array<char*, 2ul> >(int, at::native::(anonymous namespace)::launch_clamp_scalar(at::TensorIteratorBase&, c10::Scalar, c10::Scalar, at::native::detail::ClampLimits)::{lambda()#1}::operator()() const::{lambda()#7}::operator()() const::{lambda(float)#1}, std::array<char*, 2ul>)",1,3.16796875
320,139,conv1_7x7_s2,"void fft2d_c2r_32x32<float, true, false, 0u, false, false>(float*, float2 const*, int, int, int, int, int, int, int, int, int, float, float, cudnn::reduced_divisor, bool, float*, float*, int2, cudnnActivationStruct, int, int)",337,208.01568295623144
320,139,conv1_7x7_s2,"void fft2d_r2c_32x32<float, false, 0u, false>(float2*, float const*, int, int, int, int, int, int, int, int, int, cudnn::reduced_divisor, bool, int2, int, int)",337,41.4173428227003
320,139,conv1_7x7_s2,volta_gcgemm_32x32_nt,336,148.79217819940476
320,139,conv2_5x5,"void cudnn::winograd_nonfused::winogradForwardData9x9_5x5<float, float>(cudnn::winograd_nonfused::WinogradDataParams<float, float>)",1,3911.9248046875
320,139,conv2_5x5,"void cudnn::winograd_nonfused::winogradForwardFilter9x9_5x5<float, float>(cudnn::winograd_nonfused::WinogradFilterParams<float, float>)",1,9.7275390625
320,139,conv2_5x5,"void cudnn::winograd_nonfused::winogradForwardOutput9x9_5x5<float, float>(cudnn::winograd_nonfused::WinogradOutputParams<float, float>)",1,5032.6796875
320,139,conv2_5x5,volta_sgemm_128x64_nn,1,3848.1171875
320,139,conv3_3x3_s2,_5x_cudnn_volta_scudnn_128x128_relu_medium_nn_v1,1,7004.40234375
320,139,conv3_3x3_s2,"void cask__5x_cudnn::computeOffsetsKernel<false, false>(cask__5x_cudnn::ComputeOffsetsParams)",1,3.1357421875
320,139,conv4_1x1,volta_sgemm_128x64_nn,1,3419.833984375
320,139,conv5_3x3_s2,_5x_cudnn_volta_scudnn_128x64_relu_xregs_large_nn_v1,1,15439.091796875
320,139,conv5_3x3_s2,"void cask__5x_cudnn::computeOffsetsKernel<false, false>(cask__5x_cudnn::ComputeOffsetsParams)",1,3.3603515625
320,139,conv6_1x1,_5x_cudnn_volta_scudnn_128x128_relu_medium_nn_v1,1,3501.369140625
320,139,conv6_1x1,"void cask__5x_cudnn::computeOffsetsKernel<false, false>(cask__5x_cudnn::ComputeOffsetsParams)",1,3.3916015625
320,139,fc1,Memset (Device),1,0.7041015625
320,139,fc1,volta_sgemm_64x32_sliced1x4_tn,1,32.3828125
320,139,fc2,volta_sgemm_32x32_sliced1x4_tn,1,17.50390625
320,139,gap,"void at::native::reduce_kernel<512, 1, at::native::ReduceOp<float, at::native::MeanOps<float, float, float, float>, unsigned int, float, 4, 4> >(at::native::ReduceOp<float, at::native::MeanOps<float, float, float, float>, unsigned int, float, 4, 4>)",1,538.009765625
320,139,maxpool1,"void at::native::(anonymous namespace)::max_pool_forward_nchw<float, int>(int, float const*, long, long, long, int, int, int, int, int, int, int, int, int, int, float*, long*)",1,3744.4384765625
320,139,relu1,"void at::native::vectorized_elementwise_kernel<4, at::native::(anonymous namespace)::launch_clamp_scalar(at::TensorIteratorBase&, c10::Scalar, c10::Scalar, at::native::detail::ClampLimits)::{lambda()#1}::operator()() const::{lambda()#7}::operator()() const::{lambda(float)#1}, std::array<char*, 2ul> >(int, at::native::(anonymous namespace)::launch_clamp_scalar(at::TensorIteratorBase&, c10::Scalar, c10::Scalar, at::native::detail::ClampLimits)::{lambda()#1}::operator()() const::{lambda()#7}::operator()() const::{lambda(float)#1}, std::array<char*, 2ul>)",1,3794.9970703125
320,139,relu2,"void at::native::vectorized_elementwise_kernel<4, at::native::(anonymous namespace)::launch_clamp_scalar(at::TensorIteratorBase&, c10::Scalar, c10::Scalar, at::native::detail::ClampLimits)::{lambda()#1}::operator()() const::{lambda()#7}::operator()() const::{lambda(float)#1}, std::array<char*, 2ul> >(int, at::native::(anonymous namespace)::launch_clamp_scalar(at::TensorIteratorBase&, c10::Scalar, c10::Scalar, at::native::detail::ClampLimits)::{lambda()#1}::operator()() const::{lambda()#7}::operator()() const::{lambda(float)#1}, std::array<char*, 2ul>)",1,1894.7314453125
320,139,relu3,"void at::native::vectorized_elementwise_kernel<4, at::native::(anonymous namespace)::launch_clamp_scalar(at::TensorIteratorBase&, c10::Scalar, c10::Scalar, at::native::detail::ClampLimits)::{lambda()#1}::operator()() const::{lambda()#7}::operator()() const::{lambda(float)#1}, std::array<char*, 2ul> >(int, at::native::(anonymous namespace)::launch_clamp_scalar(at::TensorIteratorBase&, c10::Scalar, c10::Scalar, at::native::detail::ClampLimits)::{lambda()#1}::operator()() const::{lambda()#7}::operator()() const::{lambda(float)#1}, std::array<char*, 2ul>)",1,949.044921875
320,139,relu4,"void at::native::vectorized_elementwise_kernel<4, at::native::(anonymous namespace)::launch_clamp_scalar(at::TensorIteratorBase&, c10::Scalar, c10::Scalar, at::native::detail::ClampLimits)::{lambda()#1}::operator()() const::{lambda()#7}::operator()() const::{lambda(float)#1}, std::array<char*, 2ul> >(int, at::native::(anonymous namespace)::launch_clamp_scalar(at::TensorIteratorBase&, c10::Scalar, c10::Scalar, at::native::detail::ClampLimits)::{lambda()#1}::operator()() const::{lambda()#7}::operator()() const::{lambda(float)#1}, std::array<char*, 2ul>)",1,1903.4345703125
320,139,relu5,"void at::native::vectorized_elementwise_kernel<4, at::native::(anonymous namespace)::launch_clamp_scalar(at::TensorIteratorBase&, c10::Scalar, c10::Scalar, at::native::detail::ClampLimits)::{lambda()#1}::operator()() const::{lambda()#7}::operator()() const::{lambda(float)#1}, std::array<char*, 2ul> >(int, at::native::(anonymous namespace)::launch_clamp_scalar(at::TensorIteratorBase&, c10::Scalar, c10::Scalar, at::native::detail::ClampLimits)::{lambda()#1}::operator()() const::{lambda()#7}::operator()() const::{lambda(float)#1}, std::array<char*, 2ul>)",1,468.02734375
320,139,relu6,"void at::native::vectorized_elementwise_kernel<4, at::native::(anonymous namespace)::launch_clamp_scalar(at::TensorIteratorBase&, c10::Scalar, c10::Scalar, at::native::detail::ClampLimits)::{lambda()#1}::operator()() const::{lambda()#7}::operator()() const::{lambda(float)#1}, std::array<char*, 2ul> >(int, at::native::(anonymous namespace)::launch_clamp_scalar(at::TensorIteratorBase&, c10::Scalar, c10::Scalar, at::native::detail::ClampLimits)::{lambda()#1}::operator()() const::{lambda()#7}::operator()() const::{lambda(float)#1}, std::array<char*, 2ul>)",1,942.517578125
320,139,relu7,"void at::native::vectorized_elementwise_kernel<4, at::native::(anonymous namespace)::launch_clamp_scalar(at::TensorIteratorBase&, c10::Scalar, c10::Scalar, at::native::detail::ClampLimits)::{lambda()#1}::operator()() const::{lambda()#7}::operator()() const::{lambda(float)#1}, std::array<char*, 2ul> >(int, at::native::(anonymous namespace)::launch_clamp_scalar(at::TensorIteratorBase&, c10::Scalar, c10::Scalar, at::native::detail::ClampLimits)::{lambda()#1}::operator()() const::{lambda()#7}::operator()() const::{lambda(float)#1}, std::array<char*, 2ul>)",1,3.4560546875
320,256,conv1_7x7_s2,"void fft2d_c2r_32x32<float, true, false, 0u, false, false>(float*, float2 const*, int, int, int, int, int, int, int, int, int, float, float, cudnn::reduced_divisor, bool, float*, float*, int2, cudnnActivationStruct, int, int)",337,386.5272539178412
320,256,conv1_7x7_s2,"void fft2d_r2c_32x32<float, false, 0u, false>(float2*, float const*, int, int, int, int, int, int, int, int, int, cudnn::reduced_divisor, bool, int2, int, int)",337,85.43877793490356
320,256,conv1_7x7_s2,volta_gcgemm_32x32_nt,336,232.69410051618303
320,256,conv2_5x5,"void cudnn::winograd_nonfused::winogradForwardData9x9_5x5<float, float>(cudnn::winograd_nonfused::WinogradDataParams<float, float>)",1,6972.373046875
320,256,conv2_5x5,"void cudnn::winograd_nonfused::winogradForwardFilter9x9_5x5<float, float>(cudnn::winograd_nonfused::WinogradFilterParams<float, float>)",1,9.6318359375
320,256,conv2_5x5,"void cudnn::winograd_nonfused::winogradForwardOutput9x9_5x5<float, float>(cudnn::winograd_nonfused::WinogradOutputParams<float, float>)",1,8883.4248046875
320,256,conv2_5x5,volta_sgemm_128x64_nn,1,6473.9775390625
320,256,conv3_3x3_s2,_5x_cudnn_volta_scudnn_128x128_relu_medium_nn_v1,1,12709.1435546875
320,256,conv3_3x3_s2,"void cask__5x_cudnn::computeOffsetsKernel<false, false>(cask__5x_cudnn::ComputeOffsetsParams)",1,3.103515625
320,256,conv4_1x1,volta_sgemm_128x64_nn,1,6426.458984375
320,256,conv5_3x3_s2,_5x_cudnn_volta_scudnn_128x64_relu_xregs_large_nn_v1,1,28869.673828125
320,256,conv5_3x3_s2,"void cask__5x_cudnn::computeOffsetsKernel<false, false>(cask__5x_cudnn::ComputeOffsetsParams)",1,3.16796875
320,256,conv6_1x1,_5x_cudnn_volta_scudnn_128x128_relu_medium_nn_v1,1,7339.6005859375
320,256,conv6_1x1,"void cask__5x_cudnn::computeOffsetsKernel<false, false>(cask__5x_cudnn::ComputeOffsetsParams)",1,3.6484375
320,256,fc1,"void cublasLt::splitKreduce_kernel<32, 16, int, float, float, float, float, false, float, float, float, true, true, false>(cublasLt::cublasSplitKParams<float>, float const*, float const*, float*, float*, float const*, float const*, float const*, float const*, float*, void*, long, float*, int*, float*, float*, float const*, float const*, float const*, float const*, float const*)",1,7.6484375
320,256,fc1,volta_sgemm_128x64_tn,1,37.15234375
320,256,fc2,"void cublasLt::splitKreduce_kernel<32, 16, int, float, float, float, float, false, float, float, float, true, true, false>(cublasLt::cublasSplitKParams<float>, float const*, float const*, float*, float*, float const*, float const*, float const*, float const*, float*, void*, long, float*, int*, float*, float*, float const*, float const*, float const*, float const*, float const*)",1,4.7998046875
320,256,fc2,volta_sgemm_32x128_tn,1,16.48046875
320,256,gap,"void at::native::reduce_kernel<512, 1, at::native::ReduceOp<float, at::native::MeanOps<float, float, float, float>, unsigned int, float, 4, 4> >(at::native::ReduceOp<float, at::native::MeanOps<float, float, float, float>, unsigned int, float, 4, 4>)",1,1006.4208984375
320,256,maxpool1,"void at::native::(anonymous namespace)::max_pool_forward_nchw<float, int>(int, float const*, long, long, long, int, int, int, int, int, int, int, int, int, int, float*, long*)",1,6605.0810546875
320,256,relu1,"void at::native::vectorized_elementwise_kernel<4, at::native::(anonymous namespace)::launch_clamp_scalar(at::TensorIteratorBase&, c10::Scalar, c10::Scalar, at::native::detail::ClampLimits)::{lambda()#1}::operator()() const::{lambda()#7}::operator()() const::{lambda(float)#1}, std::array<char*, 2ul> >(int, at::native::(anonymous namespace)::launch_clamp_scalar(at::TensorIteratorBase&, c10::Scalar, c10::Scalar, at::native::detail::ClampLimits)::{lambda()#1}::operator()() const::{lambda()#7}::operator()() const::{lambda(float)#1}, std::array<char*, 2ul>)",1,7000.052734375
320,256,relu2,"void at::native::vectorized_elementwise_kernel<4, at::native::(anonymous namespace)::launch_clamp_scalar(at::TensorIteratorBase&, c10::Scalar, c10::Scalar, at::native::detail::ClampLimits)::{lambda()#1}::operator()() const::{lambda()#7}::operator()() const::{lambda(float)#1}, std::array<char*, 2ul> >(int, at::native::(anonymous namespace)::launch_clamp_scalar(at::TensorIteratorBase&, c10::Scalar, c10::Scalar, at::native::detail::ClampLimits)::{lambda()#1}::operator()() const::{lambda()#7}::operator()() const::{lambda(float)#1}, std::array<char*, 2ul>)",1,3509.7861328125
320,256,relu3,"void at::native::vectorized_elementwise_kernel<4, at::native::(anonymous namespace)::launch_clamp_scalar(at::TensorIteratorBase&, c10::Scalar, c10::Scalar, at::native::detail::ClampLimits)::{lambda()#1}::operator()() const::{lambda()#7}::operator()() const::{lambda(float)#1}, std::array<char*, 2ul> >(int, at::native::(anonymous namespace)::launch_clamp_scalar(at::TensorIteratorBase&, c10::Scalar, c10::Scalar, at::native::detail::ClampLimits)::{lambda()#1}::operator()() const::{lambda()#7}::operator()() const::{lambda(float)#1}, std::array<char*, 2ul>)",1,1749.708984375
320,256,relu4,"void at::native::vectorized_elementwise_kernel<4, at::native::(anonymous namespace)::launch_clamp_scalar(at::TensorIteratorBase&, c10::Scalar, c10::Scalar, at::native::detail::ClampLimits)::{lambda()#1}::operator()() const::{lambda()#7}::operator()() const::{lambda(float)#1}, std::array<char*, 2ul> >(int, at::native::(anonymous namespace)::launch_clamp_scalar(at::TensorIteratorBase&, c10::Scalar, c10::Scalar, at::native::detail::ClampLimits)::{lambda()#1}::operator()() const::{lambda()#7}::operator()() const::{lambda(float)#1}, std::array<char*, 2ul>)",1,3495.8984375
320,256,relu5,"void at::native::vectorized_elementwise_kernel<4, at::native::(anonymous namespace)::launch_clamp_scalar(at::TensorIteratorBase&, c10::Scalar, c10::Scalar, at::native::detail::ClampLimits)::{lambda()#1}::operator()() const::{lambda()#7}::operator()() const::{lambda(float)#1}, std::array<char*, 2ul> >(int, at::native::(anonymous namespace)::launch_clamp_scalar(at::TensorIteratorBase&, c10::Scalar, c10::Scalar, at::native::detail::ClampLimits)::{lambda()#1}::operator()() const::{lambda()#7}::operator()() const::{lambda(float)#1}, std::array<char*, 2ul>)",1,871.703125
320,256,relu6,"void at::native::vectorized_elementwise_kernel<4, at::native::(anonymous namespace)::launch_clamp_scalar(at::TensorIteratorBase&, c10::Scalar, c10::Scalar, at::native::detail::ClampLimits)::{lambda()#1}::operator()() const::{lambda()#7}::operator()() const::{lambda(float)#1}, std::array<char*, 2ul> >(int, at::native::(anonymous namespace)::launch_clamp_scalar(at::TensorIteratorBase&, c10::Scalar, c10::Scalar, at::native::detail::ClampLimits)::{lambda()#1}::operator()() const::{lambda()#7}::operator()() const::{lambda(float)#1}, std::array<char*, 2ul>)",1,1747.4365234375
320,256,relu7,"void at::native::vectorized_elementwise_kernel<4, at::native::(anonymous namespace)::launch_clamp_scalar(at::TensorIteratorBase&, c10::Scalar, c10::Scalar, at::native::detail::ClampLimits)::{lambda()#1}::operator()() const::{lambda()#7}::operator()() const::{lambda(float)#1}, std::array<char*, 2ul> >(int, at::native::(anonymous namespace)::launch_clamp_scalar(at::TensorIteratorBase&, c10::Scalar, c10::Scalar, at::native::detail::ClampLimits)::{lambda()#1}::operator()() const::{lambda()#7}::operator()() const::{lambda(float)#1}, std::array<char*, 2ul>)",1,3.328125
384,1,conv1_7x7_s2,_5x_cudnn_volta_scudnn_128x32_relu_medium_nn_v1,1,117.1513671875
384,1,conv2_5x5,_5x_cudnn_volta_scudnn_128x64_relu_xregs_large_nn_v1,1,218.23828125
384,1,conv2_5x5,"void cask__5x_cudnn::computeOffsetsKernel<false, false>(cask__5x_cudnn::ComputeOffsetsParams)",1,2.591796875
384,1,conv3_3x3_s2,_5x_cudnn_volta_scudnn_128x128_relu_medium_nn_v1,1,150.58984375
384,1,conv3_3x3_s2,"void cask__5x_cudnn::computeOffsetsKernel<false, false>(cask__5x_cudnn::ComputeOffsetsParams)",1,2.1435546875
384,1,conv4_1x1,volta_sgemm_64x64_nn,1,43.0068359375
384,1,conv5_3x3_s2,_5x_cudnn_volta_scudnn_128x32_sliced1x4_ldg4_relu_exp_medium_nhwc_tn_v1,1,167.0068359375
384,1,conv5_3x3_s2,"void cask__5x_cudnn::computeOffsetsKernel<false, false>(cask__5x_cudnn::ComputeOffsetsParams)",1,2.4638671875
384,1,conv5_3x3_s2,"void cudnn::engines_precompiled::nchwToNhwcKernel<float, float, float, false, true, (cudnnKernelDataType_t)0>(cudnn::engines_precompiled::nchw2nhwc_params_t<float>, float const*, float*)",2,19.19921875
384,1,conv5_3x3_s2,"void cudnn::engines_precompiled::nhwcToNchwKernel<float, float, float, true, false, (cudnnKernelDataType_t)0>(cudnn::engines_precompiled::nhwc2nchw_params_t<float>, float const*, float*)",1,4.6083984375
384,1,conv6_1x1,volta_sgemm_128x64_nn,1,41.0546875
384,1,fc1,"std::enable_if<!(false), void>::type internal::gemvx::kernel<int, int, float, float, float, float, false, true, true, false, 7, false, cublasGemvParamsEx<int, cublasGemvTensorStridedBatched<float const>, cublasGemvTensorStridedBatched<float const>, cublasGemvTensorStridedBatched<float>, float> >(cublasGemvParamsEx<int, cublasGemvTensorStridedBatched<float const>, cublasGemvTensorStridedBatched<float const>, cublasGemvTensorStridedBatched<float>, float>)",1,5.3759765625
384,1,fc2,"std::enable_if<!(false), void>::type internal::gemvx::kernel<int, int, float, float, float, float, false, true, true, false, 7, false, cublasGemvParamsEx<int, cublasGemvTensorStridedBatched<float const>, cublasGemvTensorStridedBatched<float const>, cublasGemvTensorStridedBatched<float>, float> >(cublasGemvParamsEx<int, cublasGemvTensorStridedBatched<float const>, cublasGemvTensorStridedBatched<float const>, cublasGemvTensorStridedBatched<float>, float>)",1,4.51171875
384,1,gap,"void at::native::reduce_kernel<512, 1, at::native::ReduceOp<float, at::native::MeanOps<float, float, float, float>, unsigned int, float, 4, 4> >(at::native::ReduceOp<float, at::native::MeanOps<float, float, float, float>, unsigned int, float, 4, 4>)",1,7.48828125
384,1,maxpool1,"void at::native::(anonymous namespace)::max_pool_forward_nchw<float, int>(int, float const*, long, long, long, int, int, int, int, int, int, int, int, int, int, float*, long*)",1,42.7841796875
384,1,relu1,"void at::native::vectorized_elementwise_kernel<4, at::native::(anonymous namespace)::launch_clamp_scalar(at::TensorIteratorBase&, c10::Scalar, c10::Scalar, at::native::detail::ClampLimits)::{lambda()#1}::operator()() const::{lambda()#7}::operator()() const::{lambda(float)#1}, std::array<char*, 2ul> >(int, at::native::(anonymous namespace)::launch_clamp_scalar(at::TensorIteratorBase&, c10::Scalar, c10::Scalar, at::native::detail::ClampLimits)::{lambda()#1}::operator()() const::{lambda()#7}::operator()() const::{lambda(float)#1}, std::array<char*, 2ul>)",1,28.6083984375
384,1,relu2,"void at::native::vectorized_elementwise_kernel<4, at::native::(anonymous namespace)::launch_clamp_scalar(at::TensorIteratorBase&, c10::Scalar, c10::Scalar, at::native::detail::ClampLimits)::{lambda()#1}::operator()() const::{lambda()#7}::operator()() const::{lambda(float)#1}, std::array<char*, 2ul> >(int, at::native::(anonymous namespace)::launch_clamp_scalar(at::TensorIteratorBase&, c10::Scalar, c10::Scalar, at::native::detail::ClampLimits)::{lambda()#1}::operator()() const::{lambda()#7}::operator()() const::{lambda(float)#1}, std::array<char*, 2ul>)",1,6.400390625
384,1,relu3,"void at::native::vectorized_elementwise_kernel<4, at::native::(anonymous namespace)::launch_clamp_scalar(at::TensorIteratorBase&, c10::Scalar, c10::Scalar, at::native::detail::ClampLimits)::{lambda()#1}::operator()() const::{lambda()#7}::operator()() const::{lambda(float)#1}, std::array<char*, 2ul> >(int, at::native::(anonymous namespace)::launch_clamp_scalar(at::TensorIteratorBase&, c10::Scalar, c10::Scalar, at::native::detail::ClampLimits)::{lambda()#1}::operator()() const::{lambda()#7}::operator()() const::{lambda(float)#1}, std::array<char*, 2ul>)",1,4.767578125
384,1,relu4,"void at::native::vectorized_elementwise_kernel<4, at::native::(anonymous namespace)::launch_clamp_scalar(at::TensorIteratorBase&, c10::Scalar, c10::Scalar, at::native::detail::ClampLimits)::{lambda()#1}::operator()() const::{lambda()#7}::operator()() const::{lambda(float)#1}, std::array<char*, 2ul> >(int, at::native::(anonymous namespace)::launch_clamp_scalar(at::TensorIteratorBase&, c10::Scalar, c10::Scalar, at::native::detail::ClampLimits)::{lambda()#1}::operator()() const::{lambda()#7}::operator()() const::{lambda(float)#1}, std::array<char*, 2ul>)",1,17.34375
384,1,relu5,"void at::native::vectorized_elementwise_kernel<4, at::native::(anonymous namespace)::launch_clamp_scalar(at::TensorIteratorBase&, c10::Scalar, c10::Scalar, at::native::detail::ClampLimits)::{lambda()#1}::operator()() const::{lambda()#7}::operator()() const::{lambda(float)#1}, std::array<char*, 2ul> >(int, at::native::(anonymous namespace)::launch_clamp_scalar(at::TensorIteratorBase&, c10::Scalar, c10::Scalar, at::native::detail::ClampLimits)::{lambda()#1}::operator()() const::{lambda()#7}::operator()() const::{lambda(float)#1}, std::array<char*, 2ul>)",1,3.328125
384,1,relu6,"void at::native::vectorized_elementwise_kernel<4, at::native::(anonymous namespace)::launch_clamp_scalar(at::TensorIteratorBase&, c10::Scalar, c10::Scalar, at::native::detail::ClampLimits)::{lambda()#1}::operator()() const::{lambda()#7}::operator()() const::{lambda(float)#1}, std::array<char*, 2ul> >(int, at::native::(anonymous namespace)::launch_clamp_scalar(at::TensorIteratorBase&, c10::Scalar, c10::Scalar, at::native::detail::ClampLimits)::{lambda()#1}::operator()() const::{lambda()#7}::operator()() const::{lambda(float)#1}, std::array<char*, 2ul>)",1,4.736328125
384,1,relu7,"void at::native::vectorized_elementwise_kernel<4, at::native::(anonymous namespace)::launch_clamp_scalar(at::TensorIteratorBase&, c10::Scalar, c10::Scalar, at::native::detail::ClampLimits)::{lambda()#1}::operator()() const::{lambda()#7}::operator()() const::{lambda(float)#1}, std::array<char*, 2ul> >(int, at::native::(anonymous namespace)::launch_clamp_scalar(at::TensorIteratorBase&, c10::Scalar, c10::Scalar, at::native::detail::ClampLimits)::{lambda()#1}::operator()() const::{lambda()#7}::operator()() const::{lambda(float)#1}, std::array<char*, 2ul>)",1,2.080078125
384,2,conv1_7x7_s2,_5x_cudnn_volta_scudnn_128x32_relu_medium_nn_v1,1,227.3896484375
384,2,conv2_5x5,_5x_cudnn_volta_scudnn_128x64_relu_xregs_large_nn_v1,1,454.140625
384,2,conv2_5x5,"void cask__5x_cudnn::computeOffsetsKernel<false, false>(cask__5x_cudnn::ComputeOffsetsParams)",1,2.81640625
384,2,conv3_3x3_s2,_5x_cudnn_volta_scudnn_128x128_relu_medium_nn_v1,1,163.359375
384,2,conv3_3x3_s2,"void cask__5x_cudnn::computeOffsetsKernel<false, false>(cask__5x_cudnn::ComputeOffsetsParams)",1,3.0400390625
384,2,conv4_1x1,volta_sgemm_128x64_nn,1,81.279296875
384,2,conv5_3x3_s2,_5x_cudnn_volta_scudnn_128x32_sliced1x4_ldg4_relu_exp_medium_nhwc_tn_v1,1,351.0380859375
384,2,conv5_3x3_s2,"void cask__5x_cudnn::computeOffsetsKernel<false, false>(cask__5x_cudnn::ComputeOffsetsParams)",1,3.0078125
384,2,conv5_3x3_s2,"void cudnn::engines_precompiled::nchwToNhwcKernel<float, float, float, false, true, (cudnnKernelDataType_t)0>(cudnn::engines_precompiled::nchw2nhwc_params_t<float>, float const*, float*)",2,36.68798828125
384,2,conv5_3x3_s2,"void cudnn::engines_precompiled::nhwcToNchwKernel<float, float, float, true, false, (cudnnKernelDataType_t)0>(cudnn::engines_precompiled::nhwc2nchw_params_t<float>, float const*, float*)",1,7.6162109375
384,2,conv6_1x1,_5x_cudnn_volta_scudnn_128x64_relu_small_nn_v1,1,86.080078125
384,2,conv6_1x1,"void cask__5x_cudnn::computeOffsetsKernel<false, false>(cask__5x_cudnn::ComputeOffsetsParams)",1,2.400390625
384,2,fc1,"void gemmSN_TN_kernel<float, 128, 16, 2, 4, 2, 2, true, cublasGemvTensorStridedBatched<float const>, cublasGemvTensorStridedBatched<float const>, cublasGemvTensorStridedBatched<float> >(cublasGemmSmallNParams<cublasGemvTensorStridedBatched<float const>, cublasGemvTensorStridedBatched<float const>, cublasGemvTensorStridedBatched<float>, float>)",1,7.263671875
384,2,fc2,"void gemmSN_TN_kernel<float, 128, 16, 2, 4, 2, 2, true, cublasGemvTensorStridedBatched<float const>, cublasGemvTensorStridedBatched<float const>, cublasGemvTensorStridedBatched<float> >(cublasGemmSmallNParams<cublasGemvTensorStridedBatched<float const>, cublasGemvTensorStridedBatched<float const>, cublasGemvTensorStridedBatched<float>, float>)",1,4.4482421875
384,2,gap,"void at::native::reduce_kernel<512, 1, at::native::ReduceOp<float, at::native::MeanOps<float, float, float, float>, unsigned int, float, 4, 4> >(at::native::ReduceOp<float, at::native::MeanOps<float, float, float, float>, unsigned int, float, 4, 4>)",1,8.7041015625
384,2,maxpool1,"void at::native::(anonymous namespace)::max_pool_forward_nchw<float, int>(int, float const*, long, long, long, int, int, int, int, int, int, int, int, int, int, float*, long*)",1,81.248046875
384,2,relu1,"void at::native::vectorized_elementwise_kernel<4, at::native::(anonymous namespace)::launch_clamp_scalar(at::TensorIteratorBase&, c10::Scalar, c10::Scalar, at::native::detail::ClampLimits)::{lambda()#1}::operator()() const::{lambda()#7}::operator()() const::{lambda(float)#1}, std::array<char*, 2ul> >(int, at::native::(anonymous namespace)::launch_clamp_scalar(at::TensorIteratorBase&, c10::Scalar, c10::Scalar, at::native::detail::ClampLimits)::{lambda()#1}::operator()() const::{lambda()#7}::operator()() const::{lambda(float)#1}, std::array<char*, 2ul>)",1,79.263671875
384,2,relu2,"void at::native::vectorized_elementwise_kernel<4, at::native::(anonymous namespace)::launch_clamp_scalar(at::TensorIteratorBase&, c10::Scalar, c10::Scalar, at::native::detail::ClampLimits)::{lambda()#1}::operator()() const::{lambda()#7}::operator()() const::{lambda(float)#1}, std::array<char*, 2ul> >(int, at::native::(anonymous namespace)::launch_clamp_scalar(at::TensorIteratorBase&, c10::Scalar, c10::Scalar, at::native::detail::ClampLimits)::{lambda()#1}::operator()() const::{lambda()#7}::operator()() const::{lambda(float)#1}, std::array<char*, 2ul>)",1,36.6396484375
384,2,relu3,"void at::native::vectorized_elementwise_kernel<4, at::native::(anonymous namespace)::launch_clamp_scalar(at::TensorIteratorBase&, c10::Scalar, c10::Scalar, at::native::detail::ClampLimits)::{lambda()#1}::operator()() const::{lambda()#7}::operator()() const::{lambda(float)#1}, std::array<char*, 2ul> >(int, at::native::(anonymous namespace)::launch_clamp_scalar(at::TensorIteratorBase&, c10::Scalar, c10::Scalar, at::native::detail::ClampLimits)::{lambda()#1}::operator()() const::{lambda()#7}::operator()() const::{lambda(float)#1}, std::array<char*, 2ul>)",1,7.16796875
384,2,relu4,"void at::native::vectorized_elementwise_kernel<4, at::native::(anonymous namespace)::launch_clamp_scalar(at::TensorIteratorBase&, c10::Scalar, c10::Scalar, at::native::detail::ClampLimits)::{lambda()#1}::operator()() const::{lambda()#7}::operator()() const::{lambda(float)#1}, std::array<char*, 2ul> >(int, at::native::(anonymous namespace)::launch_clamp_scalar(at::TensorIteratorBase&, c10::Scalar, c10::Scalar, at::native::detail::ClampLimits)::{lambda()#1}::operator()() const::{lambda()#7}::operator()() const::{lambda(float)#1}, std::array<char*, 2ul>)",1,39.3916015625
384,2,relu5,"void at::native::vectorized_elementwise_kernel<4, at::native::(anonymous namespace)::launch_clamp_scalar(at::TensorIteratorBase&, c10::Scalar, c10::Scalar, at::native::detail::ClampLimits)::{lambda()#1}::operator()() const::{lambda()#7}::operator()() const::{lambda(float)#1}, std::array<char*, 2ul> >(int, at::native::(anonymous namespace)::launch_clamp_scalar(at::TensorIteratorBase&, c10::Scalar, c10::Scalar, at::native::detail::ClampLimits)::{lambda()#1}::operator()() const::{lambda()#7}::operator()() const::{lambda(float)#1}, std::array<char*, 2ul>)",1,4.48046875
384,2,relu6,"void at::native::vectorized_elementwise_kernel<4, at::native::(anonymous namespace)::launch_clamp_scalar(at::TensorIteratorBase&, c10::Scalar, c10::Scalar, at::native::detail::ClampLimits)::{lambda()#1}::operator()() const::{lambda()#7}::operator()() const::{lambda(float)#1}, std::array<char*, 2ul> >(int, at::native::(anonymous namespace)::launch_clamp_scalar(at::TensorIteratorBase&, c10::Scalar, c10::Scalar, at::native::detail::ClampLimits)::{lambda()#1}::operator()() const::{lambda()#7}::operator()() const::{lambda(float)#1}, std::array<char*, 2ul>)",1,7.232421875
384,2,relu7,"void at::native::vectorized_elementwise_kernel<4, at::native::(anonymous namespace)::launch_clamp_scalar(at::TensorIteratorBase&, c10::Scalar, c10::Scalar, at::native::detail::ClampLimits)::{lambda()#1}::operator()() const::{lambda()#7}::operator()() const::{lambda(float)#1}, std::array<char*, 2ul> >(int, at::native::(anonymous namespace)::launch_clamp_scalar(at::TensorIteratorBase&, c10::Scalar, c10::Scalar, at::native::detail::ClampLimits)::{lambda()#1}::operator()() const::{lambda()#7}::operator()() const::{lambda(float)#1}, std::array<char*, 2ul>)",1,2.3037109375
384,4,conv1_7x7_s2,_5x_cudnn_volta_scudnn_128x32_relu_medium_nn_v1,1,442.0126953125
384,4,conv2_5x5,_5x_cudnn_volta_scudnn_128x64_relu_xregs_large_nn_v1,1,897.55859375
384,4,conv2_5x5,"void cask__5x_cudnn::computeOffsetsKernel<false, false>(cask__5x_cudnn::ComputeOffsetsParams)",1,3.2001953125
384,4,conv3_3x3_s2,_5x_cudnn_volta_scudnn_128x128_relu_medium_nn_v1,1,326.30078125
384,4,conv3_3x3_s2,"void cask__5x_cudnn::computeOffsetsKernel<false, false>(cask__5x_cudnn::ComputeOffsetsParams)",1,3.1357421875
384,4,conv4_1x1,volta_sgemm_128x64_nn,1,159.1669921875
384,4,conv5_3x3_s2,_5x_cudnn_volta_scudnn_128x64_relu_xregs_large_nn_v1,1,674.330078125
384,4,conv5_3x3_s2,"void cask__5x_cudnn::computeOffsetsKernel<false, false>(cask__5x_cudnn::ComputeOffsetsParams)",1,3.072265625
384,4,conv6_1x1,_5x_cudnn_volta_scudnn_128x64_relu_small_nn_v1,1,162.685546875
384,4,conv6_1x1,"void cask__5x_cudnn::computeOffsetsKernel<false, false>(cask__5x_cudnn::ComputeOffsetsParams)",1,2.65625
384,4,fc1,"void gemmSN_TN_kernel<float, 128, 16, 2, 4, 4, 4, true, cublasGemvTensorStridedBatched<float const>, cublasGemvTensorStridedBatched<float const>, cublasGemvTensorStridedBatched<float> >(cublasGemmSmallNParams<cublasGemvTensorStridedBatched<float const>, cublasGemvTensorStridedBatched<float const>, cublasGemvTensorStridedBatched<float>, float>)",1,8.2880859375
384,4,fc2,"void gemmSN_TN_kernel<float, 128, 16, 2, 4, 4, 4, true, cublasGemvTensorStridedBatched<float const>, cublasGemvTensorStridedBatched<float const>, cublasGemvTensorStridedBatched<float> >(cublasGemmSmallNParams<cublasGemvTensorStridedBatched<float const>, cublasGemvTensorStridedBatched<float const>, cublasGemvTensorStridedBatched<float>, float>)",1,4.7041015625
384,4,gap,"void at::native::reduce_kernel<512, 1, at::native::ReduceOp<float, at::native::MeanOps<float, float, float, float>, unsigned int, float, 4, 4> >(at::native::ReduceOp<float, at::native::MeanOps<float, float, float, float>, unsigned int, float, 4, 4>)",1,20.736328125
384,4,maxpool1,"void at::native::(anonymous namespace)::max_pool_forward_nchw<float, int>(int, float const*, long, long, long, int, int, int, int, int, int, int, int, int, int, float*, long*)",1,159.2314453125
384,4,relu1,"void at::native::vectorized_elementwise_kernel<4, at::native::(anonymous namespace)::launch_clamp_scalar(at::TensorIteratorBase&, c10::Scalar, c10::Scalar, at::native::detail::ClampLimits)::{lambda()#1}::operator()() const::{lambda()#7}::operator()() const::{lambda(float)#1}, std::array<char*, 2ul> >(int, at::native::(anonymous namespace)::launch_clamp_scalar(at::TensorIteratorBase&, c10::Scalar, c10::Scalar, at::native::detail::ClampLimits)::{lambda()#1}::operator()() const::{lambda()#7}::operator()() const::{lambda(float)#1}, std::array<char*, 2ul>)",1,157.2138671875
384,4,relu2,"void at::native::vectorized_elementwise_kernel<4, at::native::(anonymous namespace)::launch_clamp_scalar(at::TensorIteratorBase&, c10::Scalar, c10::Scalar, at::native::detail::ClampLimits)::{lambda()#1}::operator()() const::{lambda()#7}::operator()() const::{lambda(float)#1}, std::array<char*, 2ul> >(int, at::native::(anonymous namespace)::launch_clamp_scalar(at::TensorIteratorBase&, c10::Scalar, c10::Scalar, at::native::detail::ClampLimits)::{lambda()#1}::operator()() const::{lambda()#7}::operator()() const::{lambda(float)#1}, std::array<char*, 2ul>)",1,78.974609375
384,4,relu3,"void at::native::vectorized_elementwise_kernel<4, at::native::(anonymous namespace)::launch_clamp_scalar(at::TensorIteratorBase&, c10::Scalar, c10::Scalar, at::native::detail::ClampLimits)::{lambda()#1}::operator()() const::{lambda()#7}::operator()() const::{lambda(float)#1}, std::array<char*, 2ul> >(int, at::native::(anonymous namespace)::launch_clamp_scalar(at::TensorIteratorBase&, c10::Scalar, c10::Scalar, at::native::detail::ClampLimits)::{lambda()#1}::operator()() const::{lambda()#7}::operator()() const::{lambda(float)#1}, std::array<char*, 2ul>)",1,36.3515625
384,4,relu4,"void at::native::vectorized_elementwise_kernel<4, at::native::(anonymous namespace)::launch_clamp_scalar(at::TensorIteratorBase&, c10::Scalar, c10::Scalar, at::native::detail::ClampLimits)::{lambda()#1}::operator()() const::{lambda()#7}::operator()() const::{lambda(float)#1}, std::array<char*, 2ul> >(int, at::native::(anonymous namespace)::launch_clamp_scalar(at::TensorIteratorBase&, c10::Scalar, c10::Scalar, at::native::detail::ClampLimits)::{lambda()#1}::operator()() const::{lambda()#7}::operator()() const::{lambda(float)#1}, std::array<char*, 2ul>)",1,79.4228515625
384,4,relu5,"void at::native::vectorized_elementwise_kernel<4, at::native::(anonymous namespace)::launch_clamp_scalar(at::TensorIteratorBase&, c10::Scalar, c10::Scalar, at::native::detail::ClampLimits)::{lambda()#1}::operator()() const::{lambda()#7}::operator()() const::{lambda(float)#1}, std::array<char*, 2ul> >(int, at::native::(anonymous namespace)::launch_clamp_scalar(at::TensorIteratorBase&, c10::Scalar, c10::Scalar, at::native::detail::ClampLimits)::{lambda()#1}::operator()() const::{lambda()#7}::operator()() const::{lambda(float)#1}, std::array<char*, 2ul>)",1,8.767578125
384,4,relu6,"void at::native::vectorized_elementwise_kernel<4, at::native::(anonymous namespace)::launch_clamp_scalar(at::TensorIteratorBase&, c10::Scalar, c10::Scalar, at::native::detail::ClampLimits)::{lambda()#1}::operator()() const::{lambda()#7}::operator()() const::{lambda(float)#1}, std::array<char*, 2ul> >(int, at::native::(anonymous namespace)::launch_clamp_scalar(at::TensorIteratorBase&, c10::Scalar, c10::Scalar, at::native::detail::ClampLimits)::{lambda()#1}::operator()() const::{lambda()#7}::operator()() const::{lambda(float)#1}, std::array<char*, 2ul>)",1,33.4716796875
384,4,relu7,"void at::native::vectorized_elementwise_kernel<4, at::native::(anonymous namespace)::launch_clamp_scalar(at::TensorIteratorBase&, c10::Scalar, c10::Scalar, at::native::detail::ClampLimits)::{lambda()#1}::operator()() const::{lambda()#7}::operator()() const::{lambda(float)#1}, std::array<char*, 2ul> >(int, at::native::(anonymous namespace)::launch_clamp_scalar(at::TensorIteratorBase&, c10::Scalar, c10::Scalar, at::native::detail::ClampLimits)::{lambda()#1}::operator()() const::{lambda()#7}::operator()() const::{lambda(float)#1}, std::array<char*, 2ul>)",1,2.4638671875
384,8,conv1_7x7_s2,_5x_cudnn_volta_scudnn_128x32_relu_medium_nn_v1,1,923.8916015625
384,8,conv2_5x5,_5x_cudnn_volta_scudnn_128x64_relu_xregs_large_nn_v1,1,1775.3046875
384,8,conv2_5x5,"void cask__5x_cudnn::computeOffsetsKernel<false, false>(cask__5x_cudnn::ComputeOffsetsParams)",1,3.423828125
384,8,conv3_3x3_s2,_5x_cudnn_volta_scudnn_128x128_relu_medium_nn_v1,1,683.4150390625
384,8,conv3_3x3_s2,"void cask__5x_cudnn::computeOffsetsKernel<false, false>(cask__5x_cudnn::ComputeOffsetsParams)",1,3.2958984375
384,8,conv4_1x1,volta_sgemm_128x64_nn,1,311.0361328125
384,8,conv5_3x3_s2,_5x_cudnn_volta_scudnn_128x64_relu_xregs_large_nn_v1,1,1426.4130859375
384,8,conv5_3x3_s2,"void cask__5x_cudnn::computeOffsetsKernel<false, false>(cask__5x_cudnn::ComputeOffsetsParams)",1,3.263671875
384,8,conv6_1x1,_5x_cudnn_volta_scudnn_128x64_relu_small_nn_v1,1,336.21875
384,8,conv6_1x1,"void cask__5x_cudnn::computeOffsetsKernel<false, false>(cask__5x_cudnn::ComputeOffsetsParams)",1,3.2001953125
384,8,fc1,"void gemmSN_TN_kernel<float, 128, 16, 2, 4, 8, 9, false, cublasGemvTensorStridedBatched<float const>, cublasGemvTensorStridedBatched<float const>, cublasGemvTensorStridedBatched<float> >(cublasGemmSmallNParams<cublasGemvTensorStridedBatched<float const>, cublasGemvTensorStridedBatched<float const>, cublasGemvTensorStridedBatched<float>, float>)",1,13.3427734375
384,8,fc2,"void gemmSN_TN_kernel<float, 128, 16, 2, 4, 8, 9, false, cublasGemvTensorStridedBatched<float const>, cublasGemvTensorStridedBatched<float const>, cublasGemvTensorStridedBatched<float> >(cublasGemmSmallNParams<cublasGemvTensorStridedBatched<float const>, cublasGemvTensorStridedBatched<float const>, cublasGemvTensorStridedBatched<float>, float>)",1,6.9443359375
384,8,gap,"void at::native::reduce_kernel<512, 1, at::native::ReduceOp<float, at::native::MeanOps<float, float, float, float>, unsigned int, float, 4, 4> >(at::native::ReduceOp<float, at::native::MeanOps<float, float, float, float>, unsigned int, float, 4, 4>)",1,60.0
384,8,maxpool1,"void at::native::(anonymous namespace)::max_pool_forward_nchw<float, int>(int, float const*, long, long, long, int, int, int, int, int, int, int, int, int, int, float*, long*)",1,325.595703125
384,8,relu1,"void at::native::vectorized_elementwise_kernel<4, at::native::(anonymous namespace)::launch_clamp_scalar(at::TensorIteratorBase&, c10::Scalar, c10::Scalar, at::native::detail::ClampLimits)::{lambda()#1}::operator()() const::{lambda()#7}::operator()() const::{lambda(float)#1}, std::array<char*, 2ul> >(int, at::native::(anonymous namespace)::launch_clamp_scalar(at::TensorIteratorBase&, c10::Scalar, c10::Scalar, at::native::detail::ClampLimits)::{lambda()#1}::operator()() const::{lambda()#7}::operator()() const::{lambda(float)#1}, std::array<char*, 2ul>)",1,316.123046875
384,8,relu2,"void at::native::vectorized_elementwise_kernel<4, at::native::(anonymous namespace)::launch_clamp_scalar(at::TensorIteratorBase&, c10::Scalar, c10::Scalar, at::native::detail::ClampLimits)::{lambda()#1}::operator()() const::{lambda()#7}::operator()() const::{lambda(float)#1}, std::array<char*, 2ul> >(int, at::native::(anonymous namespace)::launch_clamp_scalar(at::TensorIteratorBase&, c10::Scalar, c10::Scalar, at::native::detail::ClampLimits)::{lambda()#1}::operator()() const::{lambda()#7}::operator()() const::{lambda(float)#1}, std::array<char*, 2ul>)",1,158.1103515625
384,8,relu3,"void at::native::vectorized_elementwise_kernel<4, at::native::(anonymous namespace)::launch_clamp_scalar(at::TensorIteratorBase&, c10::Scalar, c10::Scalar, at::native::detail::ClampLimits)::{lambda()#1}::operator()() const::{lambda()#7}::operator()() const::{lambda(float)#1}, std::array<char*, 2ul> >(int, at::native::(anonymous namespace)::launch_clamp_scalar(at::TensorIteratorBase&, c10::Scalar, c10::Scalar, at::native::detail::ClampLimits)::{lambda()#1}::operator()() const::{lambda()#7}::operator()() const::{lambda(float)#1}, std::array<char*, 2ul>)",1,78.52734375
384,8,relu4,"void at::native::vectorized_elementwise_kernel<4, at::native::(anonymous namespace)::launch_clamp_scalar(at::TensorIteratorBase&, c10::Scalar, c10::Scalar, at::native::detail::ClampLimits)::{lambda()#1}::operator()() const::{lambda()#7}::operator()() const::{lambda(float)#1}, std::array<char*, 2ul> >(int, at::native::(anonymous namespace)::launch_clamp_scalar(at::TensorIteratorBase&, c10::Scalar, c10::Scalar, at::native::detail::ClampLimits)::{lambda()#1}::operator()() const::{lambda()#7}::operator()() const::{lambda(float)#1}, std::array<char*, 2ul>)",1,158.6220703125
384,8,relu5,"void at::native::vectorized_elementwise_kernel<4, at::native::(anonymous namespace)::launch_clamp_scalar(at::TensorIteratorBase&, c10::Scalar, c10::Scalar, at::native::detail::ClampLimits)::{lambda()#1}::operator()() const::{lambda()#7}::operator()() const::{lambda(float)#1}, std::array<char*, 2ul> >(int, at::native::(anonymous namespace)::launch_clamp_scalar(at::TensorIteratorBase&, c10::Scalar, c10::Scalar, at::native::detail::ClampLimits)::{lambda()#1}::operator()() const::{lambda()#7}::operator()() const::{lambda(float)#1}, std::array<char*, 2ul>)",1,31.51953125
384,8,relu6,"void at::native::vectorized_elementwise_kernel<4, at::native::(anonymous namespace)::launch_clamp_scalar(at::TensorIteratorBase&, c10::Scalar, c10::Scalar, at::native::detail::ClampLimits)::{lambda()#1}::operator()() const::{lambda()#7}::operator()() const::{lambda(float)#1}, std::array<char*, 2ul> >(int, at::native::(anonymous namespace)::launch_clamp_scalar(at::TensorIteratorBase&, c10::Scalar, c10::Scalar, at::native::detail::ClampLimits)::{lambda()#1}::operator()() const::{lambda()#7}::operator()() const::{lambda(float)#1}, std::array<char*, 2ul>)",1,75.55078125
384,8,relu7,"void at::native::vectorized_elementwise_kernel<4, at::native::(anonymous namespace)::launch_clamp_scalar(at::TensorIteratorBase&, c10::Scalar, c10::Scalar, at::native::detail::ClampLimits)::{lambda()#1}::operator()() const::{lambda()#7}::operator()() const::{lambda(float)#1}, std::array<char*, 2ul> >(int, at::native::(anonymous namespace)::launch_clamp_scalar(at::TensorIteratorBase&, c10::Scalar, c10::Scalar, at::native::detail::ClampLimits)::{lambda()#1}::operator()() const::{lambda()#7}::operator()() const::{lambda(float)#1}, std::array<char*, 2ul>)",1,2.65625
384,16,conv1_7x7_s2,_5x_cudnn_volta_scudnn_128x32_relu_medium_nn_v1,1,1875.115234375
384,16,conv2_5x5,"void cudnn::winograd_nonfused::winogradForwardData9x9_5x5<float, float>(cudnn::winograd_nonfused::WinogradDataParams<float, float>)",1,723.3203125
384,16,conv2_5x5,"void cudnn::winograd_nonfused::winogradForwardFilter9x9_5x5<float, float>(cudnn::winograd_nonfused::WinogradFilterParams<float, float>)",1,10.5595703125
384,16,conv2_5x5,"void cudnn::winograd_nonfused::winogradForwardOutput9x9_5x5<float, float>(cudnn::winograd_nonfused::WinogradOutputParams<float, float>)",1,953.173828125
384,16,conv2_5x5,volta_sgemm_128x64_nn,1,623.064453125
384,16,conv3_3x3_s2,_5x_cudnn_volta_scudnn_128x128_relu_medium_nn_v1,1,1381.83984375
384,16,conv3_3x3_s2,"void cask__5x_cudnn::computeOffsetsKernel<false, false>(cask__5x_cudnn::ComputeOffsetsParams)",1,3.3916015625
384,16,conv4_1x1,volta_sgemm_128x64_nn,1,606.6171875
384,16,conv5_3x3_s2,_5x_cudnn_volta_scudnn_128x64_relu_small_nn_v1,1,2933.1826171875
384,16,conv5_3x3_s2,"void cask__5x_cudnn::computeOffsetsKernel<false, false>(cask__5x_cudnn::ComputeOffsetsParams)",1,3.328125
384,16,conv6_1x1,_5x_cudnn_volta_scudnn_128x64_relu_small_nn_v1,1,635.640625
384,16,conv6_1x1,"void cask__5x_cudnn::computeOffsetsKernel<false, false>(cask__5x_cudnn::ComputeOffsetsParams)",1,3.3603515625
384,16,fc1,"void gemmSN_TN_kernel<float, 128, 16, 2, 4, 8, 9, false, cublasGemvTensorStridedBatched<float const>, cublasGemvTensorStridedBatched<float const>, cublasGemvTensorStridedBatched<float> >(cublasGemmSmallNParams<cublasGemvTensorStridedBatched<float const>, cublasGemvTensorStridedBatched<float const>, cublasGemvTensorStridedBatched<float>, float>)",1,15.9677734375
384,16,fc2,"void gemmSN_TN_kernel<float, 128, 16, 2, 4, 8, 9, false, cublasGemvTensorStridedBatched<float const>, cublasGemvTensorStridedBatched<float const>, cublasGemvTensorStridedBatched<float> >(cublasGemmSmallNParams<cublasGemvTensorStridedBatched<float const>, cublasGemvTensorStridedBatched<float const>, cublasGemvTensorStridedBatched<float>, float>)",1,7.2001953125
384,16,gap,"void at::native::reduce_kernel<512, 1, at::native::ReduceOp<float, at::native::MeanOps<float, float, float, float>, unsigned int, float, 4, 4> >(at::native::ReduceOp<float, at::native::MeanOps<float, float, float, float>, unsigned int, float, 4, 4>)",1,97.0869140625
384,16,maxpool1,"void at::native::(anonymous namespace)::max_pool_forward_nchw<float, int>(int, float const*, long, long, long, int, int, int, int, int, int, int, int, int, int, float*, long*)",1,658.201171875
384,16,relu1,"void at::native::vectorized_elementwise_kernel<4, at::native::(anonymous namespace)::launch_clamp_scalar(at::TensorIteratorBase&, c10::Scalar, c10::Scalar, at::native::detail::ClampLimits)::{lambda()#1}::operator()() const::{lambda()#7}::operator()() const::{lambda(float)#1}, std::array<char*, 2ul> >(int, at::native::(anonymous namespace)::launch_clamp_scalar(at::TensorIteratorBase&, c10::Scalar, c10::Scalar, at::native::detail::ClampLimits)::{lambda()#1}::operator()() const::{lambda()#7}::operator()() const::{lambda(float)#1}, std::array<char*, 2ul>)",1,631.7998046875
384,16,relu2,"void at::native::vectorized_elementwise_kernel<4, at::native::(anonymous namespace)::launch_clamp_scalar(at::TensorIteratorBase&, c10::Scalar, c10::Scalar, at::native::detail::ClampLimits)::{lambda()#1}::operator()() const::{lambda()#7}::operator()() const::{lambda(float)#1}, std::array<char*, 2ul> >(int, at::native::(anonymous namespace)::launch_clamp_scalar(at::TensorIteratorBase&, c10::Scalar, c10::Scalar, at::native::detail::ClampLimits)::{lambda()#1}::operator()() const::{lambda()#7}::operator()() const::{lambda(float)#1}, std::array<char*, 2ul>)",1,311.515625
384,16,relu3,"void at::native::vectorized_elementwise_kernel<4, at::native::(anonymous namespace)::launch_clamp_scalar(at::TensorIteratorBase&, c10::Scalar, c10::Scalar, at::native::detail::ClampLimits)::{lambda()#1}::operator()() const::{lambda()#7}::operator()() const::{lambda(float)#1}, std::array<char*, 2ul> >(int, at::native::(anonymous namespace)::launch_clamp_scalar(at::TensorIteratorBase&, c10::Scalar, c10::Scalar, at::native::detail::ClampLimits)::{lambda()#1}::operator()() const::{lambda()#7}::operator()() const::{lambda(float)#1}, std::array<char*, 2ul>)",1,158.3349609375
384,16,relu4,"void at::native::vectorized_elementwise_kernel<4, at::native::(anonymous namespace)::launch_clamp_scalar(at::TensorIteratorBase&, c10::Scalar, c10::Scalar, at::native::detail::ClampLimits)::{lambda()#1}::operator()() const::{lambda()#7}::operator()() const::{lambda(float)#1}, std::array<char*, 2ul> >(int, at::native::(anonymous namespace)::launch_clamp_scalar(at::TensorIteratorBase&, c10::Scalar, c10::Scalar, at::native::detail::ClampLimits)::{lambda()#1}::operator()() const::{lambda()#7}::operator()() const::{lambda(float)#1}, std::array<char*, 2ul>)",1,315.3876953125
384,16,relu5,"void at::native::vectorized_elementwise_kernel<4, at::native::(anonymous namespace)::launch_clamp_scalar(at::TensorIteratorBase&, c10::Scalar, c10::Scalar, at::native::detail::ClampLimits)::{lambda()#1}::operator()() const::{lambda()#7}::operator()() const::{lambda(float)#1}, std::array<char*, 2ul> >(int, at::native::(anonymous namespace)::launch_clamp_scalar(at::TensorIteratorBase&, c10::Scalar, c10::Scalar, at::native::detail::ClampLimits)::{lambda()#1}::operator()() const::{lambda()#7}::operator()() const::{lambda(float)#1}, std::array<char*, 2ul>)",1,72.03125
384,16,relu6,"void at::native::vectorized_elementwise_kernel<4, at::native::(anonymous namespace)::launch_clamp_scalar(at::TensorIteratorBase&, c10::Scalar, c10::Scalar, at::native::detail::ClampLimits)::{lambda()#1}::operator()() const::{lambda()#7}::operator()() const::{lambda(float)#1}, std::array<char*, 2ul> >(int, at::native::(anonymous namespace)::launch_clamp_scalar(at::TensorIteratorBase&, c10::Scalar, c10::Scalar, at::native::detail::ClampLimits)::{lambda()#1}::operator()() const::{lambda()#7}::operator()() const::{lambda(float)#1}, std::array<char*, 2ul>)",1,158.5576171875
384,16,relu7,"void at::native::vectorized_elementwise_kernel<4, at::native::(anonymous namespace)::launch_clamp_scalar(at::TensorIteratorBase&, c10::Scalar, c10::Scalar, at::native::detail::ClampLimits)::{lambda()#1}::operator()() const::{lambda()#7}::operator()() const::{lambda(float)#1}, std::array<char*, 2ul> >(int, at::native::(anonymous namespace)::launch_clamp_scalar(at::TensorIteratorBase&, c10::Scalar, c10::Scalar, at::native::detail::ClampLimits)::{lambda()#1}::operator()() const::{lambda()#7}::operator()() const::{lambda(float)#1}, std::array<char*, 2ul>)",1,2.6240234375
384,32,conv1_7x7_s2,_5x_cudnn_volta_scudnn_128x32_relu_medium_nn_v1,1,3774.9658203125
384,32,conv2_5x5,"void cudnn::winograd_nonfused::winogradForwardData9x9_5x5<float, float>(cudnn::winograd_nonfused::WinogradDataParams<float, float>)",1,1445.4560546875
384,32,conv2_5x5,"void cudnn::winograd_nonfused::winogradForwardFilter9x9_5x5<float, float>(cudnn::winograd_nonfused::WinogradFilterParams<float, float>)",1,10.431640625
384,32,conv2_5x5,"void cudnn::winograd_nonfused::winogradForwardOutput9x9_5x5<float, float>(cudnn::winograd_nonfused::WinogradOutputParams<float, float>)",1,1896.3310546875
384,32,conv2_5x5,volta_sgemm_128x64_nn,1,1238.41796875
384,32,conv3_3x3_s2,_5x_cudnn_volta_scudnn_128x128_relu_medium_nn_v1,1,2602.564453125
384,32,conv3_3x3_s2,"void cask__5x_cudnn::computeOffsetsKernel<false, false>(cask__5x_cudnn::ComputeOffsetsParams)",1,3.4560546875
384,32,conv4_1x1,volta_sgemm_128x64_nn,1,1162.7392578125
384,32,conv5_3x3_s2,_5x_cudnn_volta_scudnn_128x64_relu_xregs_large_nn_v1,1,5078.984375
384,32,conv5_3x3_s2,"void cask__5x_cudnn::computeOffsetsKernel<false, false>(cask__5x_cudnn::ComputeOffsetsParams)",1,3.232421875
384,32,conv6_1x1,_5x_cudnn_volta_scudnn_128x128_relu_medium_nn_v1,1,1156.05078125
384,32,conv6_1x1,"void cask__5x_cudnn::computeOffsetsKernel<false, false>(cask__5x_cudnn::ComputeOffsetsParams)",1,3.2001953125
384,32,fc1,"void cublasLt::splitKreduce_kernel<32, 16, int, float, float, float, float, false, float, float, float, true, true, false>(cublasLt::cublasSplitKParams<float>, float const*, float const*, float*, float*, float const*, float const*, float const*, float const*, float*, void*, long, float*, int*, float*, float*, float const*, float const*, float const*, float const*, float const*)",1,3.9677734375
384,32,fc1,volta_sgemm_64x32_sliced1x4_tn,1,14.6884765625
384,32,fc2,volta_sgemm_32x32_sliced1x4_tn,1,16.51171875
384,32,gap,"void at::native::reduce_kernel<512, 1, at::native::ReduceOp<float, at::native::MeanOps<float, float, float, float>, unsigned int, float, 4, 4> >(at::native::ReduceOp<float, at::native::MeanOps<float, float, float, float>, unsigned int, float, 4, 4>)",1,167.166015625
384,32,maxpool1,"void at::native::(anonymous namespace)::max_pool_forward_nchw<float, int>(int, float const*, long, long, long, int, int, int, int, int, int, int, int, int, int, float*, long*)",1,1328.40234375
384,32,relu1,"void at::native::vectorized_elementwise_kernel<4, at::native::(anonymous namespace)::launch_clamp_scalar(at::TensorIteratorBase&, c10::Scalar, c10::Scalar, at::native::detail::ClampLimits)::{lambda()#1}::operator()() const::{lambda()#7}::operator()() const::{lambda(float)#1}, std::array<char*, 2ul> >(int, at::native::(anonymous namespace)::launch_clamp_scalar(at::TensorIteratorBase&, c10::Scalar, c10::Scalar, at::native::detail::ClampLimits)::{lambda()#1}::operator()() const::{lambda()#7}::operator()() const::{lambda(float)#1}, std::array<char*, 2ul>)",1,1251.185546875
384,32,relu2,"void at::native::vectorized_elementwise_kernel<4, at::native::(anonymous namespace)::launch_clamp_scalar(at::TensorIteratorBase&, c10::Scalar, c10::Scalar, at::native::detail::ClampLimits)::{lambda()#1}::operator()() const::{lambda()#7}::operator()() const::{lambda(float)#1}, std::array<char*, 2ul> >(int, at::native::(anonymous namespace)::launch_clamp_scalar(at::TensorIteratorBase&, c10::Scalar, c10::Scalar, at::native::detail::ClampLimits)::{lambda()#1}::operator()() const::{lambda()#7}::operator()() const::{lambda(float)#1}, std::array<char*, 2ul>)",1,627.12890625
384,32,relu3,"void at::native::vectorized_elementwise_kernel<4, at::native::(anonymous namespace)::launch_clamp_scalar(at::TensorIteratorBase&, c10::Scalar, c10::Scalar, at::native::detail::ClampLimits)::{lambda()#1}::operator()() const::{lambda()#7}::operator()() const::{lambda(float)#1}, std::array<char*, 2ul> >(int, at::native::(anonymous namespace)::launch_clamp_scalar(at::TensorIteratorBase&, c10::Scalar, c10::Scalar, at::native::detail::ClampLimits)::{lambda()#1}::operator()() const::{lambda()#7}::operator()() const::{lambda(float)#1}, std::array<char*, 2ul>)",1,314.3330078125
384,32,relu4,"void at::native::vectorized_elementwise_kernel<4, at::native::(anonymous namespace)::launch_clamp_scalar(at::TensorIteratorBase&, c10::Scalar, c10::Scalar, at::native::detail::ClampLimits)::{lambda()#1}::operator()() const::{lambda()#7}::operator()() const::{lambda(float)#1}, std::array<char*, 2ul> >(int, at::native::(anonymous namespace)::launch_clamp_scalar(at::TensorIteratorBase&, c10::Scalar, c10::Scalar, at::native::detail::ClampLimits)::{lambda()#1}::operator()() const::{lambda()#7}::operator()() const::{lambda(float)#1}, std::array<char*, 2ul>)",1,628.056640625
384,32,relu5,"void at::native::vectorized_elementwise_kernel<4, at::native::(anonymous namespace)::launch_clamp_scalar(at::TensorIteratorBase&, c10::Scalar, c10::Scalar, at::native::detail::ClampLimits)::{lambda()#1}::operator()() const::{lambda()#7}::operator()() const::{lambda(float)#1}, std::array<char*, 2ul> >(int, at::native::(anonymous namespace)::launch_clamp_scalar(at::TensorIteratorBase&, c10::Scalar, c10::Scalar, at::native::detail::ClampLimits)::{lambda()#1}::operator()() const::{lambda()#7}::operator()() const::{lambda(float)#1}, std::array<char*, 2ul>)",1,151.23046875
384,32,relu6,"void at::native::vectorized_elementwise_kernel<4, at::native::(anonymous namespace)::launch_clamp_scalar(at::TensorIteratorBase&, c10::Scalar, c10::Scalar, at::native::detail::ClampLimits)::{lambda()#1}::operator()() const::{lambda()#7}::operator()() const::{lambda(float)#1}, std::array<char*, 2ul> >(int, at::native::(anonymous namespace)::launch_clamp_scalar(at::TensorIteratorBase&, c10::Scalar, c10::Scalar, at::native::detail::ClampLimits)::{lambda()#1}::operator()() const::{lambda()#7}::operator()() const::{lambda(float)#1}, std::array<char*, 2ul>)",1,314.62109375
384,32,relu7,"void at::native::vectorized_elementwise_kernel<4, at::native::(anonymous namespace)::launch_clamp_scalar(at::TensorIteratorBase&, c10::Scalar, c10::Scalar, at::native::detail::ClampLimits)::{lambda()#1}::operator()() const::{lambda()#7}::operator()() const::{lambda(float)#1}, std::array<char*, 2ul> >(int, at::native::(anonymous namespace)::launch_clamp_scalar(at::TensorIteratorBase&, c10::Scalar, c10::Scalar, at::native::detail::ClampLimits)::{lambda()#1}::operator()() const::{lambda()#7}::operator()() const::{lambda(float)#1}, std::array<char*, 2ul>)",1,2.3359375
384,64,conv1_7x7_s2,_5x_cudnn_volta_scudnn_128x32_relu_medium_nn_v1,1,7784.177734375
384,64,conv2_5x5,"void cudnn::winograd_nonfused::winogradForwardData9x9_5x5<float, float>(cudnn::winograd_nonfused::WinogradDataParams<float, float>)",1,2763.4814453125
384,64,conv2_5x5,"void cudnn::winograd_nonfused::winogradForwardFilter9x9_5x5<float, float>(cudnn::winograd_nonfused::WinogradFilterParams<float, float>)",1,10.20703125
384,64,conv2_5x5,"void cudnn::winograd_nonfused::winogradForwardOutput9x9_5x5<float, float>(cudnn::winograd_nonfused::WinogradOutputParams<float, float>)",1,3757.1630859375
384,64,conv2_5x5,volta_sgemm_128x64_nn,1,2375.1025390625
384,64,conv3_3x3_s2,_5x_cudnn_volta_scudnn_128x128_relu_medium_nn_v1,1,5000.9853515625
384,64,conv3_3x3_s2,"void cask__5x_cudnn::computeOffsetsKernel<false, false>(cask__5x_cudnn::ComputeOffsetsParams)",1,3.3916015625
384,64,conv4_1x1,volta_sgemm_128x64_nn,1,2386.271484375
384,64,conv5_3x3_s2,_5x_cudnn_volta_scudnn_128x64_relu_xregs_large_nn_v1,1,10129.7763671875
384,64,conv5_3x3_s2,"void cask__5x_cudnn::computeOffsetsKernel<false, false>(cask__5x_cudnn::ComputeOffsetsParams)",1,3.2958984375
384,64,conv6_1x1,_5x_cudnn_volta_scudnn_128x128_relu_medium_nn_v1,1,2309.375
384,64,conv6_1x1,"void cask__5x_cudnn::computeOffsetsKernel<false, false>(cask__5x_cudnn::ComputeOffsetsParams)",1,3.2958984375
384,64,fc1,"void cublasLt::splitKreduce_kernel<32, 16, int, float, float, float, float, false, float, float, float, true, true, false>(cublasLt::cublasSplitKParams<float>, float const*, float const*, float*, float*, float const*, float const*, float const*, float const*, float*, void*, long, float*, int*, float*, float*, float const*, float const*, float const*, float const*, float const*)",1,4.095703125
384,64,fc1,volta_sgemm_64x32_sliced1x4_tn,1,17.3759765625
384,64,fc2,volta_sgemm_32x32_sliced1x4_tn,1,17.0869140625
384,64,gap,"void at::native::reduce_kernel<512, 1, at::native::ReduceOp<float, at::native::MeanOps<float, float, float, float>, unsigned int, float, 4, 4> >(at::native::ReduceOp<float, at::native::MeanOps<float, float, float, float>, unsigned int, float, 4, 4>)",1,313.0830078125
384,64,maxpool1,"void at::native::(anonymous namespace)::max_pool_forward_nchw<float, int>(int, float const*, long, long, long, int, int, int, int, int, int, int, int, int, int, float*, long*)",1,2669.306640625
384,64,relu1,"void at::native::vectorized_elementwise_kernel<4, at::native::(anonymous namespace)::launch_clamp_scalar(at::TensorIteratorBase&, c10::Scalar, c10::Scalar, at::native::detail::ClampLimits)::{lambda()#1}::operator()() const::{lambda()#7}::operator()() const::{lambda(float)#1}, std::array<char*, 2ul> >(int, at::native::(anonymous namespace)::launch_clamp_scalar(at::TensorIteratorBase&, c10::Scalar, c10::Scalar, at::native::detail::ClampLimits)::{lambda()#1}::operator()() const::{lambda()#7}::operator()() const::{lambda(float)#1}, std::array<char*, 2ul>)",1,2513.5322265625
384,64,relu2,"void at::native::vectorized_elementwise_kernel<4, at::native::(anonymous namespace)::launch_clamp_scalar(at::TensorIteratorBase&, c10::Scalar, c10::Scalar, at::native::detail::ClampLimits)::{lambda()#1}::operator()() const::{lambda()#7}::operator()() const::{lambda(float)#1}, std::array<char*, 2ul> >(int, at::native::(anonymous namespace)::launch_clamp_scalar(at::TensorIteratorBase&, c10::Scalar, c10::Scalar, at::native::detail::ClampLimits)::{lambda()#1}::operator()() const::{lambda()#7}::operator()() const::{lambda(float)#1}, std::array<char*, 2ul>)",1,1255.0859375
384,64,relu3,"void at::native::vectorized_elementwise_kernel<4, at::native::(anonymous namespace)::launch_clamp_scalar(at::TensorIteratorBase&, c10::Scalar, c10::Scalar, at::native::detail::ClampLimits)::{lambda()#1}::operator()() const::{lambda()#7}::operator()() const::{lambda(float)#1}, std::array<char*, 2ul> >(int, at::native::(anonymous namespace)::launch_clamp_scalar(at::TensorIteratorBase&, c10::Scalar, c10::Scalar, at::native::detail::ClampLimits)::{lambda()#1}::operator()() const::{lambda()#7}::operator()() const::{lambda(float)#1}, std::array<char*, 2ul>)",1,628.6953125
384,64,relu4,"void at::native::vectorized_elementwise_kernel<4, at::native::(anonymous namespace)::launch_clamp_scalar(at::TensorIteratorBase&, c10::Scalar, c10::Scalar, at::native::detail::ClampLimits)::{lambda()#1}::operator()() const::{lambda()#7}::operator()() const::{lambda(float)#1}, std::array<char*, 2ul> >(int, at::native::(anonymous namespace)::launch_clamp_scalar(at::TensorIteratorBase&, c10::Scalar, c10::Scalar, at::native::detail::ClampLimits)::{lambda()#1}::operator()() const::{lambda()#7}::operator()() const::{lambda(float)#1}, std::array<char*, 2ul>)",1,1255.24609375
384,64,relu5,"void at::native::vectorized_elementwise_kernel<4, at::native::(anonymous namespace)::launch_clamp_scalar(at::TensorIteratorBase&, c10::Scalar, c10::Scalar, at::native::detail::ClampLimits)::{lambda()#1}::operator()() const::{lambda()#7}::operator()() const::{lambda(float)#1}, std::array<char*, 2ul> >(int, at::native::(anonymous namespace)::launch_clamp_scalar(at::TensorIteratorBase&, c10::Scalar, c10::Scalar, at::native::detail::ClampLimits)::{lambda()#1}::operator()() const::{lambda()#7}::operator()() const::{lambda(float)#1}, std::array<char*, 2ul>)",1,311.931640625
384,64,relu6,"void at::native::vectorized_elementwise_kernel<4, at::native::(anonymous namespace)::launch_clamp_scalar(at::TensorIteratorBase&, c10::Scalar, c10::Scalar, at::native::detail::ClampLimits)::{lambda()#1}::operator()() const::{lambda()#7}::operator()() const::{lambda(float)#1}, std::array<char*, 2ul> >(int, at::native::(anonymous namespace)::launch_clamp_scalar(at::TensorIteratorBase&, c10::Scalar, c10::Scalar, at::native::detail::ClampLimits)::{lambda()#1}::operator()() const::{lambda()#7}::operator()() const::{lambda(float)#1}, std::array<char*, 2ul>)",1,629.7841796875
384,64,relu7,"void at::native::vectorized_elementwise_kernel<4, at::native::(anonymous namespace)::launch_clamp_scalar(at::TensorIteratorBase&, c10::Scalar, c10::Scalar, at::native::detail::ClampLimits)::{lambda()#1}::operator()() const::{lambda()#7}::operator()() const::{lambda(float)#1}, std::array<char*, 2ul> >(int, at::native::(anonymous namespace)::launch_clamp_scalar(at::TensorIteratorBase&, c10::Scalar, c10::Scalar, at::native::detail::ClampLimits)::{lambda()#1}::operator()() const::{lambda()#7}::operator()() const::{lambda(float)#1}, std::array<char*, 2ul>)",1,2.49609375
384,111,conv1_7x7_s2,"void fft2d_c2r_32x32<float, true, false, 0u, false, false>(float*, float2 const*, int, int, int, int, int, int, int, int, int, float, float, cudnn::reduced_divisor, bool, float*, float*, int2, cudnnActivationStruct, int, int)",449,159.86974744223275
384,111,conv1_7x7_s2,"void fft2d_r2c_32x32<float, false, 0u, false>(float2*, float const*, int, int, int, int, int, int, int, int, int, cudnn::reduced_divisor, bool, int2, int, int)",449,38.866152213251674
384,111,conv1_7x7_s2,volta_gcgemm_32x32_nt,448,121.8567374093192
384,111,conv2_5x5,"void cudnn::winograd_nonfused::winogradForwardData9x9_5x5<float, float>(cudnn::winograd_nonfused::WinogradDataParams<float, float>)",1,4696.3642578125
384,111,conv2_5x5,"void cudnn::winograd_nonfused::winogradForwardFilter9x9_5x5<float, float>(cudnn::winograd_nonfused::WinogradFilterParams<float, float>)",1,9.34375
384,111,conv2_5x5,"void cudnn::winograd_nonfused::winogradForwardOutput9x9_5x5<float, float>(cudnn::winograd_nonfused::WinogradOutputParams<float, float>)",1,6160.220703125
384,111,conv2_5x5,volta_sgemm_128x64_nn,1,4519.6953125
384,111,conv3_3x3_s2,_5x_cudnn_volta_scudnn_128x128_relu_medium_nn_v1,1,7785.35546875
384,111,conv3_3x3_s2,"void cask__5x_cudnn::computeOffsetsKernel<false, false>(cask__5x_cudnn::ComputeOffsetsParams)",1,3.103515625
384,111,conv4_1x1,volta_sgemm_128x64_nn,1,4000.8837890625
384,111,conv5_3x3_s2,_5x_cudnn_volta_scudnn_128x64_relu_xregs_large_nn_v1,1,17373.5068359375
384,111,conv5_3x3_s2,"void cask__5x_cudnn::computeOffsetsKernel<false, false>(cask__5x_cudnn::ComputeOffsetsParams)",1,3.2958984375
384,111,conv6_1x1,_5x_cudnn_volta_scudnn_128x128_relu_medium_nn_v1,1,4178.9951171875
384,111,conv6_1x1,"void cask__5x_cudnn::computeOffsetsKernel<false, false>(cask__5x_cudnn::ComputeOffsetsParams)",1,3.423828125
384,111,fc1,"void cublasLt::splitKreduce_kernel<32, 16, int, float, float, float, float, false, float, float, float, true, true, false>(cublasLt::cublasSplitKParams<float>, float const*, float const*, float*, float*, float const*, float const*, float const*, float const*, float*, void*, long, float*, int*, float*, float*, float const*, float const*, float const*, float const*, float const*)",1,4.767578125
384,111,fc1,volta_sgemm_128x32_tn,1,24.7041015625
384,111,fc2,"void cublasLt::splitKreduce_kernel<32, 16, int, float, float, float, float, false, float, float, float, true, true, false>(cublasLt::cublasSplitKParams<float>, float const*, float const*, float*, float*, float const*, float const*, float const*, float const*, float*, void*, long, float*, int*, float*, float*, float const*, float const*, float const*, float const*, float const*)",1,3.8076171875
384,111,fc2,volta_sgemm_128x32_tn,1,12.255859375
384,111,gap,"void at::native::reduce_kernel<512, 1, at::native::ReduceOp<float, at::native::MeanOps<float, float, float, float>, unsigned int, float, 4, 4> >(at::native::ReduceOp<float, at::native::MeanOps<float, float, float, float>, unsigned int, float, 4, 4>)",1,527.0341796875
384,111,maxpool1,"void at::native::(anonymous namespace)::max_pool_forward_nchw<float, int>(int, float const*, long, long, long, int, int, int, int, int, int, int, int, int, int, float*, long*)",1,4087.283203125
384,111,relu1,"void at::native::vectorized_elementwise_kernel<4, at::native::(anonymous namespace)::launch_clamp_scalar(at::TensorIteratorBase&, c10::Scalar, c10::Scalar, at::native::detail::ClampLimits)::{lambda()#1}::operator()() const::{lambda()#7}::operator()() const::{lambda(float)#1}, std::array<char*, 2ul> >(int, at::native::(anonymous namespace)::launch_clamp_scalar(at::TensorIteratorBase&, c10::Scalar, c10::Scalar, at::native::detail::ClampLimits)::{lambda()#1}::operator()() const::{lambda()#7}::operator()() const::{lambda(float)#1}, std::array<char*, 2ul>)",1,4382.12890625
384,111,relu2,"void at::native::vectorized_elementwise_kernel<4, at::native::(anonymous namespace)::launch_clamp_scalar(at::TensorIteratorBase&, c10::Scalar, c10::Scalar, at::native::detail::ClampLimits)::{lambda()#1}::operator()() const::{lambda()#7}::operator()() const::{lambda(float)#1}, std::array<char*, 2ul> >(int, at::native::(anonymous namespace)::launch_clamp_scalar(at::TensorIteratorBase&, c10::Scalar, c10::Scalar, at::native::detail::ClampLimits)::{lambda()#1}::operator()() const::{lambda()#7}::operator()() const::{lambda(float)#1}, std::array<char*, 2ul>)",1,2188.4560546875
384,111,relu3,"void at::native::vectorized_elementwise_kernel<4, at::native::(anonymous namespace)::launch_clamp_scalar(at::TensorIteratorBase&, c10::Scalar, c10::Scalar, at::native::detail::ClampLimits)::{lambda()#1}::operator()() const::{lambda()#7}::operator()() const::{lambda(float)#1}, std::array<char*, 2ul> >(int, at::native::(anonymous namespace)::launch_clamp_scalar(at::TensorIteratorBase&, c10::Scalar, c10::Scalar, at::native::detail::ClampLimits)::{lambda()#1}::operator()() const::{lambda()#7}::operator()() const::{lambda(float)#1}, std::array<char*, 2ul>)",1,1091.4453125
384,111,relu4,"void at::native::vectorized_elementwise_kernel<4, at::native::(anonymous namespace)::launch_clamp_scalar(at::TensorIteratorBase&, c10::Scalar, c10::Scalar, at::native::detail::ClampLimits)::{lambda()#1}::operator()() const::{lambda()#7}::operator()() const::{lambda(float)#1}, std::array<char*, 2ul> >(int, at::native::(anonymous namespace)::launch_clamp_scalar(at::TensorIteratorBase&, c10::Scalar, c10::Scalar, at::native::detail::ClampLimits)::{lambda()#1}::operator()() const::{lambda()#7}::operator()() const::{lambda(float)#1}, std::array<char*, 2ul>)",1,2181.1279296875
384,111,relu5,"void at::native::vectorized_elementwise_kernel<4, at::native::(anonymous namespace)::launch_clamp_scalar(at::TensorIteratorBase&, c10::Scalar, c10::Scalar, at::native::detail::ClampLimits)::{lambda()#1}::operator()() const::{lambda()#7}::operator()() const::{lambda(float)#1}, std::array<char*, 2ul> >(int, at::native::(anonymous namespace)::launch_clamp_scalar(at::TensorIteratorBase&, c10::Scalar, c10::Scalar, at::native::detail::ClampLimits)::{lambda()#1}::operator()() const::{lambda()#7}::operator()() const::{lambda(float)#1}, std::array<char*, 2ul>)",1,538.0087890625
384,111,relu6,"void at::native::vectorized_elementwise_kernel<4, at::native::(anonymous namespace)::launch_clamp_scalar(at::TensorIteratorBase&, c10::Scalar, c10::Scalar, at::native::detail::ClampLimits)::{lambda()#1}::operator()() const::{lambda()#7}::operator()() const::{lambda(float)#1}, std::array<char*, 2ul> >(int, at::native::(anonymous namespace)::launch_clamp_scalar(at::TensorIteratorBase&, c10::Scalar, c10::Scalar, at::native::detail::ClampLimits)::{lambda()#1}::operator()() const::{lambda()#7}::operator()() const::{lambda(float)#1}, std::array<char*, 2ul>)",1,1091.31640625
384,111,relu7,"void at::native::vectorized_elementwise_kernel<4, at::native::(anonymous namespace)::launch_clamp_scalar(at::TensorIteratorBase&, c10::Scalar, c10::Scalar, at::native::detail::ClampLimits)::{lambda()#1}::operator()() const::{lambda()#7}::operator()() const::{lambda(float)#1}, std::array<char*, 2ul> >(int, at::native::(anonymous namespace)::launch_clamp_scalar(at::TensorIteratorBase&, c10::Scalar, c10::Scalar, at::native::detail::ClampLimits)::{lambda()#1}::operator()() const::{lambda()#7}::operator()() const::{lambda(float)#1}, std::array<char*, 2ul>)",1,2.9443359375
384,128,conv1_7x7_s2,"void fft2d_c2r_32x32<float, true, false, 0u, false, false>(float*, float2 const*, int, int, int, int, int, int, int, int, int, float, float, cudnn::reduced_divisor, bool, float*, float*, int2, cudnnActivationStruct, int, int)",449,185.18275203577394
384,128,conv1_7x7_s2,"void fft2d_r2c_32x32<float, false, 0u, false>(float2*, float const*, int, int, int, int, int, int, int, int, int, cudnn::reduced_divisor, bool, int2, int, int)",449,41.45090435342428
384,128,conv1_7x7_s2,volta_gcgemm_32x32_nt,448,136.4327348981585
384,128,conv2_5x5,"void cudnn::winograd_nonfused::winogradForwardData9x9_5x5<float, float>(cudnn::winograd_nonfused::WinogradDataParams<float, float>)",1,5452.357421875
384,128,conv2_5x5,"void cudnn::winograd_nonfused::winogradForwardFilter9x9_5x5<float, float>(cudnn::winograd_nonfused::WinogradFilterParams<float, float>)",1,9.4716796875
384,128,conv2_5x5,"void cudnn::winograd_nonfused::winogradForwardOutput9x9_5x5<float, float>(cudnn::winograd_nonfused::WinogradOutputParams<float, float>)",1,7218.8671875
384,128,conv2_5x5,volta_sgemm_128x64_nn,1,4744.171875
384,128,conv3_3x3_s2,_5x_cudnn_volta_scudnn_128x128_relu_medium_nn_v1,1,10030.4521484375
384,128,conv3_3x3_s2,"void cask__5x_cudnn::computeOffsetsKernel<false, false>(cask__5x_cudnn::ComputeOffsetsParams)",1,3.3603515625
384,128,conv4_1x1,volta_sgemm_128x64_nn,1,4753.2607421875
384,128,conv5_3x3_s2,_5x_cudnn_volta_scudnn_128x64_relu_xregs_large_nn_v1,1,20342.8212890625
384,128,conv5_3x3_s2,"void cask__5x_cudnn::computeOffsetsKernel<false, false>(cask__5x_cudnn::ComputeOffsetsParams)",1,3.3916015625
384,128,conv6_1x1,_5x_cudnn_volta_scudnn_128x128_relu_medium_nn_v1,1,5016.650390625
384,128,conv6_1x1,"void cask__5x_cudnn::computeOffsetsKernel<false, false>(cask__5x_cudnn::ComputeOffsetsParams)",1,3.51953125
384,128,fc1,"void cublasLt::splitKreduce_kernel<32, 16, int, float, float, float, float, false, float, float, float, true, true, false>(cublasLt::cublasSplitKParams<float>, float const*, float const*, float*, float*, float const*, float const*, float const*, float const*, float*, void*, long, float*, int*, float*, float*, float const*, float const*, float const*, float const*, float const*)",1,4.89453125
384,128,fc1,volta_sgemm_128x32_tn,1,25.82421875
384,128,fc2,"void cublasLt::splitKreduce_kernel<32, 16, int, float, float, float, float, false, float, float, float, true, true, false>(cublasLt::cublasSplitKParams<float>, float const*, float const*, float*, float*, float const*, float const*, float const*, float const*, float*, void*, long, float*, int*, float*, float*, float const*, float const*, float const*, float const*, float const*)",1,3.935546875
384,128,fc2,volta_sgemm_32x128_tn,1,13.34375
384,128,gap,"void at::native::reduce_kernel<512, 1, at::native::ReduceOp<float, at::native::MeanOps<float, float, float, float>, unsigned int, float, 4, 4> >(at::native::ReduceOp<float, at::native::MeanOps<float, float, float, float>, unsigned int, float, 4, 4>)",1,603.8017578125
384,128,maxpool1,"void at::native::(anonymous namespace)::max_pool_forward_nchw<float, int>(int, float const*, long, long, long, int, int, int, int, int, int, int, int, int, int, float*, long*)",1,4815.46875
384,128,relu1,"void at::native::vectorized_elementwise_kernel<4, at::native::(anonymous namespace)::launch_clamp_scalar(at::TensorIteratorBase&, c10::Scalar, c10::Scalar, at::native::detail::ClampLimits)::{lambda()#1}::operator()() const::{lambda()#7}::operator()() const::{lambda(float)#1}, std::array<char*, 2ul> >(int, at::native::(anonymous namespace)::launch_clamp_scalar(at::TensorIteratorBase&, c10::Scalar, c10::Scalar, at::native::detail::ClampLimits)::{lambda()#1}::operator()() const::{lambda()#7}::operator()() const::{lambda(float)#1}, std::array<char*, 2ul>)",1,5050.376953125
384,128,relu2,"void at::native::vectorized_elementwise_kernel<4, at::native::(anonymous namespace)::launch_clamp_scalar(at::TensorIteratorBase&, c10::Scalar, c10::Scalar, at::native::detail::ClampLimits)::{lambda()#1}::operator()() const::{lambda()#7}::operator()() const::{lambda(float)#1}, std::array<char*, 2ul> >(int, at::native::(anonymous namespace)::launch_clamp_scalar(at::TensorIteratorBase&, c10::Scalar, c10::Scalar, at::native::detail::ClampLimits)::{lambda()#1}::operator()() const::{lambda()#7}::operator()() const::{lambda(float)#1}, std::array<char*, 2ul>)",1,2514.5654296875
384,128,relu3,"void at::native::vectorized_elementwise_kernel<4, at::native::(anonymous namespace)::launch_clamp_scalar(at::TensorIteratorBase&, c10::Scalar, c10::Scalar, at::native::detail::ClampLimits)::{lambda()#1}::operator()() const::{lambda()#7}::operator()() const::{lambda(float)#1}, std::array<char*, 2ul> >(int, at::native::(anonymous namespace)::launch_clamp_scalar(at::TensorIteratorBase&, c10::Scalar, c10::Scalar, at::native::detail::ClampLimits)::{lambda()#1}::operator()() const::{lambda()#7}::operator()() const::{lambda(float)#1}, std::array<char*, 2ul>)",1,1253.5537109375
384,128,relu4,"void at::native::vectorized_elementwise_kernel<4, at::native::(anonymous namespace)::launch_clamp_scalar(at::TensorIteratorBase&, c10::Scalar, c10::Scalar, at::native::detail::ClampLimits)::{lambda()#1}::operator()() const::{lambda()#7}::operator()() const::{lambda(float)#1}, std::array<char*, 2ul> >(int, at::native::(anonymous namespace)::launch_clamp_scalar(at::TensorIteratorBase&, c10::Scalar, c10::Scalar, at::native::detail::ClampLimits)::{lambda()#1}::operator()() const::{lambda()#7}::operator()() const::{lambda(float)#1}, std::array<char*, 2ul>)",1,2512.8359375
384,128,relu5,"void at::native::vectorized_elementwise_kernel<4, at::native::(anonymous namespace)::launch_clamp_scalar(at::TensorIteratorBase&, c10::Scalar, c10::Scalar, at::native::detail::ClampLimits)::{lambda()#1}::operator()() const::{lambda()#7}::operator()() const::{lambda(float)#1}, std::array<char*, 2ul> >(int, at::native::(anonymous namespace)::launch_clamp_scalar(at::TensorIteratorBase&, c10::Scalar, c10::Scalar, at::native::detail::ClampLimits)::{lambda()#1}::operator()() const::{lambda()#7}::operator()() const::{lambda(float)#1}, std::array<char*, 2ul>)",1,622.712890625
384,128,relu6,"void at::native::vectorized_elementwise_kernel<4, at::native::(anonymous namespace)::launch_clamp_scalar(at::TensorIteratorBase&, c10::Scalar, c10::Scalar, at::native::detail::ClampLimits)::{lambda()#1}::operator()() const::{lambda()#7}::operator()() const::{lambda(float)#1}, std::array<char*, 2ul> >(int, at::native::(anonymous namespace)::launch_clamp_scalar(at::TensorIteratorBase&, c10::Scalar, c10::Scalar, at::native::detail::ClampLimits)::{lambda()#1}::operator()() const::{lambda()#7}::operator()() const::{lambda(float)#1}, std::array<char*, 2ul>)",1,1258.4501953125
384,128,relu7,"void at::native::vectorized_elementwise_kernel<4, at::native::(anonymous namespace)::launch_clamp_scalar(at::TensorIteratorBase&, c10::Scalar, c10::Scalar, at::native::detail::ClampLimits)::{lambda()#1}::operator()() const::{lambda()#7}::operator()() const::{lambda(float)#1}, std::array<char*, 2ul> >(int, at::native::(anonymous namespace)::launch_clamp_scalar(at::TensorIteratorBase&, c10::Scalar, c10::Scalar, at::native::detail::ClampLimits)::{lambda()#1}::operator()() const::{lambda()#7}::operator()() const::{lambda(float)#1}, std::array<char*, 2ul>)",1,2.751953125
384,133,conv1_7x7_s2,"void fft2d_c2r_32x32<float, true, false, 0u, false, false>(float*, float2 const*, int, int, int, int, int, int, int, int, int, float, float, cudnn::reduced_divisor, bool, float*, float*, int2, cudnnActivationStruct, int, int)",449,199.41216157433186
384,133,conv1_7x7_s2,"void fft2d_r2c_32x32<float, false, 0u, false>(float2*, float const*, int, int, int, int, int, int, int, int, int, cudnn::reduced_divisor, bool, int2, int, int)",448,40.41752406529018
384,133,conv1_7x7_s2,volta_gcgemm_32x32_nt,448,148.69999040876115
384,133,conv2_5x5,"void cudnn::winograd_nonfused::winogradForwardData9x9_5x5<float, float>(cudnn::winograd_nonfused::WinogradDataParams<float, float>)",1,6115.837890625
384,133,conv2_5x5,"void cudnn::winograd_nonfused::winogradForwardFilter9x9_5x5<float, float>(cudnn::winograd_nonfused::WinogradFilterParams<float, float>)",1,9.984375
384,133,conv2_5x5,"void cudnn::winograd_nonfused::winogradForwardOutput9x9_5x5<float, float>(cudnn::winograd_nonfused::WinogradOutputParams<float, float>)",1,8014.857421875
384,133,conv2_5x5,volta_sgemm_128x64_nn,1,5847.5517578125
384,133,conv3_3x3_s2,_5x_cudnn_volta_scudnn_128x128_relu_medium_nn_v1,1,10463.951171875
384,133,conv3_3x3_s2,"void cask__5x_cudnn::computeOffsetsKernel<false, false>(cask__5x_cudnn::ComputeOffsetsParams)",1,3.455078125
384,133,conv4_1x1,volta_sgemm_128x64_nn,1,4954.41015625
384,133,conv5_3x3_s2,_5x_cudnn_volta_scudnn_128x64_relu_xregs_large_nn_v1,1,21444.0869140625
384,133,conv5_3x3_s2,"void cask__5x_cudnn::computeOffsetsKernel<false, false>(cask__5x_cudnn::ComputeOffsetsParams)",1,3.3603515625
384,133,conv6_1x1,_5x_cudnn_volta_scudnn_128x128_relu_medium_nn_v1,1,5100.1689453125
384,133,conv6_1x1,"void cask__5x_cudnn::computeOffsetsKernel<false, false>(cask__5x_cudnn::ComputeOffsetsParams)",1,3.48828125
384,133,fc1,Memset (Device),1,0.7041015625
384,133,fc1,volta_sgemm_64x32_sliced1x4_tn,1,30.431640625
384,133,fc2,volta_sgemm_32x32_sliced1x4_tn,1,16.7041015625
384,133,gap,"void at::native::reduce_kernel<512, 1, at::native::ReduceOp<float, at::native::MeanOps<float, float, float, float>, unsigned int, float, 4, 4> >(at::native::ReduceOp<float, at::native::MeanOps<float, float, float, float>, unsigned int, float, 4, 4>)",1,627.9619140625
384,133,maxpool1,"void at::native::(anonymous namespace)::max_pool_forward_nchw<float, int>(int, float const*, long, long, long, int, int, int, int, int, int, int, int, int, int, float*, long*)",1,5025.0009765625
384,133,relu1,"void at::native::vectorized_elementwise_kernel<4, at::native::(anonymous namespace)::launch_clamp_scalar(at::TensorIteratorBase&, c10::Scalar, c10::Scalar, at::native::detail::ClampLimits)::{lambda()#1}::operator()() const::{lambda()#7}::operator()() const::{lambda(float)#1}, std::array<char*, 2ul> >(int, at::native::(anonymous namespace)::launch_clamp_scalar(at::TensorIteratorBase&, c10::Scalar, c10::Scalar, at::native::detail::ClampLimits)::{lambda()#1}::operator()() const::{lambda()#7}::operator()() const::{lambda(float)#1}, std::array<char*, 2ul>)",1,5243.4951171875
384,133,relu2,"void at::native::vectorized_elementwise_kernel<4, at::native::(anonymous namespace)::launch_clamp_scalar(at::TensorIteratorBase&, c10::Scalar, c10::Scalar, at::native::detail::ClampLimits)::{lambda()#1}::operator()() const::{lambda()#7}::operator()() const::{lambda(float)#1}, std::array<char*, 2ul> >(int, at::native::(anonymous namespace)::launch_clamp_scalar(at::TensorIteratorBase&, c10::Scalar, c10::Scalar, at::native::detail::ClampLimits)::{lambda()#1}::operator()() const::{lambda()#7}::operator()() const::{lambda(float)#1}, std::array<char*, 2ul>)",1,2604.740234375
384,133,relu3,"void at::native::vectorized_elementwise_kernel<4, at::native::(anonymous namespace)::launch_clamp_scalar(at::TensorIteratorBase&, c10::Scalar, c10::Scalar, at::native::detail::ClampLimits)::{lambda()#1}::operator()() const::{lambda()#7}::operator()() const::{lambda(float)#1}, std::array<char*, 2ul> >(int, at::native::(anonymous namespace)::launch_clamp_scalar(at::TensorIteratorBase&, c10::Scalar, c10::Scalar, at::native::detail::ClampLimits)::{lambda()#1}::operator()() const::{lambda()#7}::operator()() const::{lambda(float)#1}, std::array<char*, 2ul>)",1,1302.7060546875
384,133,relu4,"void at::native::vectorized_elementwise_kernel<4, at::native::(anonymous namespace)::launch_clamp_scalar(at::TensorIteratorBase&, c10::Scalar, c10::Scalar, at::native::detail::ClampLimits)::{lambda()#1}::operator()() const::{lambda()#7}::operator()() const::{lambda(float)#1}, std::array<char*, 2ul> >(int, at::native::(anonymous namespace)::launch_clamp_scalar(at::TensorIteratorBase&, c10::Scalar, c10::Scalar, at::native::detail::ClampLimits)::{lambda()#1}::operator()() const::{lambda()#7}::operator()() const::{lambda(float)#1}, std::array<char*, 2ul>)",1,2612.611328125
384,133,relu5,"void at::native::vectorized_elementwise_kernel<4, at::native::(anonymous namespace)::launch_clamp_scalar(at::TensorIteratorBase&, c10::Scalar, c10::Scalar, at::native::detail::ClampLimits)::{lambda()#1}::operator()() const::{lambda()#7}::operator()() const::{lambda(float)#1}, std::array<char*, 2ul> >(int, at::native::(anonymous namespace)::launch_clamp_scalar(at::TensorIteratorBase&, c10::Scalar, c10::Scalar, at::native::detail::ClampLimits)::{lambda()#1}::operator()() const::{lambda()#7}::operator()() const::{lambda(float)#1}, std::array<char*, 2ul>)",1,648.537109375
384,133,relu6,"void at::native::vectorized_elementwise_kernel<4, at::native::(anonymous namespace)::launch_clamp_scalar(at::TensorIteratorBase&, c10::Scalar, c10::Scalar, at::native::detail::ClampLimits)::{lambda()#1}::operator()() const::{lambda()#7}::operator()() const::{lambda(float)#1}, std::array<char*, 2ul> >(int, at::native::(anonymous namespace)::launch_clamp_scalar(at::TensorIteratorBase&, c10::Scalar, c10::Scalar, at::native::detail::ClampLimits)::{lambda()#1}::operator()() const::{lambda()#7}::operator()() const::{lambda(float)#1}, std::array<char*, 2ul>)",1,1304.9453125
384,133,relu7,"void at::native::vectorized_elementwise_kernel<4, at::native::(anonymous namespace)::launch_clamp_scalar(at::TensorIteratorBase&, c10::Scalar, c10::Scalar, at::native::detail::ClampLimits)::{lambda()#1}::operator()() const::{lambda()#7}::operator()() const::{lambda(float)#1}, std::array<char*, 2ul> >(int, at::native::(anonymous namespace)::launch_clamp_scalar(at::TensorIteratorBase&, c10::Scalar, c10::Scalar, at::native::detail::ClampLimits)::{lambda()#1}::operator()() const::{lambda()#7}::operator()() const::{lambda(float)#1}, std::array<char*, 2ul>)",1,3.16796875
384,139,conv1_7x7_s2,"void fft2d_c2r_32x32<float, true, false, 0u, false, false>(float*, float2 const*, int, int, int, int, int, int, int, int, int, float, float, cudnn::reduced_divisor, bool, float*, float*, int2, cudnnActivationStruct, int, int)",449,207.60748059924833
384,139,conv1_7x7_s2,"void fft2d_r2c_32x32<float, false, 0u, false>(float2*, float const*, int, int, int, int, int, int, int, int, int, cudnn::reduced_divisor, bool, int2, int, int)",448,41.23466273716518
384,139,conv1_7x7_s2,volta_gcgemm_32x32_nt,448,145.92362104143416
384,139,conv2_5x5,"void cudnn::winograd_nonfused::winogradForwardData9x9_5x5<float, float>(cudnn::winograd_nonfused::WinogradDataParams<float, float>)",1,6129.244140625
384,139,conv2_5x5,"void cudnn::winograd_nonfused::winogradForwardFilter9x9_5x5<float, float>(cudnn::winograd_nonfused::WinogradFilterParams<float, float>)",1,9.4404296875
384,139,conv2_5x5,"void cudnn::winograd_nonfused::winogradForwardOutput9x9_5x5<float, float>(cudnn::winograd_nonfused::WinogradOutputParams<float, float>)",1,8009.2236328125
384,139,conv2_5x5,volta_sgemm_128x64_nn,1,5866.1435546875
384,139,conv3_3x3_s2,_5x_cudnn_volta_scudnn_128x128_relu_medium_nn_v1,1,10797.73828125
384,139,conv3_3x3_s2,"void cask__5x_cudnn::computeOffsetsKernel<false, false>(cask__5x_cudnn::ComputeOffsetsParams)",1,3.423828125
384,139,conv4_1x1,volta_sgemm_128x64_nn,1,5226.1826171875
384,139,conv5_3x3_s2,_5x_cudnn_volta_scudnn_128x64_relu_xregs_large_nn_v1,1,22460.1376953125
384,139,conv5_3x3_s2,"void cask__5x_cudnn::computeOffsetsKernel<false, false>(cask__5x_cudnn::ComputeOffsetsParams)",1,3.5517578125
384,139,conv6_1x1,_5x_cudnn_volta_scudnn_128x128_relu_medium_nn_v1,1,5652.8984375
384,139,conv6_1x1,"void cask__5x_cudnn::computeOffsetsKernel<false, false>(cask__5x_cudnn::ComputeOffsetsParams)",1,3.5517578125
384,139,fc1,Memset (Device),1,0.671875
384,139,fc1,volta_sgemm_64x32_sliced1x4_tn,1,32.287109375
384,139,fc2,volta_sgemm_32x32_sliced1x4_tn,1,17.50390625
384,139,gap,"void at::native::reduce_kernel<512, 1, at::native::ReduceOp<float, at::native::MeanOps<float, float, float, float>, unsigned int, float, 4, 4> >(at::native::ReduceOp<float, at::native::MeanOps<float, float, float, float>, unsigned int, float, 4, 4>)",1,655.193359375
384,139,maxpool1,"void at::native::(anonymous namespace)::max_pool_forward_nchw<float, int>(int, float const*, long, long, long, int, int, int, int, int, int, int, int, int, int, float*, long*)",1,5266.439453125
384,139,relu1,"void at::native::vectorized_elementwise_kernel<4, at::native::(anonymous namespace)::launch_clamp_scalar(at::TensorIteratorBase&, c10::Scalar, c10::Scalar, at::native::detail::ClampLimits)::{lambda()#1}::operator()() const::{lambda()#7}::operator()() const::{lambda(float)#1}, std::array<char*, 2ul> >(int, at::native::(anonymous namespace)::launch_clamp_scalar(at::TensorIteratorBase&, c10::Scalar, c10::Scalar, at::native::detail::ClampLimits)::{lambda()#1}::operator()() const::{lambda()#7}::operator()() const::{lambda(float)#1}, std::array<char*, 2ul>)",1,5482.72265625
384,139,relu2,"void at::native::vectorized_elementwise_kernel<4, at::native::(anonymous namespace)::launch_clamp_scalar(at::TensorIteratorBase&, c10::Scalar, c10::Scalar, at::native::detail::ClampLimits)::{lambda()#1}::operator()() const::{lambda()#7}::operator()() const::{lambda(float)#1}, std::array<char*, 2ul> >(int, at::native::(anonymous namespace)::launch_clamp_scalar(at::TensorIteratorBase&, c10::Scalar, c10::Scalar, at::native::detail::ClampLimits)::{lambda()#1}::operator()() const::{lambda()#7}::operator()() const::{lambda(float)#1}, std::array<char*, 2ul>)",1,2735.0419921875
384,139,relu3,"void at::native::vectorized_elementwise_kernel<4, at::native::(anonymous namespace)::launch_clamp_scalar(at::TensorIteratorBase&, c10::Scalar, c10::Scalar, at::native::detail::ClampLimits)::{lambda()#1}::operator()() const::{lambda()#7}::operator()() const::{lambda(float)#1}, std::array<char*, 2ul> >(int, at::native::(anonymous namespace)::launch_clamp_scalar(at::TensorIteratorBase&, c10::Scalar, c10::Scalar, at::native::detail::ClampLimits)::{lambda()#1}::operator()() const::{lambda()#7}::operator()() const::{lambda(float)#1}, std::array<char*, 2ul>)",1,1364.81640625
384,139,relu4,"void at::native::vectorized_elementwise_kernel<4, at::native::(anonymous namespace)::launch_clamp_scalar(at::TensorIteratorBase&, c10::Scalar, c10::Scalar, at::native::detail::ClampLimits)::{lambda()#1}::operator()() const::{lambda()#7}::operator()() const::{lambda(float)#1}, std::array<char*, 2ul> >(int, at::native::(anonymous namespace)::launch_clamp_scalar(at::TensorIteratorBase&, c10::Scalar, c10::Scalar, at::native::detail::ClampLimits)::{lambda()#1}::operator()() const::{lambda()#7}::operator()() const::{lambda(float)#1}, std::array<char*, 2ul>)",1,2726.59375
384,139,relu5,"void at::native::vectorized_elementwise_kernel<4, at::native::(anonymous namespace)::launch_clamp_scalar(at::TensorIteratorBase&, c10::Scalar, c10::Scalar, at::native::detail::ClampLimits)::{lambda()#1}::operator()() const::{lambda()#7}::operator()() const::{lambda(float)#1}, std::array<char*, 2ul> >(int, at::native::(anonymous namespace)::launch_clamp_scalar(at::TensorIteratorBase&, c10::Scalar, c10::Scalar, at::native::detail::ClampLimits)::{lambda()#1}::operator()() const::{lambda()#7}::operator()() const::{lambda(float)#1}, std::array<char*, 2ul>)",1,675.705078125
384,139,relu6,"void at::native::vectorized_elementwise_kernel<4, at::native::(anonymous namespace)::launch_clamp_scalar(at::TensorIteratorBase&, c10::Scalar, c10::Scalar, at::native::detail::ClampLimits)::{lambda()#1}::operator()() const::{lambda()#7}::operator()() const::{lambda(float)#1}, std::array<char*, 2ul> >(int, at::native::(anonymous namespace)::launch_clamp_scalar(at::TensorIteratorBase&, c10::Scalar, c10::Scalar, at::native::detail::ClampLimits)::{lambda()#1}::operator()() const::{lambda()#7}::operator()() const::{lambda(float)#1}, std::array<char*, 2ul>)",1,1360.9453125
384,139,relu7,"void at::native::vectorized_elementwise_kernel<4, at::native::(anonymous namespace)::launch_clamp_scalar(at::TensorIteratorBase&, c10::Scalar, c10::Scalar, at::native::detail::ClampLimits)::{lambda()#1}::operator()() const::{lambda()#7}::operator()() const::{lambda(float)#1}, std::array<char*, 2ul> >(int, at::native::(anonymous namespace)::launch_clamp_scalar(at::TensorIteratorBase&, c10::Scalar, c10::Scalar, at::native::detail::ClampLimits)::{lambda()#1}::operator()() const::{lambda()#7}::operator()() const::{lambda(float)#1}, std::array<char*, 2ul>)",1,3.48828125
384,256,conv1_7x7_s2,"void fft2d_c2r_32x32<float, true, false, 0u, false, false>(float*, float2 const*, int, int, int, int, int, int, int, int, int, float, float, cudnn::reduced_divisor, bool, float*, float*, int2, cudnnActivationStruct, int, int)",449,393.78463860662583
384,256,conv1_7x7_s2,"void fft2d_r2c_32x32<float, false, 0u, false>(float2*, float const*, int, int, int, int, int, int, int, int, int, cudnn::reduced_divisor, bool, int2, int, int)",447,84.56163048797539
384,256,conv1_7x7_s2,volta_gcgemm_32x32_nt,447,236.15744284815437
384,256,conv2_5x5,"void cudnn::winograd_nonfused::winogradForwardData9x9_5x5<float, float>(cudnn::winograd_nonfused::WinogradDataParams<float, float>)",1,10685.5458984375
384,256,conv2_5x5,"void cudnn::winograd_nonfused::winogradForwardFilter9x9_5x5<float, float>(cudnn::winograd_nonfused::WinogradFilterParams<float, float>)",1,9.5361328125
384,256,conv2_5x5,"void cudnn::winograd_nonfused::winogradForwardOutput9x9_5x5<float, float>(cudnn::winograd_nonfused::WinogradOutputParams<float, float>)",1,14243.0107421875
384,256,conv2_5x5,volta_sgemm_128x64_nn,1,9554.23046875
384,256,conv3_3x3_s2,_5x_cudnn_volta_scudnn_128x128_relu_medium_nn_v1,1,21539.794921875
384,256,conv3_3x3_s2,"void cask__5x_cudnn::computeOffsetsKernel<false, false>(cask__5x_cudnn::ComputeOffsetsParams)",1,3.6162109375
384,256,conv4_1x1,volta_sgemm_128x64_nn,1,9926.451171875
384,256,conv5_3x3_s2,_5x_cudnn_volta_scudnn_128x64_relu_xregs_large_nn_v1,1,43238.1787109375
384,256,conv5_3x3_s2,"void cask__5x_cudnn::computeOffsetsKernel<false, false>(cask__5x_cudnn::ComputeOffsetsParams)",1,3.4560546875
384,256,conv6_1x1,_5x_cudnn_volta_scudnn_128x64_relu_small_nn_v1,1,11177.220703125
384,256,conv6_1x1,"void cask__5x_cudnn::computeOffsetsKernel<false, false>(cask__5x_cudnn::ComputeOffsetsParams)",1,3.6484375
384,256,fc1,"void cublasLt::splitKreduce_kernel<32, 16, int, float, float, float, float, false, float, float, float, true, true, false>(cublasLt::cublasSplitKParams<float>, float const*, float const*, float*, float*, float const*, float const*, float const*, float const*, float*, void*, long, float*, int*, float*, float*, float const*, float const*, float const*, float const*, float const*)",1,8.2880859375
384,256,fc1,volta_sgemm_128x64_tn,1,40.51171875
384,256,fc2,"void cublasLt::splitKreduce_kernel<32, 16, int, float, float, float, float, false, float, float, float, true, true, false>(cublasLt::cublasSplitKParams<float>, float const*, float const*, float*, float*, float const*, float const*, float const*, float const*, float*, void*, long, float*, int*, float*, float*, float const*, float const*, float const*, float const*, float const*)",1,5.15234375
384,256,fc2,volta_sgemm_32x128_tn,1,18.0478515625
384,256,gap,"void at::native::reduce_kernel<512, 1, at::native::ReduceOp<float, at::native::MeanOps<float, float, float, float>, unsigned int, float, 4, 4> >(at::native::ReduceOp<float, at::native::MeanOps<float, float, float, float>, unsigned int, float, 4, 4>)",1,1186.546875
384,256,maxpool1,"void at::native::(anonymous namespace)::max_pool_forward_nchw<float, int>(int, float const*, long, long, long, int, int, int, int, int, int, int, int, int, int, float*, long*)",1,9425.7197265625
384,256,relu1,"void at::native::vectorized_elementwise_kernel<4, at::native::(anonymous namespace)::launch_clamp_scalar(at::TensorIteratorBase&, c10::Scalar, c10::Scalar, at::native::detail::ClampLimits)::{lambda()#1}::operator()() const::{lambda()#7}::operator()() const::{lambda(float)#1}, std::array<char*, 2ul> >(int, at::native::(anonymous namespace)::launch_clamp_scalar(at::TensorIteratorBase&, c10::Scalar, c10::Scalar, at::native::detail::ClampLimits)::{lambda()#1}::operator()() const::{lambda()#7}::operator()() const::{lambda(float)#1}, std::array<char*, 2ul>)",1,10065.392578125
384,256,relu2,"void at::native::vectorized_elementwise_kernel<4, at::native::(anonymous namespace)::launch_clamp_scalar(at::TensorIteratorBase&, c10::Scalar, c10::Scalar, at::native::detail::ClampLimits)::{lambda()#1}::operator()() const::{lambda()#7}::operator()() const::{lambda(float)#1}, std::array<char*, 2ul> >(int, at::native::(anonymous namespace)::launch_clamp_scalar(at::TensorIteratorBase&, c10::Scalar, c10::Scalar, at::native::detail::ClampLimits)::{lambda()#1}::operator()() const::{lambda()#7}::operator()() const::{lambda(float)#1}, std::array<char*, 2ul>)",1,5023.2724609375
384,256,relu3,"void at::native::vectorized_elementwise_kernel<4, at::native::(anonymous namespace)::launch_clamp_scalar(at::TensorIteratorBase&, c10::Scalar, c10::Scalar, at::native::detail::ClampLimits)::{lambda()#1}::operator()() const::{lambda()#7}::operator()() const::{lambda(float)#1}, std::array<char*, 2ul> >(int, at::native::(anonymous namespace)::launch_clamp_scalar(at::TensorIteratorBase&, c10::Scalar, c10::Scalar, at::native::detail::ClampLimits)::{lambda()#1}::operator()() const::{lambda()#7}::operator()() const::{lambda(float)#1}, std::array<char*, 2ul>)",1,2513.66796875
384,256,relu4,"void at::native::vectorized_elementwise_kernel<4, at::native::(anonymous namespace)::launch_clamp_scalar(at::TensorIteratorBase&, c10::Scalar, c10::Scalar, at::native::detail::ClampLimits)::{lambda()#1}::operator()() const::{lambda()#7}::operator()() const::{lambda(float)#1}, std::array<char*, 2ul> >(int, at::native::(anonymous namespace)::launch_clamp_scalar(at::TensorIteratorBase&, c10::Scalar, c10::Scalar, at::native::detail::ClampLimits)::{lambda()#1}::operator()() const::{lambda()#7}::operator()() const::{lambda(float)#1}, std::array<char*, 2ul>)",1,5019.015625
384,256,relu5,"void at::native::vectorized_elementwise_kernel<4, at::native::(anonymous namespace)::launch_clamp_scalar(at::TensorIteratorBase&, c10::Scalar, c10::Scalar, at::native::detail::ClampLimits)::{lambda()#1}::operator()() const::{lambda()#7}::operator()() const::{lambda(float)#1}, std::array<char*, 2ul> >(int, at::native::(anonymous namespace)::launch_clamp_scalar(at::TensorIteratorBase&, c10::Scalar, c10::Scalar, at::native::detail::ClampLimits)::{lambda()#1}::operator()() const::{lambda()#7}::operator()() const::{lambda(float)#1}, std::array<char*, 2ul>)",1,1245.841796875
384,256,relu6,"void at::native::vectorized_elementwise_kernel<4, at::native::(anonymous namespace)::launch_clamp_scalar(at::TensorIteratorBase&, c10::Scalar, c10::Scalar, at::native::detail::ClampLimits)::{lambda()#1}::operator()() const::{lambda()#7}::operator()() const::{lambda(float)#1}, std::array<char*, 2ul> >(int, at::native::(anonymous namespace)::launch_clamp_scalar(at::TensorIteratorBase&, c10::Scalar, c10::Scalar, at::native::detail::ClampLimits)::{lambda()#1}::operator()() const::{lambda()#7}::operator()() const::{lambda(float)#1}, std::array<char*, 2ul>)",1,2513.5078125
384,256,relu7,"void at::native::vectorized_elementwise_kernel<4, at::native::(anonymous namespace)::launch_clamp_scalar(at::TensorIteratorBase&, c10::Scalar, c10::Scalar, at::native::detail::ClampLimits)::{lambda()#1}::operator()() const::{lambda()#7}::operator()() const::{lambda(float)#1}, std::array<char*, 2ul> >(int, at::native::(anonymous namespace)::launch_clamp_scalar(at::TensorIteratorBase&, c10::Scalar, c10::Scalar, at::native::detail::ClampLimits)::{lambda()#1}::operator()() const::{lambda()#7}::operator()() const::{lambda(float)#1}, std::array<char*, 2ul>)",1,3.51953125
512,1,conv2_5x5,_5x_cudnn_volta_scudnn_128x64_relu_xregs_large_nn_v1,1,427.2568359375
512,1,conv2_5x5,"void cask__5x_cudnn::computeOffsetsKernel<false, false>(cask__5x_cudnn::ComputeOffsetsParams)",1,2.7197265625
512,1,conv3_3x3_s2,_5x_cudnn_volta_scudnn_128x128_relu_medium_nn_v1,1,153.951171875
512,1,conv3_3x3_s2,"void cask__5x_cudnn::computeOffsetsKernel<false, false>(cask__5x_cudnn::ComputeOffsetsParams)",1,3.16796875
512,1,conv4_1x1,volta_sgemm_128x128_nn,1,75.8076171875
512,1,conv5_3x3_s2,_5x_cudnn_volta_scudnn_128x64_relu_xregs_large_nn_v1,1,365.5947265625
512,1,conv5_3x3_s2,"void cask__5x_cudnn::computeOffsetsKernel<false, false>(cask__5x_cudnn::ComputeOffsetsParams)",1,3.232421875
512,1,conv6_1x1,volta_sgemm_128x64_nn,1,73.1513671875
512,1,fc1,"std::enable_if<!(false), void>::type internal::gemvx::kernel<int, int, float, float, float, float, false, true, true, false, 7, false, cublasGemvParamsEx<int, cublasGemvTensorStridedBatched<float const>, cublasGemvTensorStridedBatched<float const>, cublasGemvTensorStridedBatched<float>, float> >(cublasGemvParamsEx<int, cublasGemvTensorStridedBatched<float const>, cublasGemvTensorStridedBatched<float const>, cublasGemvTensorStridedBatched<float>, float>)",1,5.4404296875
512,1,fc2,"std::enable_if<!(false), void>::type internal::gemvx::kernel<int, int, float, float, float, float, false, true, true, false, 7, false, cublasGemvParamsEx<int, cublasGemvTensorStridedBatched<float const>, cublasGemvTensorStridedBatched<float const>, cublasGemvTensorStridedBatched<float>, float> >(cublasGemvParamsEx<int, cublasGemvTensorStridedBatched<float const>, cublasGemvTensorStridedBatched<float const>, cublasGemvTensorStridedBatched<float>, float>)",1,4.48046875
512,1,gap,"void at::native::reduce_kernel<512, 1, at::native::ReduceOp<float, at::native::MeanOps<float, float, float, float>, unsigned int, float, 4, 4> >(at::native::ReduceOp<float, at::native::MeanOps<float, float, float, float>, unsigned int, float, 4, 4>)",1,8.5439453125
512,1,maxpool1,"void at::native::(anonymous namespace)::max_pool_forward_nchw<float, int>(int, float const*, long, long, long, int, int, int, int, int, int, int, int, int, int, float*, long*)",1,70.20703125
512,1,relu2,"void at::native::vectorized_elementwise_kernel<4, at::native::(anonymous namespace)::launch_clamp_scalar(at::TensorIteratorBase&, c10::Scalar, c10::Scalar, at::native::detail::ClampLimits)::{lambda()#1}::operator()() const::{lambda()#7}::operator()() const::{lambda(float)#1}, std::array<char*, 2ul> >(int, at::native::(anonymous namespace)::launch_clamp_scalar(at::TensorIteratorBase&, c10::Scalar, c10::Scalar, at::native::detail::ClampLimits)::{lambda()#1}::operator()() const::{lambda()#7}::operator()() const::{lambda(float)#1}, std::array<char*, 2ul>)",1,21.8564453125
512,1,relu3,"void at::native::vectorized_elementwise_kernel<4, at::native::(anonymous namespace)::launch_clamp_scalar(at::TensorIteratorBase&, c10::Scalar, c10::Scalar, at::native::detail::ClampLimits)::{lambda()#1}::operator()() const::{lambda()#7}::operator()() const::{lambda(float)#1}, std::array<char*, 2ul> >(int, at::native::(anonymous namespace)::launch_clamp_scalar(at::TensorIteratorBase&, c10::Scalar, c10::Scalar, at::native::detail::ClampLimits)::{lambda()#1}::operator()() const::{lambda()#7}::operator()() const::{lambda(float)#1}, std::array<char*, 2ul>)",1,6.3037109375
512,1,relu4,"void at::native::vectorized_elementwise_kernel<4, at::native::(anonymous namespace)::launch_clamp_scalar(at::TensorIteratorBase&, c10::Scalar, c10::Scalar, at::native::detail::ClampLimits)::{lambda()#1}::operator()() const::{lambda()#7}::operator()() const::{lambda(float)#1}, std::array<char*, 2ul> >(int, at::native::(anonymous namespace)::launch_clamp_scalar(at::TensorIteratorBase&, c10::Scalar, c10::Scalar, at::native::detail::ClampLimits)::{lambda()#1}::operator()() const::{lambda()#7}::operator()() const::{lambda(float)#1}, std::array<char*, 2ul>)",1,33.15234375
512,1,relu5,"void at::native::vectorized_elementwise_kernel<4, at::native::(anonymous namespace)::launch_clamp_scalar(at::TensorIteratorBase&, c10::Scalar, c10::Scalar, at::native::detail::ClampLimits)::{lambda()#1}::operator()() const::{lambda()#7}::operator()() const::{lambda(float)#1}, std::array<char*, 2ul> >(int, at::native::(anonymous namespace)::launch_clamp_scalar(at::TensorIteratorBase&, c10::Scalar, c10::Scalar, at::native::detail::ClampLimits)::{lambda()#1}::operator()() const::{lambda()#7}::operator()() const::{lambda(float)#1}, std::array<char*, 2ul>)",1,4.255859375
512,1,relu6,"void at::native::vectorized_elementwise_kernel<4, at::native::(anonymous namespace)::launch_clamp_scalar(at::TensorIteratorBase&, c10::Scalar, c10::Scalar, at::native::detail::ClampLimits)::{lambda()#1}::operator()() const::{lambda()#7}::operator()() const::{lambda(float)#1}, std::array<char*, 2ul> >(int, at::native::(anonymous namespace)::launch_clamp_scalar(at::TensorIteratorBase&, c10::Scalar, c10::Scalar, at::native::detail::ClampLimits)::{lambda()#1}::operator()() const::{lambda()#7}::operator()() const::{lambda(float)#1}, std::array<char*, 2ul>)",1,9.3115234375
512,1,relu7,"void at::native::vectorized_elementwise_kernel<4, at::native::(anonymous namespace)::launch_clamp_scalar(at::TensorIteratorBase&, c10::Scalar, c10::Scalar, at::native::detail::ClampLimits)::{lambda()#1}::operator()() const::{lambda()#7}::operator()() const::{lambda(float)#1}, std::array<char*, 2ul> >(int, at::native::(anonymous namespace)::launch_clamp_scalar(at::TensorIteratorBase&, c10::Scalar, c10::Scalar, at::native::detail::ClampLimits)::{lambda()#1}::operator()() const::{lambda()#7}::operator()() const::{lambda(float)#1}, std::array<char*, 2ul>)",1,2.1123046875
512,2,conv2_5x5,_5x_cudnn_volta_scudnn_128x64_relu_xregs_large_nn_v1,1,810.775390625
512,2,conv2_5x5,"void cask__5x_cudnn::computeOffsetsKernel<false, false>(cask__5x_cudnn::ComputeOffsetsParams)",1,3.3916015625
512,2,conv3_3x3_s2,_5x_cudnn_volta_scudnn_128x128_relu_medium_nn_v1,1,334.5888671875
512,2,conv3_3x3_s2,"void cask__5x_cudnn::computeOffsetsKernel<false, false>(cask__5x_cudnn::ComputeOffsetsParams)",1,3.328125
512,2,conv4_1x1,volta_sgemm_128x64_nn,1,145.21484375
512,2,conv5_3x3_s2,_5x_cudnn_volta_scudnn_128x64_relu_xregs_large_nn_v1,1,681.6572265625
512,2,conv5_3x3_s2,"void cask__5x_cudnn::computeOffsetsKernel<false, false>(cask__5x_cudnn::ComputeOffsetsParams)",1,3.263671875
512,2,conv6_1x1,volta_sgemm_128x64_nn,1,153.501953125
512,2,fc1,"void gemmSN_TN_kernel<float, 128, 16, 2, 4, 2, 2, true, cublasGemvTensorStridedBatched<float const>, cublasGemvTensorStridedBatched<float const>, cublasGemvTensorStridedBatched<float> >(cublasGemmSmallNParams<cublasGemvTensorStridedBatched<float const>, cublasGemvTensorStridedBatched<float const>, cublasGemvTensorStridedBatched<float>, float>)",1,8.7998046875
512,2,fc2,"void gemmSN_TN_kernel<float, 128, 16, 2, 4, 2, 2, true, cublasGemvTensorStridedBatched<float const>, cublasGemvTensorStridedBatched<float const>, cublasGemvTensorStridedBatched<float> >(cublasGemmSmallNParams<cublasGemvTensorStridedBatched<float const>, cublasGemvTensorStridedBatched<float const>, cublasGemvTensorStridedBatched<float>, float>)",1,5.0244140625
512,2,gap,"void at::native::reduce_kernel<512, 1, at::native::ReduceOp<float, at::native::MeanOps<float, float, float, float>, unsigned int, float, 4, 4> >(at::native::ReduceOp<float, at::native::MeanOps<float, float, float, float>, unsigned int, float, 4, 4>)",1,12.767578125
512,2,maxpool1,"void at::native::(anonymous namespace)::max_pool_forward_nchw<float, int>(int, float const*, long, long, long, int, int, int, int, int, int, int, int, int, int, float*, long*)",1,142.8779296875
512,2,relu2,"void at::native::vectorized_elementwise_kernel<4, at::native::(anonymous namespace)::launch_clamp_scalar(at::TensorIteratorBase&, c10::Scalar, c10::Scalar, at::native::detail::ClampLimits)::{lambda()#1}::operator()() const::{lambda()#7}::operator()() const::{lambda(float)#1}, std::array<char*, 2ul> >(int, at::native::(anonymous namespace)::launch_clamp_scalar(at::TensorIteratorBase&, c10::Scalar, c10::Scalar, at::native::detail::ClampLimits)::{lambda()#1}::operator()() const::{lambda()#7}::operator()() const::{lambda(float)#1}, std::array<char*, 2ul>)",1,70.52734375
512,2,relu3,"void at::native::vectorized_elementwise_kernel<4, at::native::(anonymous namespace)::launch_clamp_scalar(at::TensorIteratorBase&, c10::Scalar, c10::Scalar, at::native::detail::ClampLimits)::{lambda()#1}::operator()() const::{lambda()#7}::operator()() const::{lambda(float)#1}, std::array<char*, 2ul> >(int, at::native::(anonymous namespace)::launch_clamp_scalar(at::TensorIteratorBase&, c10::Scalar, c10::Scalar, at::native::detail::ClampLimits)::{lambda()#1}::operator()() const::{lambda()#7}::operator()() const::{lambda(float)#1}, std::array<char*, 2ul>)",1,26.1748046875
512,2,relu4,"void at::native::vectorized_elementwise_kernel<4, at::native::(anonymous namespace)::launch_clamp_scalar(at::TensorIteratorBase&, c10::Scalar, c10::Scalar, at::native::detail::ClampLimits)::{lambda()#1}::operator()() const::{lambda()#7}::operator()() const::{lambda(float)#1}, std::array<char*, 2ul> >(int, at::native::(anonymous namespace)::launch_clamp_scalar(at::TensorIteratorBase&, c10::Scalar, c10::Scalar, at::native::detail::ClampLimits)::{lambda()#1}::operator()() const::{lambda()#7}::operator()() const::{lambda(float)#1}, std::array<char*, 2ul>)",1,70.0791015625
512,2,relu5,"void at::native::vectorized_elementwise_kernel<4, at::native::(anonymous namespace)::launch_clamp_scalar(at::TensorIteratorBase&, c10::Scalar, c10::Scalar, at::native::detail::ClampLimits)::{lambda()#1}::operator()() const::{lambda()#7}::operator()() const::{lambda(float)#1}, std::array<char*, 2ul> >(int, at::native::(anonymous namespace)::launch_clamp_scalar(at::TensorIteratorBase&, c10::Scalar, c10::Scalar, at::native::detail::ClampLimits)::{lambda()#1}::operator()() const::{lambda()#7}::operator()() const::{lambda(float)#1}, std::array<char*, 2ul>)",1,7.263671875
512,2,relu6,"void at::native::vectorized_elementwise_kernel<4, at::native::(anonymous namespace)::launch_clamp_scalar(at::TensorIteratorBase&, c10::Scalar, c10::Scalar, at::native::detail::ClampLimits)::{lambda()#1}::operator()() const::{lambda()#7}::operator()() const::{lambda(float)#1}, std::array<char*, 2ul> >(int, at::native::(anonymous namespace)::launch_clamp_scalar(at::TensorIteratorBase&, c10::Scalar, c10::Scalar, at::native::detail::ClampLimits)::{lambda()#1}::operator()() const::{lambda()#7}::operator()() const::{lambda(float)#1}, std::array<char*, 2ul>)",1,35.263671875
512,2,relu7,"void at::native::vectorized_elementwise_kernel<4, at::native::(anonymous namespace)::launch_clamp_scalar(at::TensorIteratorBase&, c10::Scalar, c10::Scalar, at::native::detail::ClampLimits)::{lambda()#1}::operator()() const::{lambda()#7}::operator()() const::{lambda(float)#1}, std::array<char*, 2ul> >(int, at::native::(anonymous namespace)::launch_clamp_scalar(at::TensorIteratorBase&, c10::Scalar, c10::Scalar, at::native::detail::ClampLimits)::{lambda()#1}::operator()() const::{lambda()#7}::operator()() const::{lambda(float)#1}, std::array<char*, 2ul>)",1,2.7841796875
512,4,conv2_5x5,_5x_cudnn_volta_scudnn_128x64_relu_xregs_large_nn_v1,1,1495.6953125
512,4,conv2_5x5,"void cask__5x_cudnn::computeOffsetsKernel<false, false>(cask__5x_cudnn::ComputeOffsetsParams)",1,3.3916015625
512,4,conv3_3x3_s2,_5x_cudnn_volta_scudnn_128x128_relu_medium_nn_v1,1,659.7373046875
512,4,conv3_3x3_s2,"void cask__5x_cudnn::computeOffsetsKernel<false, false>(cask__5x_cudnn::ComputeOffsetsParams)",1,3.2958984375
512,4,conv4_1x1,volta_sgemm_128x64_nn,1,264.7333984375
512,4,conv5_3x3_s2,_5x_cudnn_volta_scudnn_128x64_relu_xregs_large_nn_v1,1,1296.6904296875
512,4,conv5_3x3_s2,"void cask__5x_cudnn::computeOffsetsKernel<false, false>(cask__5x_cudnn::ComputeOffsetsParams)",1,3.16796875
512,4,conv6_1x1,volta_sgemm_128x64_nn,1,236.60546875
512,4,fc1,"void gemmSN_TN_kernel<float, 128, 16, 2, 4, 4, 4, true, cublasGemvTensorStridedBatched<float const>, cublasGemvTensorStridedBatched<float const>, cublasGemvTensorStridedBatched<float> >(cublasGemmSmallNParams<cublasGemvTensorStridedBatched<float const>, cublasGemvTensorStridedBatched<float const>, cublasGemvTensorStridedBatched<float>, float>)",1,7.83984375
512,4,fc2,"void gemmSN_TN_kernel<float, 128, 16, 2, 4, 4, 4, true, cublasGemvTensorStridedBatched<float const>, cublasGemvTensorStridedBatched<float const>, cublasGemvTensorStridedBatched<float> >(cublasGemmSmallNParams<cublasGemvTensorStridedBatched<float const>, cublasGemvTensorStridedBatched<float const>, cublasGemvTensorStridedBatched<float>, float>)",1,4.255859375
512,4,gap,"void at::native::reduce_kernel<512, 1, at::native::ReduceOp<float, at::native::MeanOps<float, float, float, float>, unsigned int, float, 4, 4> >(at::native::ReduceOp<float, at::native::MeanOps<float, float, float, float>, unsigned int, float, 4, 4>)",1,47.423828125
512,4,maxpool1,"void at::native::(anonymous namespace)::max_pool_forward_nchw<float, int>(int, float const*, long, long, long, int, int, int, int, int, int, int, int, int, int, float*, long*)",1,280.701171875
512,4,relu2,"void at::native::vectorized_elementwise_kernel<4, at::native::(anonymous namespace)::launch_clamp_scalar(at::TensorIteratorBase&, c10::Scalar, c10::Scalar, at::native::detail::ClampLimits)::{lambda()#1}::operator()() const::{lambda()#7}::operator()() const::{lambda(float)#1}, std::array<char*, 2ul> >(int, at::native::(anonymous namespace)::launch_clamp_scalar(at::TensorIteratorBase&, c10::Scalar, c10::Scalar, at::native::detail::ClampLimits)::{lambda()#1}::operator()() const::{lambda()#7}::operator()() const::{lambda(float)#1}, std::array<char*, 2ul>)",1,141.0234375
512,4,relu3,"void at::native::vectorized_elementwise_kernel<4, at::native::(anonymous namespace)::launch_clamp_scalar(at::TensorIteratorBase&, c10::Scalar, c10::Scalar, at::native::detail::ClampLimits)::{lambda()#1}::operator()() const::{lambda()#7}::operator()() const::{lambda(float)#1}, std::array<char*, 2ul> >(int, at::native::(anonymous namespace)::launch_clamp_scalar(at::TensorIteratorBase&, c10::Scalar, c10::Scalar, at::native::detail::ClampLimits)::{lambda()#1}::operator()() const::{lambda()#7}::operator()() const::{lambda(float)#1}, std::array<char*, 2ul>)",1,71.134765625
512,4,relu4,"void at::native::vectorized_elementwise_kernel<4, at::native::(anonymous namespace)::launch_clamp_scalar(at::TensorIteratorBase&, c10::Scalar, c10::Scalar, at::native::detail::ClampLimits)::{lambda()#1}::operator()() const::{lambda()#7}::operator()() const::{lambda(float)#1}, std::array<char*, 2ul> >(int, at::native::(anonymous namespace)::launch_clamp_scalar(at::TensorIteratorBase&, c10::Scalar, c10::Scalar, at::native::detail::ClampLimits)::{lambda()#1}::operator()() const::{lambda()#7}::operator()() const::{lambda(float)#1}, std::array<char*, 2ul>)",1,139.9345703125
512,4,relu5,"void at::native::vectorized_elementwise_kernel<4, at::native::(anonymous namespace)::launch_clamp_scalar(at::TensorIteratorBase&, c10::Scalar, c10::Scalar, at::native::detail::ClampLimits)::{lambda()#1}::operator()() const::{lambda()#7}::operator()() const::{lambda(float)#1}, std::array<char*, 2ul> >(int, at::native::(anonymous namespace)::launch_clamp_scalar(at::TensorIteratorBase&, c10::Scalar, c10::Scalar, at::native::detail::ClampLimits)::{lambda()#1}::operator()() const::{lambda()#7}::operator()() const::{lambda(float)#1}, std::array<char*, 2ul>)",1,26.7197265625
512,4,relu6,"void at::native::vectorized_elementwise_kernel<4, at::native::(anonymous namespace)::launch_clamp_scalar(at::TensorIteratorBase&, c10::Scalar, c10::Scalar, at::native::detail::ClampLimits)::{lambda()#1}::operator()() const::{lambda()#7}::operator()() const::{lambda(float)#1}, std::array<char*, 2ul> >(int, at::native::(anonymous namespace)::launch_clamp_scalar(at::TensorIteratorBase&, c10::Scalar, c10::Scalar, at::native::detail::ClampLimits)::{lambda()#1}::operator()() const::{lambda()#7}::operator()() const::{lambda(float)#1}, std::array<char*, 2ul>)",1,71.0712890625
512,4,relu7,"void at::native::vectorized_elementwise_kernel<4, at::native::(anonymous namespace)::launch_clamp_scalar(at::TensorIteratorBase&, c10::Scalar, c10::Scalar, at::native::detail::ClampLimits)::{lambda()#1}::operator()() const::{lambda()#7}::operator()() const::{lambda(float)#1}, std::array<char*, 2ul> >(int, at::native::(anonymous namespace)::launch_clamp_scalar(at::TensorIteratorBase&, c10::Scalar, c10::Scalar, at::native::detail::ClampLimits)::{lambda()#1}::operator()() const::{lambda()#7}::operator()() const::{lambda(float)#1}, std::array<char*, 2ul>)",1,2.3681640625
512,8,conv2_5x5,_5x_cudnn_volta_scudnn_128x64_relu_xregs_large_nn_v1,1,3053.498046875
512,8,conv2_5x5,"void cask__5x_cudnn::computeOffsetsKernel<false, false>(cask__5x_cudnn::ComputeOffsetsParams)",1,3.48828125
512,8,conv3_3x3_s2,_5x_cudnn_volta_scudnn_128x128_relu_medium_nn_v1,1,1183.1533203125
512,8,conv3_3x3_s2,"void cask__5x_cudnn::computeOffsetsKernel<false, false>(cask__5x_cudnn::ComputeOffsetsParams)",1,3.328125
512,8,conv4_1x1,volta_sgemm_128x64_nn,1,532.1220703125
512,8,conv5_3x3_s2,_5x_cudnn_volta_scudnn_128x64_relu_xregs_large_nn_v1,1,2383.875
512,8,conv5_3x3_s2,"void cask__5x_cudnn::computeOffsetsKernel<false, false>(cask__5x_cudnn::ComputeOffsetsParams)",1,3.263671875
512,8,conv6_1x1,volta_sgemm_128x64_nn,1,464.1220703125
512,8,fc1,"void gemmSN_TN_kernel<float, 128, 16, 2, 4, 8, 9, false, cublasGemvTensorStridedBatched<float const>, cublasGemvTensorStridedBatched<float const>, cublasGemvTensorStridedBatched<float> >(cublasGemmSmallNParams<cublasGemvTensorStridedBatched<float const>, cublasGemvTensorStridedBatched<float const>, cublasGemvTensorStridedBatched<float>, float>)",1,12.3203125
512,8,fc2,"void gemmSN_TN_kernel<float, 128, 16, 2, 4, 8, 9, false, cublasGemvTensorStridedBatched<float const>, cublasGemvTensorStridedBatched<float const>, cublasGemvTensorStridedBatched<float> >(cublasGemmSmallNParams<cublasGemvTensorStridedBatched<float const>, cublasGemvTensorStridedBatched<float const>, cublasGemvTensorStridedBatched<float>, float>)",1,6.49609375
512,8,gap,"void at::native::reduce_kernel<512, 1, at::native::ReduceOp<float, at::native::MeanOps<float, float, float, float>, unsigned int, float, 4, 4> >(at::native::ReduceOp<float, at::native::MeanOps<float, float, float, float>, unsigned int, float, 4, 4>)",1,82.6552734375
512,8,maxpool1,"void at::native::(anonymous namespace)::max_pool_forward_nchw<float, int>(int, float const*, long, long, long, int, int, int, int, int, int, int, int, int, int, float*, long*)",1,568.3447265625
512,8,relu2,"void at::native::vectorized_elementwise_kernel<4, at::native::(anonymous namespace)::launch_clamp_scalar(at::TensorIteratorBase&, c10::Scalar, c10::Scalar, at::native::detail::ClampLimits)::{lambda()#1}::operator()() const::{lambda()#7}::operator()() const::{lambda(float)#1}, std::array<char*, 2ul> >(int, at::native::(anonymous namespace)::launch_clamp_scalar(at::TensorIteratorBase&, c10::Scalar, c10::Scalar, at::native::detail::ClampLimits)::{lambda()#1}::operator()() const::{lambda()#7}::operator()() const::{lambda(float)#1}, std::array<char*, 2ul>)",1,279.388671875
512,8,relu3,"void at::native::vectorized_elementwise_kernel<4, at::native::(anonymous namespace)::launch_clamp_scalar(at::TensorIteratorBase&, c10::Scalar, c10::Scalar, at::native::detail::ClampLimits)::{lambda()#1}::operator()() const::{lambda()#7}::operator()() const::{lambda(float)#1}, std::array<char*, 2ul> >(int, at::native::(anonymous namespace)::launch_clamp_scalar(at::TensorIteratorBase&, c10::Scalar, c10::Scalar, at::native::detail::ClampLimits)::{lambda()#1}::operator()() const::{lambda()#7}::operator()() const::{lambda(float)#1}, std::array<char*, 2ul>)",1,138.75
512,8,relu4,"void at::native::vectorized_elementwise_kernel<4, at::native::(anonymous namespace)::launch_clamp_scalar(at::TensorIteratorBase&, c10::Scalar, c10::Scalar, at::native::detail::ClampLimits)::{lambda()#1}::operator()() const::{lambda()#7}::operator()() const::{lambda(float)#1}, std::array<char*, 2ul> >(int, at::native::(anonymous namespace)::launch_clamp_scalar(at::TensorIteratorBase&, c10::Scalar, c10::Scalar, at::native::detail::ClampLimits)::{lambda()#1}::operator()() const::{lambda()#7}::operator()() const::{lambda(float)#1}, std::array<char*, 2ul>)",1,280.732421875
512,8,relu5,"void at::native::vectorized_elementwise_kernel<4, at::native::(anonymous namespace)::launch_clamp_scalar(at::TensorIteratorBase&, c10::Scalar, c10::Scalar, at::native::detail::ClampLimits)::{lambda()#1}::operator()() const::{lambda()#7}::operator()() const::{lambda(float)#1}, std::array<char*, 2ul> >(int, at::native::(anonymous namespace)::launch_clamp_scalar(at::TensorIteratorBase&, c10::Scalar, c10::Scalar, at::native::detail::ClampLimits)::{lambda()#1}::operator()() const::{lambda()#7}::operator()() const::{lambda(float)#1}, std::array<char*, 2ul>)",1,63.359375
512,8,relu6,"void at::native::vectorized_elementwise_kernel<4, at::native::(anonymous namespace)::launch_clamp_scalar(at::TensorIteratorBase&, c10::Scalar, c10::Scalar, at::native::detail::ClampLimits)::{lambda()#1}::operator()() const::{lambda()#7}::operator()() const::{lambda(float)#1}, std::array<char*, 2ul> >(int, at::native::(anonymous namespace)::launch_clamp_scalar(at::TensorIteratorBase&, c10::Scalar, c10::Scalar, at::native::detail::ClampLimits)::{lambda()#1}::operator()() const::{lambda()#7}::operator()() const::{lambda(float)#1}, std::array<char*, 2ul>)",1,141.375
512,8,relu7,"void at::native::vectorized_elementwise_kernel<4, at::native::(anonymous namespace)::launch_clamp_scalar(at::TensorIteratorBase&, c10::Scalar, c10::Scalar, at::native::detail::ClampLimits)::{lambda()#1}::operator()() const::{lambda()#7}::operator()() const::{lambda(float)#1}, std::array<char*, 2ul> >(int, at::native::(anonymous namespace)::launch_clamp_scalar(at::TensorIteratorBase&, c10::Scalar, c10::Scalar, at::native::detail::ClampLimits)::{lambda()#1}::operator()() const::{lambda()#7}::operator()() const::{lambda(float)#1}, std::array<char*, 2ul>)",1,2.431640625
512,16,conv2_5x5,"void cudnn::winograd_nonfused::winogradForwardData9x9_5x5<float, float>(cudnn::winograd_nonfused::WinogradDataParams<float, float>)",1,1298.0029296875
512,16,conv2_5x5,"void cudnn::winograd_nonfused::winogradForwardFilter9x9_5x5<float, float>(cudnn::winograd_nonfused::WinogradFilterParams<float, float>)",1,10.0146484375
512,16,conv2_5x5,"void cudnn::winograd_nonfused::winogradForwardOutput9x9_5x5<float, float>(cudnn::winograd_nonfused::WinogradOutputParams<float, float>)",1,1718.349609375
512,16,conv2_5x5,volta_sgemm_128x64_nn,1,1167.31640625
512,16,conv3_3x3_s2,_5x_cudnn_volta_scudnn_128x128_relu_medium_nn_v1,1,2248.232421875
512,16,conv3_3x3_s2,"void cask__5x_cudnn::computeOffsetsKernel<false, false>(cask__5x_cudnn::ComputeOffsetsParams)",1,3.3916015625
512,16,conv4_1x1,volta_sgemm_128x64_nn,1,1078.6767578125
512,16,conv5_3x3_s2,_5x_cudnn_volta_scudnn_128x64_relu_xregs_large_nn_v1,1,4523.4404296875
512,16,conv5_3x3_s2,"void cask__5x_cudnn::computeOffsetsKernel<false, false>(cask__5x_cudnn::ComputeOffsetsParams)",1,3.3603515625
512,16,conv6_1x1,volta_sgemm_128x64_nn,1,987.6376953125
512,16,fc1,"void gemmSN_TN_kernel<float, 128, 16, 2, 4, 8, 9, false, cublasGemvTensorStridedBatched<float const>, cublasGemvTensorStridedBatched<float const>, cublasGemvTensorStridedBatched<float> >(cublasGemmSmallNParams<cublasGemvTensorStridedBatched<float const>, cublasGemvTensorStridedBatched<float const>, cublasGemvTensorStridedBatched<float>, float>)",1,15.2626953125
512,16,fc2,"void gemmSN_TN_kernel<float, 128, 16, 2, 4, 8, 9, false, cublasGemvTensorStridedBatched<float const>, cublasGemvTensorStridedBatched<float const>, cublasGemvTensorStridedBatched<float> >(cublasGemmSmallNParams<cublasGemvTensorStridedBatched<float const>, cublasGemvTensorStridedBatched<float const>, cublasGemvTensorStridedBatched<float>, float>)",1,7.072265625
512,16,gap,"void at::native::reduce_kernel<512, 1, at::native::ReduceOp<float, at::native::MeanOps<float, float, float, float>, unsigned int, float, 4, 4> >(at::native::ReduceOp<float, at::native::MeanOps<float, float, float, float>, unsigned int, float, 4, 4>)",1,145.470703125
512,16,maxpool1,"void at::native::(anonymous namespace)::max_pool_forward_nchw<float, int>(int, float const*, long, long, long, int, int, int, int, int, int, int, int, int, int, float*, long*)",1,1157.2998046875
512,16,relu2,"void at::native::vectorized_elementwise_kernel<4, at::native::(anonymous namespace)::launch_clamp_scalar(at::TensorIteratorBase&, c10::Scalar, c10::Scalar, at::native::detail::ClampLimits)::{lambda()#1}::operator()() const::{lambda()#7}::operator()() const::{lambda(float)#1}, std::array<char*, 2ul> >(int, at::native::(anonymous namespace)::launch_clamp_scalar(at::TensorIteratorBase&, c10::Scalar, c10::Scalar, at::native::detail::ClampLimits)::{lambda()#1}::operator()() const::{lambda()#7}::operator()() const::{lambda(float)#1}, std::array<char*, 2ul>)",1,556.73046875
512,16,relu3,"void at::native::vectorized_elementwise_kernel<4, at::native::(anonymous namespace)::launch_clamp_scalar(at::TensorIteratorBase&, c10::Scalar, c10::Scalar, at::native::detail::ClampLimits)::{lambda()#1}::operator()() const::{lambda()#7}::operator()() const::{lambda(float)#1}, std::array<char*, 2ul> >(int, at::native::(anonymous namespace)::launch_clamp_scalar(at::TensorIteratorBase&, c10::Scalar, c10::Scalar, at::native::detail::ClampLimits)::{lambda()#1}::operator()() const::{lambda()#7}::operator()() const::{lambda(float)#1}, std::array<char*, 2ul>)",1,281.0849609375
512,16,relu4,"void at::native::vectorized_elementwise_kernel<4, at::native::(anonymous namespace)::launch_clamp_scalar(at::TensorIteratorBase&, c10::Scalar, c10::Scalar, at::native::detail::ClampLimits)::{lambda()#1}::operator()() const::{lambda()#7}::operator()() const::{lambda(float)#1}, std::array<char*, 2ul> >(int, at::native::(anonymous namespace)::launch_clamp_scalar(at::TensorIteratorBase&, c10::Scalar, c10::Scalar, at::native::detail::ClampLimits)::{lambda()#1}::operator()() const::{lambda()#7}::operator()() const::{lambda(float)#1}, std::array<char*, 2ul>)",1,559.6103515625
512,16,relu5,"void at::native::vectorized_elementwise_kernel<4, at::native::(anonymous namespace)::launch_clamp_scalar(at::TensorIteratorBase&, c10::Scalar, c10::Scalar, at::native::detail::ClampLimits)::{lambda()#1}::operator()() const::{lambda()#7}::operator()() const::{lambda(float)#1}, std::array<char*, 2ul> >(int, at::native::(anonymous namespace)::launch_clamp_scalar(at::TensorIteratorBase&, c10::Scalar, c10::Scalar, at::native::detail::ClampLimits)::{lambda()#1}::operator()() const::{lambda()#7}::operator()() const::{lambda(float)#1}, std::array<char*, 2ul>)",1,135.26171875
512,16,relu6,"void at::native::vectorized_elementwise_kernel<4, at::native::(anonymous namespace)::launch_clamp_scalar(at::TensorIteratorBase&, c10::Scalar, c10::Scalar, at::native::detail::ClampLimits)::{lambda()#1}::operator()() const::{lambda()#7}::operator()() const::{lambda(float)#1}, std::array<char*, 2ul> >(int, at::native::(anonymous namespace)::launch_clamp_scalar(at::TensorIteratorBase&, c10::Scalar, c10::Scalar, at::native::detail::ClampLimits)::{lambda()#1}::operator()() const::{lambda()#7}::operator()() const::{lambda(float)#1}, std::array<char*, 2ul>)",1,281.5966796875
512,16,relu7,"void at::native::vectorized_elementwise_kernel<4, at::native::(anonymous namespace)::launch_clamp_scalar(at::TensorIteratorBase&, c10::Scalar, c10::Scalar, at::native::detail::ClampLimits)::{lambda()#1}::operator()() const::{lambda()#7}::operator()() const::{lambda(float)#1}, std::array<char*, 2ul> >(int, at::native::(anonymous namespace)::launch_clamp_scalar(at::TensorIteratorBase&, c10::Scalar, c10::Scalar, at::native::detail::ClampLimits)::{lambda()#1}::operator()() const::{lambda()#7}::operator()() const::{lambda(float)#1}, std::array<char*, 2ul>)",1,2.5595703125
512,32,conv2_5x5,"void cudnn::winograd_nonfused::winogradForwardData9x9_5x5<float, float>(cudnn::winograd_nonfused::WinogradDataParams<float, float>)",1,2600.9013671875
512,32,conv2_5x5,"void cudnn::winograd_nonfused::winogradForwardFilter9x9_5x5<float, float>(cudnn::winograd_nonfused::WinogradFilterParams<float, float>)",1,10.400390625
512,32,conv2_5x5,"void cudnn::winograd_nonfused::winogradForwardOutput9x9_5x5<float, float>(cudnn::winograd_nonfused::WinogradOutputParams<float, float>)",1,3475.1630859375
512,32,conv2_5x5,volta_sgemm_128x64_nn,1,2301.48046875
512,32,conv3_3x3_s2,_5x_cudnn_volta_scudnn_128x128_relu_medium_nn_v1,1,4521.7109375
512,32,conv3_3x3_s2,"void cask__5x_cudnn::computeOffsetsKernel<false, false>(cask__5x_cudnn::ComputeOffsetsParams)",1,3.48828125
512,32,conv4_1x1,volta_sgemm_128x64_nn,1,2144.392578125
512,32,conv5_3x3_s2,_5x_cudnn_volta_scudnn_128x64_relu_xregs_large_nn_v1,1,9040.896484375
512,32,conv5_3x3_s2,"void cask__5x_cudnn::computeOffsetsKernel<false, false>(cask__5x_cudnn::ComputeOffsetsParams)",1,3.48828125
512,32,conv6_1x1,_5x_cudnn_volta_scudnn_128x128_relu_medium_nn_v1,1,2086.986328125
512,32,conv6_1x1,"void cask__5x_cudnn::computeOffsetsKernel<false, false>(cask__5x_cudnn::ComputeOffsetsParams)",1,3.3916015625
512,32,fc1,"void cublasLt::splitKreduce_kernel<32, 16, int, float, float, float, float, false, float, float, float, true, true, false>(cublasLt::cublasSplitKParams<float>, float const*, float const*, float*, float*, float const*, float const*, float const*, float const*, float*, void*, long, float*, int*, float*, float*, float const*, float const*, float const*, float const*, float const*)",1,4.1923828125
512,32,fc1,volta_sgemm_64x32_sliced1x4_tn,1,15.0078125
512,32,fc2,volta_sgemm_32x32_sliced1x4_tn,1,17.3759765625
512,32,gap,"void at::native::reduce_kernel<512, 1, at::native::ReduceOp<float, at::native::MeanOps<float, float, float, float>, unsigned int, float, 4, 4> >(at::native::ReduceOp<float, at::native::MeanOps<float, float, float, float>, unsigned int, float, 4, 4>)",1,271.5810546875
512,32,maxpool1,"void at::native::(anonymous namespace)::max_pool_forward_nchw<float, int>(int, float const*, long, long, long, int, int, int, int, int, int, int, int, int, int, float*, long*)",1,2342.88671875
512,32,relu2,"void at::native::vectorized_elementwise_kernel<4, at::native::(anonymous namespace)::launch_clamp_scalar(at::TensorIteratorBase&, c10::Scalar, c10::Scalar, at::native::detail::ClampLimits)::{lambda()#1}::operator()() const::{lambda()#7}::operator()() const::{lambda(float)#1}, std::array<char*, 2ul> >(int, at::native::(anonymous namespace)::launch_clamp_scalar(at::TensorIteratorBase&, c10::Scalar, c10::Scalar, at::native::detail::ClampLimits)::{lambda()#1}::operator()() const::{lambda()#7}::operator()() const::{lambda(float)#1}, std::array<char*, 2ul>)",1,1112.8837890625
512,32,relu3,"void at::native::vectorized_elementwise_kernel<4, at::native::(anonymous namespace)::launch_clamp_scalar(at::TensorIteratorBase&, c10::Scalar, c10::Scalar, at::native::detail::ClampLimits)::{lambda()#1}::operator()() const::{lambda()#7}::operator()() const::{lambda(float)#1}, std::array<char*, 2ul> >(int, at::native::(anonymous namespace)::launch_clamp_scalar(at::TensorIteratorBase&, c10::Scalar, c10::Scalar, at::native::detail::ClampLimits)::{lambda()#1}::operator()() const::{lambda()#7}::operator()() const::{lambda(float)#1}, std::array<char*, 2ul>)",1,559.2265625
512,32,relu4,"void at::native::vectorized_elementwise_kernel<4, at::native::(anonymous namespace)::launch_clamp_scalar(at::TensorIteratorBase&, c10::Scalar, c10::Scalar, at::native::detail::ClampLimits)::{lambda()#1}::operator()() const::{lambda()#7}::operator()() const::{lambda(float)#1}, std::array<char*, 2ul> >(int, at::native::(anonymous namespace)::launch_clamp_scalar(at::TensorIteratorBase&, c10::Scalar, c10::Scalar, at::native::detail::ClampLimits)::{lambda()#1}::operator()() const::{lambda()#7}::operator()() const::{lambda(float)#1}, std::array<char*, 2ul>)",1,1117.236328125
512,32,relu5,"void at::native::vectorized_elementwise_kernel<4, at::native::(anonymous namespace)::launch_clamp_scalar(at::TensorIteratorBase&, c10::Scalar, c10::Scalar, at::native::detail::ClampLimits)::{lambda()#1}::operator()() const::{lambda()#7}::operator()() const::{lambda(float)#1}, std::array<char*, 2ul> >(int, at::native::(anonymous namespace)::launch_clamp_scalar(at::TensorIteratorBase&, c10::Scalar, c10::Scalar, at::native::detail::ClampLimits)::{lambda()#1}::operator()() const::{lambda()#7}::operator()() const::{lambda(float)#1}, std::array<char*, 2ul>)",1,275.9970703125
512,32,relu6,"void at::native::vectorized_elementwise_kernel<4, at::native::(anonymous namespace)::launch_clamp_scalar(at::TensorIteratorBase&, c10::Scalar, c10::Scalar, at::native::detail::ClampLimits)::{lambda()#1}::operator()() const::{lambda()#7}::operator()() const::{lambda(float)#1}, std::array<char*, 2ul> >(int, at::native::(anonymous namespace)::launch_clamp_scalar(at::TensorIteratorBase&, c10::Scalar, c10::Scalar, at::native::detail::ClampLimits)::{lambda()#1}::operator()() const::{lambda()#7}::operator()() const::{lambda(float)#1}, std::array<char*, 2ul>)",1,557.337890625
512,32,relu7,"void at::native::vectorized_elementwise_kernel<4, at::native::(anonymous namespace)::launch_clamp_scalar(at::TensorIteratorBase&, c10::Scalar, c10::Scalar, at::native::detail::ClampLimits)::{lambda()#1}::operator()() const::{lambda()#7}::operator()() const::{lambda(float)#1}, std::array<char*, 2ul> >(int, at::native::(anonymous namespace)::launch_clamp_scalar(at::TensorIteratorBase&, c10::Scalar, c10::Scalar, at::native::detail::ClampLimits)::{lambda()#1}::operator()() const::{lambda()#7}::operator()() const::{lambda(float)#1}, std::array<char*, 2ul>)",1,2.431640625
512,64,conv2_5x5,"void cudnn::winograd_nonfused::winogradForwardData9x9_5x5<float, float>(cudnn::winograd_nonfused::WinogradDataParams<float, float>)",1,5087.6865234375
512,64,conv2_5x5,"void cudnn::winograd_nonfused::winogradForwardFilter9x9_5x5<float, float>(cudnn::winograd_nonfused::WinogradFilterParams<float, float>)",1,10.240234375
512,64,conv2_5x5,"void cudnn::winograd_nonfused::winogradForwardOutput9x9_5x5<float, float>(cudnn::winograd_nonfused::WinogradOutputParams<float, float>)",1,6810.7080078125
512,64,conv2_5x5,volta_sgemm_128x64_nn,1,4491.9814453125
512,64,conv3_3x3_s2,_5x_cudnn_volta_scudnn_128x128_relu_medium_nn_v1,1,9084.6015625
512,64,conv3_3x3_s2,"void cask__5x_cudnn::computeOffsetsKernel<false, false>(cask__5x_cudnn::ComputeOffsetsParams)",1,3.263671875
512,64,conv4_1x1,volta_sgemm_128x64_nn,1,4295.4404296875
512,64,conv5_3x3_s2,_5x_cudnn_volta_scudnn_128x64_relu_xregs_large_nn_v1,1,18154.5478515625
512,64,conv5_3x3_s2,"void cask__5x_cudnn::computeOffsetsKernel<false, false>(cask__5x_cudnn::ComputeOffsetsParams)",1,3.4560546875
512,64,conv6_1x1,_5x_cudnn_volta_scudnn_128x128_relu_medium_nn_v1,1,4198.0009765625
512,64,conv6_1x1,"void cask__5x_cudnn::computeOffsetsKernel<false, false>(cask__5x_cudnn::ComputeOffsetsParams)",1,3.3916015625
512,64,fc1,"void cublasLt::splitKreduce_kernel<32, 16, int, float, float, float, float, false, float, float, float, true, true, false>(cublasLt::cublasSplitKParams<float>, float const*, float const*, float*, float*, float const*, float const*, float const*, float const*, float*, void*, long, float*, int*, float*, float*, float const*, float const*, float const*, float const*, float const*)",1,4.1923828125
512,64,fc1,volta_sgemm_64x32_sliced1x4_tn,1,17.6640625
512,64,fc2,volta_sgemm_32x32_sliced1x4_tn,1,17.4716796875
512,64,gap,"void at::native::reduce_kernel<512, 1, at::native::ReduceOp<float, at::native::MeanOps<float, float, float, float>, unsigned int, float, 4, 4> >(at::native::ReduceOp<float, at::native::MeanOps<float, float, float, float>, unsigned int, float, 4, 4>)",1,521.75390625
512,64,maxpool1,"void at::native::(anonymous namespace)::max_pool_forward_nchw<float, int>(int, float const*, long, long, long, int, int, int, int, int, int, int, int, int, int, float*, long*)",1,4588.7802734375
512,64,relu2,"void at::native::vectorized_elementwise_kernel<4, at::native::(anonymous namespace)::launch_clamp_scalar(at::TensorIteratorBase&, c10::Scalar, c10::Scalar, at::native::detail::ClampLimits)::{lambda()#1}::operator()() const::{lambda()#7}::operator()() const::{lambda(float)#1}, std::array<char*, 2ul> >(int, at::native::(anonymous namespace)::launch_clamp_scalar(at::TensorIteratorBase&, c10::Scalar, c10::Scalar, at::native::detail::ClampLimits)::{lambda()#1}::operator()() const::{lambda()#7}::operator()() const::{lambda(float)#1}, std::array<char*, 2ul>)",1,2226.53515625
512,64,relu3,"void at::native::vectorized_elementwise_kernel<4, at::native::(anonymous namespace)::launch_clamp_scalar(at::TensorIteratorBase&, c10::Scalar, c10::Scalar, at::native::detail::ClampLimits)::{lambda()#1}::operator()() const::{lambda()#7}::operator()() const::{lambda(float)#1}, std::array<char*, 2ul> >(int, at::native::(anonymous namespace)::launch_clamp_scalar(at::TensorIteratorBase&, c10::Scalar, c10::Scalar, at::native::detail::ClampLimits)::{lambda()#1}::operator()() const::{lambda()#7}::operator()() const::{lambda(float)#1}, std::array<char*, 2ul>)",1,1114.642578125
512,64,relu4,"void at::native::vectorized_elementwise_kernel<4, at::native::(anonymous namespace)::launch_clamp_scalar(at::TensorIteratorBase&, c10::Scalar, c10::Scalar, at::native::detail::ClampLimits)::{lambda()#1}::operator()() const::{lambda()#7}::operator()() const::{lambda(float)#1}, std::array<char*, 2ul> >(int, at::native::(anonymous namespace)::launch_clamp_scalar(at::TensorIteratorBase&, c10::Scalar, c10::Scalar, at::native::detail::ClampLimits)::{lambda()#1}::operator()() const::{lambda()#7}::operator()() const::{lambda(float)#1}, std::array<char*, 2ul>)",1,2231.52734375
512,64,relu5,"void at::native::vectorized_elementwise_kernel<4, at::native::(anonymous namespace)::launch_clamp_scalar(at::TensorIteratorBase&, c10::Scalar, c10::Scalar, at::native::detail::ClampLimits)::{lambda()#1}::operator()() const::{lambda()#7}::operator()() const::{lambda(float)#1}, std::array<char*, 2ul> >(int, at::native::(anonymous namespace)::launch_clamp_scalar(at::TensorIteratorBase&, c10::Scalar, c10::Scalar, at::native::detail::ClampLimits)::{lambda()#1}::operator()() const::{lambda()#7}::operator()() const::{lambda(float)#1}, std::array<char*, 2ul>)",1,551.1943359375
512,64,relu6,"void at::native::vectorized_elementwise_kernel<4, at::native::(anonymous namespace)::launch_clamp_scalar(at::TensorIteratorBase&, c10::Scalar, c10::Scalar, at::native::detail::ClampLimits)::{lambda()#1}::operator()() const::{lambda()#7}::operator()() const::{lambda(float)#1}, std::array<char*, 2ul> >(int, at::native::(anonymous namespace)::launch_clamp_scalar(at::TensorIteratorBase&, c10::Scalar, c10::Scalar, at::native::detail::ClampLimits)::{lambda()#1}::operator()() const::{lambda()#7}::operator()() const::{lambda(float)#1}, std::array<char*, 2ul>)",1,1119.3466796875
512,64,relu7,"void at::native::vectorized_elementwise_kernel<4, at::native::(anonymous namespace)::launch_clamp_scalar(at::TensorIteratorBase&, c10::Scalar, c10::Scalar, at::native::detail::ClampLimits)::{lambda()#1}::operator()() const::{lambda()#7}::operator()() const::{lambda(float)#1}, std::array<char*, 2ul> >(int, at::native::(anonymous namespace)::launch_clamp_scalar(at::TensorIteratorBase&, c10::Scalar, c10::Scalar, at::native::detail::ClampLimits)::{lambda()#1}::operator()() const::{lambda()#7}::operator()() const::{lambda(float)#1}, std::array<char*, 2ul>)",1,2.5595703125
512,111,conv1_7x7_s2,"void fft2d_c2r_32x32<float, true, false, 0u, false, false>(float*, float2 const*, int, int, int, int, int, int, int, int, int, float, float, cudnn::reduced_divisor, bool, float*, float*, int2, cudnnActivationStruct, int, int)",799,158.94827029881102
512,111,conv1_7x7_s2,"void fft2d_r2c_32x32<float, false, 0u, false>(float2*, float const*, int, int, int, int, int, int, int, int, int, cudnn::reduced_divisor, bool, int2, int, int)",797,37.36106223533563
512,111,conv1_7x7_s2,volta_gcgemm_32x32_nt,797,123.232421875
512,111,conv2_5x5,"void cudnn::winograd_nonfused::winogradForwardData9x9_5x5<float, float>(cudnn::winograd_nonfused::WinogradDataParams<float, float>)",1,8825.7197265625
512,111,conv2_5x5,"void cudnn::winograd_nonfused::winogradForwardFilter9x9_5x5<float, float>(cudnn::winograd_nonfused::WinogradFilterParams<float, float>)",1,9.82421875
512,111,conv2_5x5,"void cudnn::winograd_nonfused::winogradForwardOutput9x9_5x5<float, float>(cudnn::winograd_nonfused::WinogradOutputParams<float, float>)",1,11792.9814453125
512,111,conv2_5x5,volta_sgemm_128x64_nn,1,8517.947265625
512,111,conv3_3x3_s2,_5x_cudnn_volta_scudnn_128x128_relu_medium_nn_v1,1,15852.259765625
512,111,conv3_3x3_s2,"void cask__5x_cudnn::computeOffsetsKernel<false, false>(cask__5x_cudnn::ComputeOffsetsParams)",1,3.48828125
512,111,conv4_1x1,volta_sgemm_128x64_nn,1,7433.9599609375
512,111,conv5_3x3_s2,_5x_cudnn_volta_scudnn_128x64_relu_xregs_large_nn_v1,1,31124.2724609375
512,111,conv5_3x3_s2,"void cask__5x_cudnn::computeOffsetsKernel<false, false>(cask__5x_cudnn::ComputeOffsetsParams)",1,3.423828125
512,111,conv6_1x1,_5x_cudnn_volta_scudnn_128x128_relu_medium_nn_v1,1,7985.345703125
512,111,conv6_1x1,"void cask__5x_cudnn::computeOffsetsKernel<false, false>(cask__5x_cudnn::ComputeOffsetsParams)",1,3.583984375
512,111,fc1,"void cublasLt::splitKreduce_kernel<32, 16, int, float, float, float, float, false, float, float, float, true, true, false>(cublasLt::cublasSplitKParams<float>, float const*, float const*, float*, float*, float const*, float const*, float const*, float const*, float*, void*, long, float*, int*, float*, float*, float const*, float const*, float const*, float const*, float const*)",1,4.9921875
512,111,fc1,volta_sgemm_128x32_tn,1,26.0478515625
512,111,fc2,"void cublasLt::splitKreduce_kernel<32, 16, int, float, float, float, float, false, float, float, float, true, true, false>(cublasLt::cublasSplitKParams<float>, float const*, float const*, float*, float*, float const*, float const*, float const*, float const*, float*, void*, long, float*, int*, float*, float*, float const*, float const*, float const*, float const*, float const*)",1,3.8720703125
512,111,fc2,volta_sgemm_128x32_tn,1,12.9912109375
512,111,gap,"void at::native::reduce_kernel<512, 1, at::native::ReduceOp<float, at::native::MeanOps<float, float, float, float>, unsigned int, float, 4, 4> >(at::native::ReduceOp<float, at::native::MeanOps<float, float, float, float>, unsigned int, float, 4, 4>)",1,889.3984375
512,111,maxpool1,"void at::native::(anonymous namespace)::max_pool_forward_nchw<float, int>(int, float const*, long, long, long, int, int, int, int, int, int, int, int, int, int, float*, long*)",1,7602.982421875
512,111,relu1,"void at::native::vectorized_elementwise_kernel<4, at::native::(anonymous namespace)::launch_clamp_scalar(at::TensorIteratorBase&, c10::Scalar, c10::Scalar, at::native::detail::ClampLimits)::{lambda()#1}::operator()() const::{lambda()#7}::operator()() const::{lambda(float)#1}, std::array<char*, 2ul> >(int, at::native::(anonymous namespace)::launch_clamp_scalar(at::TensorIteratorBase&, c10::Scalar, c10::Scalar, at::native::detail::ClampLimits)::{lambda()#1}::operator()() const::{lambda()#7}::operator()() const::{lambda(float)#1}, std::array<char*, 2ul>)",1,7765.0595703125
512,111,relu2,"void at::native::vectorized_elementwise_kernel<4, at::native::(anonymous namespace)::launch_clamp_scalar(at::TensorIteratorBase&, c10::Scalar, c10::Scalar, at::native::detail::ClampLimits)::{lambda()#1}::operator()() const::{lambda()#7}::operator()() const::{lambda(float)#1}, std::array<char*, 2ul> >(int, at::native::(anonymous namespace)::launch_clamp_scalar(at::TensorIteratorBase&, c10::Scalar, c10::Scalar, at::native::detail::ClampLimits)::{lambda()#1}::operator()() const::{lambda()#7}::operator()() const::{lambda(float)#1}, std::array<char*, 2ul>)",1,3883.6982421875
512,111,relu3,"void at::native::vectorized_elementwise_kernel<4, at::native::(anonymous namespace)::launch_clamp_scalar(at::TensorIteratorBase&, c10::Scalar, c10::Scalar, at::native::detail::ClampLimits)::{lambda()#1}::operator()() const::{lambda()#7}::operator()() const::{lambda(float)#1}, std::array<char*, 2ul> >(int, at::native::(anonymous namespace)::launch_clamp_scalar(at::TensorIteratorBase&, c10::Scalar, c10::Scalar, at::native::detail::ClampLimits)::{lambda()#1}::operator()() const::{lambda()#7}::operator()() const::{lambda(float)#1}, std::array<char*, 2ul>)",1,1935.0166015625
512,111,relu4,"void at::native::vectorized_elementwise_kernel<4, at::native::(anonymous namespace)::launch_clamp_scalar(at::TensorIteratorBase&, c10::Scalar, c10::Scalar, at::native::detail::ClampLimits)::{lambda()#1}::operator()() const::{lambda()#7}::operator()() const::{lambda(float)#1}, std::array<char*, 2ul> >(int, at::native::(anonymous namespace)::launch_clamp_scalar(at::TensorIteratorBase&, c10::Scalar, c10::Scalar, at::native::detail::ClampLimits)::{lambda()#1}::operator()() const::{lambda()#7}::operator()() const::{lambda(float)#1}, std::array<char*, 2ul>)",1,3870.03515625
512,111,relu5,"void at::native::vectorized_elementwise_kernel<4, at::native::(anonymous namespace)::launch_clamp_scalar(at::TensorIteratorBase&, c10::Scalar, c10::Scalar, at::native::detail::ClampLimits)::{lambda()#1}::operator()() const::{lambda()#7}::operator()() const::{lambda(float)#1}, std::array<char*, 2ul> >(int, at::native::(anonymous namespace)::launch_clamp_scalar(at::TensorIteratorBase&, c10::Scalar, c10::Scalar, at::native::detail::ClampLimits)::{lambda()#1}::operator()() const::{lambda()#7}::operator()() const::{lambda(float)#1}, std::array<char*, 2ul>)",1,966.3876953125
512,111,relu6,"void at::native::vectorized_elementwise_kernel<4, at::native::(anonymous namespace)::launch_clamp_scalar(at::TensorIteratorBase&, c10::Scalar, c10::Scalar, at::native::detail::ClampLimits)::{lambda()#1}::operator()() const::{lambda()#7}::operator()() const::{lambda(float)#1}, std::array<char*, 2ul> >(int, at::native::(anonymous namespace)::launch_clamp_scalar(at::TensorIteratorBase&, c10::Scalar, c10::Scalar, at::native::detail::ClampLimits)::{lambda()#1}::operator()() const::{lambda()#7}::operator()() const::{lambda(float)#1}, std::array<char*, 2ul>)",1,1932.873046875
512,111,relu7,"void at::native::vectorized_elementwise_kernel<4, at::native::(anonymous namespace)::launch_clamp_scalar(at::TensorIteratorBase&, c10::Scalar, c10::Scalar, at::native::detail::ClampLimits)::{lambda()#1}::operator()() const::{lambda()#7}::operator()() const::{lambda(float)#1}, std::array<char*, 2ul> >(int, at::native::(anonymous namespace)::launch_clamp_scalar(at::TensorIteratorBase&, c10::Scalar, c10::Scalar, at::native::detail::ClampLimits)::{lambda()#1}::operator()() const::{lambda()#7}::operator()() const::{lambda(float)#1}, std::array<char*, 2ul>)",1,3.103515625
512,128,conv1_7x7_s2,"void fft2d_c2r_32x32<float, true, false, 0u, false, false>(float*, float2 const*, int, int, int, int, int, int, int, int, int, float, float, cudnn::reduced_divisor, bool, float*, float*, int2, cudnnActivationStruct, int, int)",799,185.91926309253753
512,128,conv1_7x7_s2,"void fft2d_r2c_32x32<float, false, 0u, false>(float2*, float const*, int, int, int, int, int, int, int, int, int, cudnn::reduced_divisor, bool, int2, int, int)",799,40.274119504849814
512,128,conv1_7x7_s2,"void fft2d_r2c_32x32<float, false, 1u, true>(float2*, float const*, int, int, int, int, int, int, int, int, int, cudnn::reduced_divisor, bool, int2, int, int)",1,19.16796875
512,128,conv1_7x7_s2,volta_gcgemm_32x32_nt,798,136.76230370848998
512,128,conv2_5x5,"void cudnn::winograd_nonfused::winogradForwardData9x9_5x5<float, float>(cudnn::winograd_nonfused::WinogradDataParams<float, float>)",1,9895.5986328125
512,128,conv2_5x5,"void cudnn::winograd_nonfused::winogradForwardFilter9x9_5x5<float, float>(cudnn::winograd_nonfused::WinogradFilterParams<float, float>)",1,9.4404296875
512,128,conv2_5x5,"void cudnn::winograd_nonfused::winogradForwardOutput9x9_5x5<float, float>(cudnn::winograd_nonfused::WinogradOutputParams<float, float>)",1,13375.2080078125
512,128,conv2_5x5,volta_sgemm_128x64_nn,1,8823.99609375
512,128,conv3_3x3_s2,_5x_cudnn_volta_scudnn_128x128_relu_medium_nn_v1,1,18567.1806640625
512,128,conv3_3x3_s2,"void cask__5x_cudnn::computeOffsetsKernel<false, false>(cask__5x_cudnn::ComputeOffsetsParams)",1,3.232421875
512,128,conv4_1x1,volta_sgemm_128x64_nn,1,8711.037109375
512,128,conv5_3x3_s2,_5x_cudnn_volta_scudnn_128x64_relu_xregs_large_nn_v1,1,36942.587890625
512,128,conv5_3x3_s2,"void cask__5x_cudnn::computeOffsetsKernel<false, false>(cask__5x_cudnn::ComputeOffsetsParams)",1,3.4560546875
512,128,conv6_1x1,_5x_cudnn_volta_scudnn_128x64_relu_small_nn_v1,1,9551.5068359375
512,128,conv6_1x1,"void cask__5x_cudnn::computeOffsetsKernel<false, false>(cask__5x_cudnn::ComputeOffsetsParams)",1,3.6162109375
512,128,fc1,"void cublasLt::splitKreduce_kernel<32, 16, int, float, float, float, float, false, float, float, float, true, true, false>(cublasLt::cublasSplitKParams<float>, float const*, float const*, float*, float*, float const*, float const*, float const*, float const*, float*, void*, long, float*, int*, float*, float*, float const*, float const*, float const*, float const*, float const*)",1,5.087890625
512,128,fc1,volta_sgemm_128x32_tn,1,27.48828125
512,128,fc2,"void cublasLt::splitKreduce_kernel<32, 16, int, float, float, float, float, false, float, float, float, true, true, false>(cublasLt::cublasSplitKParams<float>, float const*, float const*, float*, float*, float const*, float const*, float const*, float const*, float*, void*, long, float*, int*, float*, float*, float const*, float const*, float const*, float const*, float const*)",1,4.2236328125
512,128,fc2,volta_sgemm_32x128_tn,1,13.9189453125
512,128,gap,"void at::native::reduce_kernel<512, 1, at::native::ReduceOp<float, at::native::MeanOps<float, float, float, float>, unsigned int, float, 4, 4> >(at::native::ReduceOp<float, at::native::MeanOps<float, float, float, float>, unsigned int, float, 4, 4>)",1,1023.4765625
512,128,maxpool1,"void at::native::(anonymous namespace)::max_pool_forward_nchw<float, int>(int, float const*, long, long, long, int, int, int, int, int, int, int, int, int, int, float*, long*)",1,8602.71875
512,128,relu1,"void at::native::vectorized_elementwise_kernel<4, at::native::(anonymous namespace)::launch_clamp_scalar(at::TensorIteratorBase&, c10::Scalar, c10::Scalar, at::native::detail::ClampLimits)::{lambda()#1}::operator()() const::{lambda()#7}::operator()() const::{lambda(float)#1}, std::array<char*, 2ul> >(int, at::native::(anonymous namespace)::launch_clamp_scalar(at::TensorIteratorBase&, c10::Scalar, c10::Scalar, at::native::detail::ClampLimits)::{lambda()#1}::operator()() const::{lambda()#7}::operator()() const::{lambda(float)#1}, std::array<char*, 2ul>)",1,8957.177734375
512,128,relu2,"void at::native::vectorized_elementwise_kernel<4, at::native::(anonymous namespace)::launch_clamp_scalar(at::TensorIteratorBase&, c10::Scalar, c10::Scalar, at::native::detail::ClampLimits)::{lambda()#1}::operator()() const::{lambda()#7}::operator()() const::{lambda(float)#1}, std::array<char*, 2ul> >(int, at::native::(anonymous namespace)::launch_clamp_scalar(at::TensorIteratorBase&, c10::Scalar, c10::Scalar, at::native::detail::ClampLimits)::{lambda()#1}::operator()() const::{lambda()#7}::operator()() const::{lambda(float)#1}, std::array<char*, 2ul>)",1,4483.0859375
512,128,relu3,"void at::native::vectorized_elementwise_kernel<4, at::native::(anonymous namespace)::launch_clamp_scalar(at::TensorIteratorBase&, c10::Scalar, c10::Scalar, at::native::detail::ClampLimits)::{lambda()#1}::operator()() const::{lambda()#7}::operator()() const::{lambda(float)#1}, std::array<char*, 2ul> >(int, at::native::(anonymous namespace)::launch_clamp_scalar(at::TensorIteratorBase&, c10::Scalar, c10::Scalar, at::native::detail::ClampLimits)::{lambda()#1}::operator()() const::{lambda()#7}::operator()() const::{lambda(float)#1}, std::array<char*, 2ul>)",1,2231.75
512,128,relu4,"void at::native::vectorized_elementwise_kernel<4, at::native::(anonymous namespace)::launch_clamp_scalar(at::TensorIteratorBase&, c10::Scalar, c10::Scalar, at::native::detail::ClampLimits)::{lambda()#1}::operator()() const::{lambda()#7}::operator()() const::{lambda(float)#1}, std::array<char*, 2ul> >(int, at::native::(anonymous namespace)::launch_clamp_scalar(at::TensorIteratorBase&, c10::Scalar, c10::Scalar, at::native::detail::ClampLimits)::{lambda()#1}::operator()() const::{lambda()#7}::operator()() const::{lambda(float)#1}, std::array<char*, 2ul>)",1,4466.158203125
512,128,relu5,"void at::native::vectorized_elementwise_kernel<4, at::native::(anonymous namespace)::launch_clamp_scalar(at::TensorIteratorBase&, c10::Scalar, c10::Scalar, at::native::detail::ClampLimits)::{lambda()#1}::operator()() const::{lambda()#7}::operator()() const::{lambda(float)#1}, std::array<char*, 2ul> >(int, at::native::(anonymous namespace)::launch_clamp_scalar(at::TensorIteratorBase&, c10::Scalar, c10::Scalar, at::native::detail::ClampLimits)::{lambda()#1}::operator()() const::{lambda()#7}::operator()() const::{lambda(float)#1}, std::array<char*, 2ul>)",1,1109.587890625
512,128,relu6,"void at::native::vectorized_elementwise_kernel<4, at::native::(anonymous namespace)::launch_clamp_scalar(at::TensorIteratorBase&, c10::Scalar, c10::Scalar, at::native::detail::ClampLimits)::{lambda()#1}::operator()() const::{lambda()#7}::operator()() const::{lambda(float)#1}, std::array<char*, 2ul> >(int, at::native::(anonymous namespace)::launch_clamp_scalar(at::TensorIteratorBase&, c10::Scalar, c10::Scalar, at::native::detail::ClampLimits)::{lambda()#1}::operator()() const::{lambda()#7}::operator()() const::{lambda(float)#1}, std::array<char*, 2ul>)",1,2226.9189453125
512,128,relu7,"void at::native::vectorized_elementwise_kernel<4, at::native::(anonymous namespace)::launch_clamp_scalar(at::TensorIteratorBase&, c10::Scalar, c10::Scalar, at::native::detail::ClampLimits)::{lambda()#1}::operator()() const::{lambda()#7}::operator()() const::{lambda(float)#1}, std::array<char*, 2ul> >(int, at::native::(anonymous namespace)::launch_clamp_scalar(at::TensorIteratorBase&, c10::Scalar, c10::Scalar, at::native::detail::ClampLimits)::{lambda()#1}::operator()() const::{lambda()#7}::operator()() const::{lambda(float)#1}, std::array<char*, 2ul>)",1,2.8798828125
512,133,conv1_7x7_s2,"void fft2d_c2r_32x32<float, true, false, 0u, false, false>(float*, float2 const*, int, int, int, int, int, int, int, int, int, float, float, cudnn::reduced_divisor, bool, float*, float*, int2, cudnnActivationStruct, int, int)",797,201.30280666758156
512,133,conv1_7x7_s2,"void fft2d_r2c_32x32<float, false, 0u, false>(float2*, float const*, int, int, int, int, int, int, int, int, int, cudnn::reduced_divisor, bool, int2, int, int)",797,40.318365501489964
512,133,conv1_7x7_s2,volta_gcgemm_32x32_nt,796,152.6289172915358
512,133,conv2_5x5,"void cudnn::winograd_nonfused::winogradForwardData9x9_5x5<float, float>(cudnn::winograd_nonfused::WinogradDataParams<float, float>)",1,11472.3828125
512,133,conv2_5x5,"void cudnn::winograd_nonfused::winogradForwardFilter9x9_5x5<float, float>(cudnn::winograd_nonfused::WinogradFilterParams<float, float>)",1,9.3759765625
512,133,conv2_5x5,"void cudnn::winograd_nonfused::winogradForwardOutput9x9_5x5<float, float>(cudnn::winograd_nonfused::WinogradOutputParams<float, float>)",1,15296.1796875
512,133,conv2_5x5,volta_sgemm_128x64_nn,1,10797.447265625
512,133,conv3_3x3_s2,_5x_cudnn_volta_scudnn_128x128_relu_medium_nn_v1,1,19009.224609375
512,133,conv3_3x3_s2,"void cask__5x_cudnn::computeOffsetsKernel<false, false>(cask__5x_cudnn::ComputeOffsetsParams)",1,3.3603515625
512,133,conv4_1x1,volta_sgemm_128x64_nn,1,8891.4521484375
512,133,conv5_3x3_s2,_5x_cudnn_volta_scudnn_128x64_relu_xregs_large_nn_v1,1,38114.291015625
512,133,conv5_3x3_s2,"void cask__5x_cudnn::computeOffsetsKernel<false, false>(cask__5x_cudnn::ComputeOffsetsParams)",1,3.48828125
512,133,conv6_1x1,_5x_cudnn_volta_scudnn_128x64_relu_small_nn_v1,1,9939.5986328125
512,133,conv6_1x1,"void cask__5x_cudnn::computeOffsetsKernel<false, false>(cask__5x_cudnn::ComputeOffsetsParams)",1,3.583984375
512,133,fc1,Memset (Device),1,0.7041015625
512,133,fc1,volta_sgemm_64x32_sliced1x4_tn,1,32.607421875
512,133,fc2,volta_sgemm_32x32_sliced1x4_tn,1,17.759765625
512,133,gap,"void at::native::reduce_kernel<512, 1, at::native::ReduceOp<float, at::native::MeanOps<float, float, float, float>, unsigned int, float, 4, 4> >(at::native::ReduceOp<float, at::native::MeanOps<float, float, float, float>, unsigned int, float, 4, 4>)",1,1062.29296875
512,133,maxpool1,"void at::native::(anonymous namespace)::max_pool_forward_nchw<float, int>(int, float const*, long, long, long, int, int, int, int, int, int, int, int, int, int, float*, long*)",1,9062.74609375
512,133,relu1,"void at::native::vectorized_elementwise_kernel<4, at::native::(anonymous namespace)::launch_clamp_scalar(at::TensorIteratorBase&, c10::Scalar, c10::Scalar, at::native::detail::ClampLimits)::{lambda()#1}::operator()() const::{lambda()#7}::operator()() const::{lambda(float)#1}, std::array<char*, 2ul> >(int, at::native::(anonymous namespace)::launch_clamp_scalar(at::TensorIteratorBase&, c10::Scalar, c10::Scalar, at::native::detail::ClampLimits)::{lambda()#1}::operator()() const::{lambda()#7}::operator()() const::{lambda(float)#1}, std::array<char*, 2ul>)",1,9305.6884765625
512,133,relu2,"void at::native::vectorized_elementwise_kernel<4, at::native::(anonymous namespace)::launch_clamp_scalar(at::TensorIteratorBase&, c10::Scalar, c10::Scalar, at::native::detail::ClampLimits)::{lambda()#1}::operator()() const::{lambda()#7}::operator()() const::{lambda(float)#1}, std::array<char*, 2ul> >(int, at::native::(anonymous namespace)::launch_clamp_scalar(at::TensorIteratorBase&, c10::Scalar, c10::Scalar, at::native::detail::ClampLimits)::{lambda()#1}::operator()() const::{lambda()#7}::operator()() const::{lambda(float)#1}, std::array<char*, 2ul>)",1,4627.98046875
512,133,relu3,"void at::native::vectorized_elementwise_kernel<4, at::native::(anonymous namespace)::launch_clamp_scalar(at::TensorIteratorBase&, c10::Scalar, c10::Scalar, at::native::detail::ClampLimits)::{lambda()#1}::operator()() const::{lambda()#7}::operator()() const::{lambda(float)#1}, std::array<char*, 2ul> >(int, at::native::(anonymous namespace)::launch_clamp_scalar(at::TensorIteratorBase&, c10::Scalar, c10::Scalar, at::native::detail::ClampLimits)::{lambda()#1}::operator()() const::{lambda()#7}::operator()() const::{lambda(float)#1}, std::array<char*, 2ul>)",1,2322.6943359375
512,133,relu4,"void at::native::vectorized_elementwise_kernel<4, at::native::(anonymous namespace)::launch_clamp_scalar(at::TensorIteratorBase&, c10::Scalar, c10::Scalar, at::native::detail::ClampLimits)::{lambda()#1}::operator()() const::{lambda()#7}::operator()() const::{lambda(float)#1}, std::array<char*, 2ul> >(int, at::native::(anonymous namespace)::launch_clamp_scalar(at::TensorIteratorBase&, c10::Scalar, c10::Scalar, at::native::detail::ClampLimits)::{lambda()#1}::operator()() const::{lambda()#7}::operator()() const::{lambda(float)#1}, std::array<char*, 2ul>)",1,4632.908203125
512,133,relu5,"void at::native::vectorized_elementwise_kernel<4, at::native::(anonymous namespace)::launch_clamp_scalar(at::TensorIteratorBase&, c10::Scalar, c10::Scalar, at::native::detail::ClampLimits)::{lambda()#1}::operator()() const::{lambda()#7}::operator()() const::{lambda(float)#1}, std::array<char*, 2ul> >(int, at::native::(anonymous namespace)::launch_clamp_scalar(at::TensorIteratorBase&, c10::Scalar, c10::Scalar, at::native::detail::ClampLimits)::{lambda()#1}::operator()() const::{lambda()#7}::operator()() const::{lambda(float)#1}, std::array<char*, 2ul>)",1,1153.1396484375
512,133,relu6,"void at::native::vectorized_elementwise_kernel<4, at::native::(anonymous namespace)::launch_clamp_scalar(at::TensorIteratorBase&, c10::Scalar, c10::Scalar, at::native::detail::ClampLimits)::{lambda()#1}::operator()() const::{lambda()#7}::operator()() const::{lambda(float)#1}, std::array<char*, 2ul> >(int, at::native::(anonymous namespace)::launch_clamp_scalar(at::TensorIteratorBase&, c10::Scalar, c10::Scalar, at::native::detail::ClampLimits)::{lambda()#1}::operator()() const::{lambda()#7}::operator()() const::{lambda(float)#1}, std::array<char*, 2ul>)",1,2324.7744140625
512,133,relu7,"void at::native::vectorized_elementwise_kernel<4, at::native::(anonymous namespace)::launch_clamp_scalar(at::TensorIteratorBase&, c10::Scalar, c10::Scalar, at::native::detail::ClampLimits)::{lambda()#1}::operator()() const::{lambda()#7}::operator()() const::{lambda(float)#1}, std::array<char*, 2ul> >(int, at::native::(anonymous namespace)::launch_clamp_scalar(at::TensorIteratorBase&, c10::Scalar, c10::Scalar, at::native::detail::ClampLimits)::{lambda()#1}::operator()() const::{lambda()#7}::operator()() const::{lambda(float)#1}, std::array<char*, 2ul>)",1,3.2958984375
512,139,conv1_7x7_s2,"void fft2d_c2r_32x32<float, true, false, 0u, false, false>(float*, float2 const*, int, int, int, int, int, int, int, int, int, float, float, cudnn::reduced_divisor, bool, float*, float*, int2, cudnnActivationStruct, int, int)",797,207.11805746157467
512,139,conv1_7x7_s2,"void fft2d_r2c_32x32<float, false, 0u, false>(float2*, float const*, int, int, int, int, int, int, int, int, int, cudnn::reduced_divisor, bool, int2, int, int)",796,41.219881144001256
512,139,conv1_7x7_s2,volta_gcgemm_32x32_nt,796,145.84907324709485
512,139,conv2_5x5,"void cudnn::winograd_nonfused::winogradForwardData9x9_5x5<float, float>(cudnn::winograd_nonfused::WinogradDataParams<float, float>)",1,11256.0654296875
512,139,conv2_5x5,"void cudnn::winograd_nonfused::winogradForwardFilter9x9_5x5<float, float>(cudnn::winograd_nonfused::WinogradFilterParams<float, float>)",1,9.6640625
512,139,conv2_5x5,"void cudnn::winograd_nonfused::winogradForwardOutput9x9_5x5<float, float>(cudnn::winograd_nonfused::WinogradOutputParams<float, float>)",1,14717.337890625
512,139,conv2_5x5,volta_sgemm_128x64_nn,1,10817.8935546875
512,139,conv3_3x3_s2,_5x_cudnn_volta_scudnn_128x128_relu_medium_nn_v1,1,19552.35546875
512,139,conv3_3x3_s2,"void cask__5x_cudnn::computeOffsetsKernel<false, false>(cask__5x_cudnn::ComputeOffsetsParams)",1,3.4560546875
512,139,conv4_1x1,volta_sgemm_128x64_nn,1,9228.2158203125
512,139,conv5_3x3_s2,_5x_cudnn_volta_scudnn_128x64_relu_xregs_large_nn_v1,1,41120.9443359375
512,139,conv5_3x3_s2,"void cask__5x_cudnn::computeOffsetsKernel<false, false>(cask__5x_cudnn::ComputeOffsetsParams)",1,3.423828125
512,139,conv6_1x1,_5x_cudnn_volta_scudnn_128x64_relu_small_nn_v1,1,10550.12109375
512,139,conv6_1x1,"void cask__5x_cudnn::computeOffsetsKernel<false, false>(cask__5x_cudnn::ComputeOffsetsParams)",1,3.7119140625
512,139,fc1,Memset (Device),1,0.7041015625
512,139,fc1,volta_sgemm_64x32_sliced1x4_tn,1,32.736328125
512,139,fc2,volta_sgemm_32x32_sliced1x4_tn,1,17.6962890625
512,139,gap,"void at::native::reduce_kernel<512, 1, at::native::ReduceOp<float, at::native::MeanOps<float, float, float, float>, unsigned int, float, 4, 4> >(at::native::ReduceOp<float, at::native::MeanOps<float, float, float, float>, unsigned int, float, 4, 4>)",1,1107.603515625
512,139,maxpool1,"void at::native::(anonymous namespace)::max_pool_forward_nchw<float, int>(int, float const*, long, long, long, int, int, int, int, int, int, int, int, int, int, float*, long*)",1,9595.890625
512,139,relu1,"void at::native::vectorized_elementwise_kernel<4, at::native::(anonymous namespace)::launch_clamp_scalar(at::TensorIteratorBase&, c10::Scalar, c10::Scalar, at::native::detail::ClampLimits)::{lambda()#1}::operator()() const::{lambda()#7}::operator()() const::{lambda(float)#1}, std::array<char*, 2ul> >(int, at::native::(anonymous namespace)::launch_clamp_scalar(at::TensorIteratorBase&, c10::Scalar, c10::Scalar, at::native::detail::ClampLimits)::{lambda()#1}::operator()() const::{lambda()#7}::operator()() const::{lambda(float)#1}, std::array<char*, 2ul>)",1,9691.474609375
512,139,relu2,"void at::native::vectorized_elementwise_kernel<4, at::native::(anonymous namespace)::launch_clamp_scalar(at::TensorIteratorBase&, c10::Scalar, c10::Scalar, at::native::detail::ClampLimits)::{lambda()#1}::operator()() const::{lambda()#7}::operator()() const::{lambda(float)#1}, std::array<char*, 2ul> >(int, at::native::(anonymous namespace)::launch_clamp_scalar(at::TensorIteratorBase&, c10::Scalar, c10::Scalar, at::native::detail::ClampLimits)::{lambda()#1}::operator()() const::{lambda()#7}::operator()() const::{lambda(float)#1}, std::array<char*, 2ul>)",1,4844.4892578125
512,139,relu3,"void at::native::vectorized_elementwise_kernel<4, at::native::(anonymous namespace)::launch_clamp_scalar(at::TensorIteratorBase&, c10::Scalar, c10::Scalar, at::native::detail::ClampLimits)::{lambda()#1}::operator()() const::{lambda()#7}::operator()() const::{lambda(float)#1}, std::array<char*, 2ul> >(int, at::native::(anonymous namespace)::launch_clamp_scalar(at::TensorIteratorBase&, c10::Scalar, c10::Scalar, at::native::detail::ClampLimits)::{lambda()#1}::operator()() const::{lambda()#7}::operator()() const::{lambda(float)#1}, std::array<char*, 2ul>)",1,2421.0927734375
512,139,relu4,"void at::native::vectorized_elementwise_kernel<4, at::native::(anonymous namespace)::launch_clamp_scalar(at::TensorIteratorBase&, c10::Scalar, c10::Scalar, at::native::detail::ClampLimits)::{lambda()#1}::operator()() const::{lambda()#7}::operator()() const::{lambda(float)#1}, std::array<char*, 2ul> >(int, at::native::(anonymous namespace)::launch_clamp_scalar(at::TensorIteratorBase&, c10::Scalar, c10::Scalar, at::native::detail::ClampLimits)::{lambda()#1}::operator()() const::{lambda()#7}::operator()() const::{lambda(float)#1}, std::array<char*, 2ul>)",1,4848.361328125
512,139,relu5,"void at::native::vectorized_elementwise_kernel<4, at::native::(anonymous namespace)::launch_clamp_scalar(at::TensorIteratorBase&, c10::Scalar, c10::Scalar, at::native::detail::ClampLimits)::{lambda()#1}::operator()() const::{lambda()#7}::operator()() const::{lambda(float)#1}, std::array<char*, 2ul> >(int, at::native::(anonymous namespace)::launch_clamp_scalar(at::TensorIteratorBase&, c10::Scalar, c10::Scalar, at::native::detail::ClampLimits)::{lambda()#1}::operator()() const::{lambda()#7}::operator()() const::{lambda(float)#1}, std::array<char*, 2ul>)",1,1208.115234375
512,139,relu6,"void at::native::vectorized_elementwise_kernel<4, at::native::(anonymous namespace)::launch_clamp_scalar(at::TensorIteratorBase&, c10::Scalar, c10::Scalar, at::native::detail::ClampLimits)::{lambda()#1}::operator()() const::{lambda()#7}::operator()() const::{lambda(float)#1}, std::array<char*, 2ul> >(int, at::native::(anonymous namespace)::launch_clamp_scalar(at::TensorIteratorBase&, c10::Scalar, c10::Scalar, at::native::detail::ClampLimits)::{lambda()#1}::operator()() const::{lambda()#7}::operator()() const::{lambda(float)#1}, std::array<char*, 2ul>)",1,2426.3720703125
512,139,relu7,"void at::native::vectorized_elementwise_kernel<4, at::native::(anonymous namespace)::launch_clamp_scalar(at::TensorIteratorBase&, c10::Scalar, c10::Scalar, at::native::detail::ClampLimits)::{lambda()#1}::operator()() const::{lambda()#7}::operator()() const::{lambda(float)#1}, std::array<char*, 2ul> >(int, at::native::(anonymous namespace)::launch_clamp_scalar(at::TensorIteratorBase&, c10::Scalar, c10::Scalar, at::native::detail::ClampLimits)::{lambda()#1}::operator()() const::{lambda()#7}::operator()() const::{lambda(float)#1}, std::array<char*, 2ul>)",1,3.51953125
512,256,conv1_7x7_s2,"void fft2d_c2r_32x32<float, true, false, 0u, false, false>(float*, float2 const*, int, int, int, int, int, int, int, int, int, float, float, cudnn::reduced_divisor, bool, float*, float*, int2, cudnnActivationStruct, int, int)",799,393.8338328183667
512,256,conv1_7x7_s2,"void fft2d_r2c_32x32<float, false, 0u, false>(float2*, float const*, int, int, int, int, int, int, int, int, int, cudnn::reduced_divisor, bool, int2, int, int)",799,82.4337648623279
512,256,conv1_7x7_s2,"void fft2d_r2c_32x32<float, false, 1u, true>(float2*, float const*, int, int, int, int, int, int, int, int, int, cudnn::reduced_divisor, bool, int2, int, int)",1,20.9912109375
512,256,conv1_7x7_s2,volta_gcgemm_32x32_nt,798,238.86895950814537
512,256,conv2_5x5,"void cudnn::winograd_nonfused::winogradForwardData9x9_5x5<float, float>(cudnn::winograd_nonfused::WinogradDataParams<float, float>)",1,20152.83203125
512,256,conv2_5x5,"void cudnn::winograd_nonfused::winogradForwardFilter9x9_5x5<float, float>(cudnn::winograd_nonfused::WinogradFilterParams<float, float>)",1,9.919921875
512,256,conv2_5x5,"void cudnn::winograd_nonfused::winogradForwardOutput9x9_5x5<float, float>(cudnn::winograd_nonfused::WinogradOutputParams<float, float>)",1,28960.990234375
512,256,conv2_5x5,volta_sgemm_128x64_nn,1,17549.7578125
512,256,conv3_3x3_s2,_5x_cudnn_volta_scudnn_128x128_relu_medium_nn_v1,1,38466.1962890625
512,256,conv3_3x3_s2,"void cask__5x_cudnn::computeOffsetsKernel<false, false>(cask__5x_cudnn::ComputeOffsetsParams)",1,3.744140625
512,256,conv4_1x1,volta_sgemm_128x64_nn,1,17071.009765625
512,256,conv5_3x3_s2,_5x_cudnn_volta_scudnn_128x64_relu_xregs_large_nn_v1,1,77531.138671875
512,256,conv5_3x3_s2,"void cask__5x_cudnn::computeOffsetsKernel<false, false>(cask__5x_cudnn::ComputeOffsetsParams)",1,3.6484375
512,256,conv6_1x1,_5x_cudnn_volta_scudnn_128x64_relu_small_nn_v1,1,19783.1728515625
512,256,conv6_1x1,"void cask__5x_cudnn::computeOffsetsKernel<false, false>(cask__5x_cudnn::ComputeOffsetsParams)",1,3.6484375
512,256,fc1,"void cublasLt::splitKreduce_kernel<32, 16, int, float, float, float, float, false, float, float, float, true, true, false>(cublasLt::cublasSplitKParams<float>, float const*, float const*, float*, float*, float const*, float const*, float const*, float const*, float*, void*, long, float*, int*, float*, float*, float const*, float const*, float const*, float const*, float const*)",1,7.8076171875
512,256,fc1,volta_sgemm_128x64_tn,1,38.87890625
512,256,fc2,"void cublasLt::splitKreduce_kernel<32, 16, int, float, float, float, float, false, float, float, float, true, true, false>(cublasLt::cublasSplitKParams<float>, float const*, float const*, float*, float*, float const*, float const*, float const*, float const*, float*, void*, long, float*, int*, float*, float*, float const*, float const*, float const*, float const*, float const*)",1,4.9599609375
512,256,fc2,volta_sgemm_32x128_tn,1,17.50390625
512,256,gap,"void at::native::reduce_kernel<512, 1, at::native::ReduceOp<float, at::native::MeanOps<float, float, float, float>, unsigned int, float, 4, 4> >(at::native::ReduceOp<float, at::native::MeanOps<float, float, float, float>, unsigned int, float, 4, 4>)",1,2023.8818359375
512,256,maxpool1,"void at::native::(anonymous namespace)::max_pool_forward_nchw<float, int>(int, float const*, long, long, long, int, int, int, int, int, int, int, int, int, int, float*, long*)",1,16548.9365234375
512,256,relu1,"void at::native::vectorized_elementwise_kernel<4, at::native::(anonymous namespace)::launch_clamp_scalar(at::TensorIteratorBase&, c10::Scalar, c10::Scalar, at::native::detail::ClampLimits)::{lambda()#1}::operator()() const::{lambda()#7}::operator()() const::{lambda(float)#1}, std::array<char*, 2ul> >(int, at::native::(anonymous namespace)::launch_clamp_scalar(at::TensorIteratorBase&, c10::Scalar, c10::Scalar, at::native::detail::ClampLimits)::{lambda()#1}::operator()() const::{lambda()#7}::operator()() const::{lambda(float)#1}, std::array<char*, 2ul>)",1,17940.7275390625
512,256,relu2,"void at::native::vectorized_elementwise_kernel<4, at::native::(anonymous namespace)::launch_clamp_scalar(at::TensorIteratorBase&, c10::Scalar, c10::Scalar, at::native::detail::ClampLimits)::{lambda()#1}::operator()() const::{lambda()#7}::operator()() const::{lambda(float)#1}, std::array<char*, 2ul> >(int, at::native::(anonymous namespace)::launch_clamp_scalar(at::TensorIteratorBase&, c10::Scalar, c10::Scalar, at::native::detail::ClampLimits)::{lambda()#1}::operator()() const::{lambda()#7}::operator()() const::{lambda(float)#1}, std::array<char*, 2ul>)",1,8918.3974609375
512,256,relu3,"void at::native::vectorized_elementwise_kernel<4, at::native::(anonymous namespace)::launch_clamp_scalar(at::TensorIteratorBase&, c10::Scalar, c10::Scalar, at::native::detail::ClampLimits)::{lambda()#1}::operator()() const::{lambda()#7}::operator()() const::{lambda(float)#1}, std::array<char*, 2ul> >(int, at::native::(anonymous namespace)::launch_clamp_scalar(at::TensorIteratorBase&, c10::Scalar, c10::Scalar, at::native::detail::ClampLimits)::{lambda()#1}::operator()() const::{lambda()#7}::operator()() const::{lambda(float)#1}, std::array<char*, 2ul>)",1,4475.21484375
512,256,relu4,"void at::native::vectorized_elementwise_kernel<4, at::native::(anonymous namespace)::launch_clamp_scalar(at::TensorIteratorBase&, c10::Scalar, c10::Scalar, at::native::detail::ClampLimits)::{lambda()#1}::operator()() const::{lambda()#7}::operator()() const::{lambda(float)#1}, std::array<char*, 2ul> >(int, at::native::(anonymous namespace)::launch_clamp_scalar(at::TensorIteratorBase&, c10::Scalar, c10::Scalar, at::native::detail::ClampLimits)::{lambda()#1}::operator()() const::{lambda()#7}::operator()() const::{lambda(float)#1}, std::array<char*, 2ul>)",1,8921.8525390625
512,256,relu5,"void at::native::vectorized_elementwise_kernel<4, at::native::(anonymous namespace)::launch_clamp_scalar(at::TensorIteratorBase&, c10::Scalar, c10::Scalar, at::native::detail::ClampLimits)::{lambda()#1}::operator()() const::{lambda()#7}::operator()() const::{lambda(float)#1}, std::array<char*, 2ul> >(int, at::native::(anonymous namespace)::launch_clamp_scalar(at::TensorIteratorBase&, c10::Scalar, c10::Scalar, at::native::detail::ClampLimits)::{lambda()#1}::operator()() const::{lambda()#7}::operator()() const::{lambda(float)#1}, std::array<char*, 2ul>)",1,2227.8154296875
512,256,relu6,"void at::native::vectorized_elementwise_kernel<4, at::native::(anonymous namespace)::launch_clamp_scalar(at::TensorIteratorBase&, c10::Scalar, c10::Scalar, at::native::detail::ClampLimits)::{lambda()#1}::operator()() const::{lambda()#7}::operator()() const::{lambda(float)#1}, std::array<char*, 2ul> >(int, at::native::(anonymous namespace)::launch_clamp_scalar(at::TensorIteratorBase&, c10::Scalar, c10::Scalar, at::native::detail::ClampLimits)::{lambda()#1}::operator()() const::{lambda()#7}::operator()() const::{lambda(float)#1}, std::array<char*, 2ul>)",1,4461.2314453125
512,256,relu7,"void at::native::vectorized_elementwise_kernel<4, at::native::(anonymous namespace)::launch_clamp_scalar(at::TensorIteratorBase&, c10::Scalar, c10::Scalar, at::native::detail::ClampLimits)::{lambda()#1}::operator()() const::{lambda()#7}::operator()() const::{lambda(float)#1}, std::array<char*, 2ul> >(int, at::native::(anonymous namespace)::launch_clamp_scalar(at::TensorIteratorBase&, c10::Scalar, c10::Scalar, at::native::detail::ClampLimits)::{lambda()#1}::operator()() const::{lambda()#7}::operator()() const::{lambda(float)#1}, std::array<char*, 2ul>)",1,3.3916015625
